{"models":[{"id":"Lexus_CT_200h","name":"CT 200h","niceName":"ct-200h","years":[{"id":100531231,"year":2011,"styles":[{"id":101286113,"name":"4dr Hatchback (1.8L 4cyl gas/electric hybrid CVT)","submodel":{"body":"Hatchback","modelName":"CT 200h Hatchback","niceName":"hatchback"},"trim":"Base"},{"id":101380344,"name":"Premium 4dr Hatchback (1.8L 4cyl gas/electric hybrid CVT)","submodel":{"body":"Hatchback","modelName":"CT 200h Hatchback","niceName":"hatchback"},"trim":"Premium"}]},{"id":100537990,"year":2012,"styles":[{"id":101411350,"name":"Premium 4dr Hatchback (1.8L 4cyl gas/electric hybrid CVT)","submodel":{"body":"Hatchback","modelName":"CT 200h Hatchback","niceName":"hatchback"},"trim":"Premium"},{"id":101411349,"name":"4dr Hatchback (1.8L 4cyl gas/electric hybrid CVT)","submodel":{"body":"Hatchback","modelName":"CT 200h Hatchback","niceName":"hatchback"},"trim":"Base"}]},{"id":200437666,"year":2013,"styles":[{"id":200437667,"name":"4dr Hatchback (1.8L 4cyl gas/electric hybrid CVT)","submodel":{"body":"Hatchback","modelName":"CT 200h Hatchback","niceName":"hatchback"},"trim":"Base"}]},{"id":200673683,"year":2014,"styles":[{"id":200673684,"name":"4dr Hatchback (1.8L 4cyl gas/electric hybrid CVT)","submodel":{"body":"Hatchback","modelName":"CT 200h Hatchback","niceName":"hatchback"},"trim":"Base"}]},{"id":200706556,"year":2015,"styles":[{"id":200706557,"name":"4dr Hatchback (1.8L 4cyl gas/electric hybrid CVT)","submodel":{"body":"Hatchback","modelName":"CT 200h Hatchback","niceName":"hatchback"},"trim":"Base"}]},{"id":200747263,"year":2016,"styles":[{"id":200747290,"name":"4dr Hatchback (1.8L 4cyl gas/electric hybrid CVT)","submodel":{"body":"Hatchback","modelName":"CT 200h Hatchback","niceName":"hatchback"},"trim":"Base"}]}]},{"id":"Lexus_ES_250","name":"ES 250","niceName":"es-250","years":[{"id":2029,"year":1990,"styles":[{"id":2898,"name":"4dr Sedan","submodel":{"body":"Sedan","modelName":"ES 250 Sedan","niceName":"sedan"},"trim":"Base"}]},{"id":2030,"year":1991,"styles":[{"id":2896,"name":"4dr Sedan","submodel":{"body":"Sedan","modelName":"ES 250 Sedan","niceName":"sedan"},"trim":"Base"}]}]},{"id":"Lexus_ES_300","name":"ES 300","niceName":"es-300","years":[{"id":1886,"year":1992,"styles":[{"id":2894,"name":"4dr Sedan","submodel":{"body":"Sedan","modelName":"ES 300 Sedan","niceName":"sedan"},"trim":"Base"}]},{"id":1887,"year":1993,"styles":[{"id":2890,"name":"4dr Sedan","submodel":{"body":"Sedan","modelName":"ES 300 Sedan","niceName":"sedan"},"trim":"Base"}]},{"id":1888,"year":1994,"styles":[{"id":2885,"name":"4dr Sedan","submodel":{"body":"Sedan","modelName":"ES 300 Sedan","niceName":"sedan"},"trim":"Base"}]},{"id":1889,"year":1995,"styles":[{"id":2880,"name":"4dr Sedan","submodel":{"body":"Sedan","modelName":"ES 300 Sedan","niceName":"sedan"},"trim":"Base"}]},{"id":1890,"year":1996,"styles":[{"id":2875,"name":"4dr Sedan","submodel":{"body":"Sedan","modelName":"ES 300 Sedan","niceName":"sedan"},"trim":"Base"}]},{"id":3561,"year":1997,"styles":[{"id":173,"name":"4dr Sedan","submodel":{"body":"Sedan","modelName":"ES 300 Sedan","niceName":"sedan"},"trim":"Base"}]},{"id":1891,"year":1998,"styles":[{"id":12890,"name":"4dr Sedan","submodel":{"body":"Sedan","modelName":"ES 300 Sedan","niceName":"sedan"},"trim":"Base"}]},{"id":3562,"year":1999,"styles":[{"id":12254,"name":"4dr Sedan","submodel":{"body":"Sedan","modelName":"ES 300 Sedan","niceName":"sedan"},"trim":"Base"}]},{"id":1038,"year":2000,"styles":[{"id":2812,"name":"4dr Sedan","submodel":{"body":"Sedan","modelName":"ES 300 Sedan","niceName":"sedan"},"trim":"Base"}]},{"id":100000160,"year":2001,"styles":[{"id":100001412,"name":"4dr Sedan (3.0L 6cyl 4A)","submodel":{"body":"Sedan","modelName":"ES 300 Sedan","niceName":"sedan"},"trim":"Base"}]},{"id":100000432,"year":2002,"styles":[{"id":100003424,"name":"4dr Sedan (3.0L 6cyl 5A)","submodel":{"body":"Sedan","modelName":"ES 300 Sedan","niceName":"sedan"},"trim":"Base"}]},{"id":100502836,"year":2003,"styles":[{"id":100137061,"name":"4dr Sedan (3.0L 6cyl 5A)","submodel":{"body":"Sedan","modelName":"ES 300 Sedan","niceName":"sedan"},"trim":"Base"}]}]},{"id":"Lexus_ES_300h","name":"ES 300h","niceName":"es-300h","years":[{"id":200429078,"year":2013,"styles":[{"id":101426944,"name":"4dr Sedan (2.5L 4cyl gas/electric hybrid CVT)","submodel":{"body":"Sedan","modelName":"ES 300h Sedan","niceName":"sedan"},"trim":"Base"}]},{"id":200491101,"year":2014,"styles":[{"id":200491102,"name":"4dr Sedan (2.5L 4cyl gas/electric hybrid CVT)","submodel":{"body":"Sedan","modelName":"ES 300h Sedan","niceName":"sedan"},"trim":"Base"}]},{"id":200712379,"year":2015,"styles":[{"id":200712380,"name":"4dr Sedan (2.5L 4cyl gas/electric hybrid CVT)","submodel":{"body":"Sedan","modelName":"ES 300h Sedan","niceName":"sedan"},"trim":"Base"}]},{"id":200746206,"year":2016,"styles":[{"id":200746207,"name":"4dr Sedan (2.5L 4cyl gas/electric hybrid CVT)","submodel":{"body":"Sedan","modelName":"ES 300h Sedan","niceName":"sedan"},"trim":"Base"}]}]},{"id":"Lexus_ES_330","name":"ES 330","niceName":"es-330","years":[{"id":100503543,"year":2004,"styles":[{"id":100322064,"name":"4dr Sedan (3.3L 6cyl 5A)","submodel":{"body":"Sedan","modelName":"ES 330 Sedan","niceName":"sedan"},"trim":"Base"}]},{"id":100504603,"year":2005,"styles":[{"id":100401983,"name":"4dr Sedan (3.3L 6cyl 5A)","submodel":{"body":"Sedan","modelName":"ES 330 Sedan","niceName":"sedan"},"trim":"Base"}]},{"id":100506523,"year":2006,"styles":[{"id":100610387,"name":"4dr Sedan (3.3L 6cyl 5A)","submodel":{"body":"Sedan","modelName":"ES 330 Sedan","niceName":"sedan"},"trim":"Base"}]}]},{"id":"Lexus_ES_350","name":"ES 350","niceName":"es-350","years":[{"id":100506512,"year":2007,"styles":[{"id":100705024,"name":"4dr Sedan (3.5L 6cyl 6A)","submodel":{"body":"Sedan","modelName":"ES 350 Sedan","niceName":"sedan"},"trim":"Base"}]},{"id":100523789,"year":2008,"styles":[{"id":100903612,"name":"4dr Sedan (3.5L 6cyl 6A)","submodel":{"body":"Sedan","modelName":"ES 350 Sedan","niceName":"sedan"},"trim":"Base"}]},{"id":100525671,"year":2009,"styles":[{"id":101038874,"name":"4dr Sedan (3.5L 6cyl 6A)","submodel":{"body":"Sedan","modelName":"ES 350 Sedan","niceName":"sedan"},"trim":"Base"}]},{"id":100529650,"year":2010,"styles":[{"id":101215242,"name":"4dr Sedan (3.5L 6cyl 6A)","submodel":{"body":"Sedan","modelName":"ES 350 Sedan","niceName":"sedan"},"trim":"Base"}]},{"id":100533011,"year":2011,"styles":[{"id":101352623,"name":"4dr Sedan (3.5L 6cyl 6A)","submodel":{"body":"Sedan","modelName":"ES 350 Sedan","niceName":"sedan"},"trim":"Base"}]},{"id":100537330,"year":2012,"styles":[{"id":101405029,"name":"4dr Sedan (3.5L 6cyl 6A)","submodel":{"body":"Sedan","modelName":"ES 350 Sedan","niceName":"sedan"},"trim":"Base"}]},{"id":100539469,"year":2013,"styles":[{"id":101426942,"name":"4dr Sedan (3.5L 6cyl 6A)","submodel":{"body":"Sedan","modelName":"ES 350 Sedan","niceName":"sedan"},"trim":"Base"}]},{"id":200491099,"year":2014,"styles":[{"id":200491100,"name":"4dr Sedan (3.5L 6cyl 6A)","submodel":{"body":"Sedan","modelName":"ES 350 Sedan","niceName":"sedan"},"trim":"Base"}]},{"id":200712378,"year":2015,"styles":[{"id":200724649,"name":"Crafted Line 4dr Sedan (3.5L 6cyl 6A)","submodel":{"body":"Sedan","modelName":"ES 350 Sedan","niceName":"sedan"},"trim":"Crafted Line"},{"id":200712381,"name":"4dr Sedan (3.5L 6cyl 6A)","submodel":{"body":"Sedan","modelName":"ES 350 Sedan","niceName":"sedan"},"trim":"Base"}]},{"id":200745233,"year":2016,"styles":[{"id":200745234,"name":"4dr Sedan (3.5L 6cyl 6A)","submodel":{"body":"Sedan","modelName":"ES 350 Sedan","niceName":"sedan"},"trim":"Base"}]}]},{"id":"Lexus_GS_200t","name":"GS 200t","niceName":"gs-200t","years":[{"id":401611403,"year":2016,"styles":[{"id":401611456,"name":"4dr Sedan (2.0L 4cyl Turbo 8A)","submodel":{"body":"Sedan","modelName":"GS 200t Sedan","niceName":"sedan"},"trim":"Base"},{"id":401611455,"name":"F SPORT 4dr Sedan (2.0L 4cyl Turbo 8A)","submodel":{"body":"Sedan","modelName":"GS 200t Sedan","niceName":"sedan"},"trim":"F SPORT"}]}]},{"id":"Lexus_GS_300","name":"GS 300","niceName":"gs-300","years":[{"id":692,"year":1993,"styles":[{"id":2887,"name":"4dr Sedan","submodel":{"body":"Sedan","modelName":"GS 300 Sedan","niceName":"sedan"},"trim":"Base"}]},{"id":1892,"year":1994,"styles":[{"id":2882,"name":"4dr Sedan","submodel":{"body":"Sedan","modelName":"GS 300 Sedan","niceName":"sedan"},"trim":"Base"}]},{"id":1893,"year":1995,"styles":[{"id":2877,"name":"4dr Sedan","submodel":{"body":"Sedan","modelName":"GS 300 Sedan","niceName":"sedan"},"trim":"Base"}]},{"id":693,"year":1996,"styles":[{"id":2872,"name":"4dr Sedan","submodel":{"body":"Sedan","modelName":"GS 300 Sedan","niceName":"sedan"},"trim":"Base"}]},{"id":3564,"year":1997,"styles":[{"id":174,"name":"4dr Sedan","submodel":{"body":"Sedan","modelName":"GS 300 Sedan","niceName":"sedan"},"trim":"Base"}]},{"id":1894,"year":1998,"styles":[{"id":12892,"name":"4dr Sedan","submodel":{"body":"Sedan","modelName":"GS 300 Sedan","niceName":"sedan"},"trim":"Base"}]},{"id":3563,"year":1999,"styles":[{"id":11519,"name":"4dr Sedan","submodel":{"body":"Sedan","modelName":"GS 300 Sedan","niceName":"sedan"},"trim":"Base"}]},{"id":1039,"year":2000,"styles":[{"id":2813,"name":"4dr Sedan","submodel":{"body":"Sedan","modelName":"GS 300 Sedan","niceName":"sedan"},"trim":"Base"}]},{"id":100000157,"year":2001,"styles":[{"id":100001413,"name":"4dr Sedan (3.0L 6cyl 5A)","submodel":{"body":"Sedan","modelName":"GS 300 Sedan","niceName":"sedan"},"trim":"Base"}]},{"id":100000428,"year":2002,"styles":[{"id":100003417,"name":"4dr Sedan (3.0L 6cyl 5A)","submodel":{"body":"Sedan","modelName":"GS 300 Sedan","niceName":"sedan"},"trim":"Base"}]},{"id":100502837,"year":2003,"styles":[{"id":100099829,"name":"4dr Sedan (3.0L 6cyl 5A)","submodel":{"body":"Sedan","modelName":"GS 300 Sedan","niceName":"sedan"},"trim":"Base"}]},{"id":100503544,"year":2004,"styles":[{"id":100320391,"name":"4dr Sedan (3.0L 6cyl 5A)","submodel":{"body":"Sedan","modelName":"GS 300 Sedan","niceName":"sedan"},"trim":"Base"}]},{"id":100504862,"year":2005,"styles":[{"id":100425022,"name":"4dr Sedan (3.0L 6cyl 5A)","submodel":{"body":"Sedan","modelName":"GS 300 Sedan","niceName":"sedan"},"trim":"Base"}]},{"id":100505467,"year":2006,"styles":[{"id":100508673,"name":"4dr Sedan (3.0L 6cyl 6A)","submodel":{"body":"Sedan","modelName":"GS 300 Sedan","niceName":"sedan"},"trim":"Base"},{"id":100508722,"name":"4dr Sedan AWD (3.0L 6cyl 6A)","submodel":{"body":"Sedan","modelName":"GS 300 Sedan","niceName":"sedan"},"trim":"Base"}]}]},{"id":"Lexus_GS_350","name":"GS 350","niceName":"gs-350","years":[{"id":100519205,"year":2007,"styles":[{"id":100778750,"name":"4dr Sedan (3.5L 6cyl 6A)","submodel":{"body":"Sedan","modelName":"GS 350 Sedan","niceName":"sedan"},"trim":"Base"},{"id":100778751,"name":"4dr Sedan AWD (3.5L 6cyl 6A)","submodel":{"body":"Sedan","modelName":"GS 350 Sedan","niceName":"sedan"},"trim":"Base"}]},{"id":100524274,"year":2008,"styles":[{"id":100943573,"name":"4dr Sedan AWD (3.5L 6cyl 6A)","submodel":{"body":"Sedan","modelName":"GS 350 Sedan","niceName":"sedan"},"trim":"Base"},{"id":100943572,"name":"4dr Sedan (3.5L 6cyl 6A)","submodel":{"body":"Sedan","modelName":"GS 350 Sedan","niceName":"sedan"},"trim":"Base"}]},{"id":100525672,"year":2009,"styles":[{"id":101077191,"name":"4dr Sedan AWD (3.5L 6cyl 6A)","submodel":{"body":"Sedan","modelName":"GS 350 Sedan","niceName":"sedan"},"trim":"Base"},{"id":101077190,"name":"4dr Sedan (3.5L 6cyl 6A)","submodel":{"body":"Sedan","modelName":"GS 350 Sedan","niceName":"sedan"},"trim":"Base"}]},{"id":100530249,"year":2010,"styles":[{"id":101244033,"name":"4dr Sedan AWD (3.5L 6cyl 6A)","submodel":{"body":"Sedan","modelName":"GS 350 Sedan","niceName":"sedan"},"trim":"Base"},{"id":101244032,"name":"4dr Sedan (3.5L 6cyl 6A)","submodel":{"body":"Sedan","modelName":"GS 350 Sedan","niceName":"sedan"},"trim":"Base"}]},{"id":100532690,"year":2011,"styles":[{"id":101347616,"name":"4dr Sedan AWD (3.5L 6cyl 6A)","submodel":{"body":"Sedan","modelName":"GS 350 Sedan","niceName":"sedan"},"trim":"Base"},{"id":101347615,"name":"4dr Sedan (3.5L 6cyl 6A)","submodel":{"body":"Sedan","modelName":"GS 350 Sedan","niceName":"sedan"},"trim":"Base"}]},{"id":100536230,"year":2013,"styles":[{"id":101420861,"name":"4dr Sedan AWD (3.5L 6cyl 6A)","submodel":{"body":"Sedan","modelName":"GS 350 Sedan","niceName":"sedan"},"trim":"Base"},{"id":101398300,"name":"4dr Sedan (3.5L 6cyl 6A)","submodel":{"body":"Sedan","modelName":"GS 350 Sedan","niceName":"sedan"},"trim":"Base"}]},{"id":200491442,"year":2014,"styles":[{"id":200491443,"name":"4dr Sedan AWD (3.5L 6cyl 6A)","submodel":{"body":"Sedan","modelName":"GS 350 Sedan","niceName":"sedan"},"trim":"Base"},{"id":200491444,"name":"4dr Sedan (3.5L 6cyl 8A)","submodel":{"body":"Sedan","modelName":"GS 350 Sedan","niceName":"sedan"},"trim":"Base"}]},{"id":200714455,"year":2015,"styles":[{"id":200714457,"name":"4dr Sedan AWD (3.5L 6cyl 6A)","submodel":{"body":"Sedan","modelName":"GS 350 Sedan","niceName":"sedan"},"trim":"Base"},{"id":200724652,"name":"Crafted Line 4dr Sedan (3.5L 6cyl 8A)","submodel":{"body":"Sedan","modelName":"GS 350 Sedan","niceName":"sedan"},"trim":"Crafted Line"},{"id":200724651,"name":"Crafted Line 4dr Sedan AWD (3.5L 6cyl 6A)","submodel":{"body":"Sedan","modelName":"GS 350 Sedan","niceName":"sedan"},"trim":"Crafted Line"},{"id":200714456,"name":"4dr Sedan (3.5L 6cyl 8A)","submodel":{"body":"Sedan","modelName":"GS 350 Sedan","niceName":"sedan"},"trim":"Base"}]},{"id":401611547,"year":2016,"styles":[{"id":401611548,"name":"4dr Sedan AWD (3.5L 6cyl 6A)","submodel":{"body":"Sedan","modelName":"GS 350 Sedan","niceName":"sedan"},"trim":"Base"},{"id":401611549,"name":"4dr Sedan (3.5L 6cyl 8A)","submodel":{"body":"Sedan","modelName":"GS 350 Sedan","niceName":"sedan"},"trim":"Base"},{"id":401611550,"name":"F SPORT 4dr Sedan (3.5L 6cyl 8A)","submodel":{"body":"Sedan","modelName":"GS 350 Sedan","niceName":"sedan"},"trim":"F SPORT"}]}]},{"id":"Lexus_GS_400","name":"GS 400","niceName":"gs-400","years":[{"id":100503394,"year":1998,"styles":[{"id":12894,"name":"4dr Sedan","submodel":{"body":"Sedan","modelName":"GS 400 Sedan","niceName":"sedan"},"trim":"Base"}]},{"id":100503404,"year":1999,"styles":[{"id":13729,"name":"4dr Sedan","submodel":{"body":"Sedan","modelName":"GS 400 Sedan","niceName":"sedan"},"trim":"Base"}]},{"id":100503417,"year":2000,"styles":[{"id":2814,"name":"4dr Sedan","submodel":{"body":"Sedan","modelName":"GS 400 Sedan","niceName":"sedan"},"trim":"Base"}]}]},{"id":"Lexus_GS_430","name":"GS 430","niceName":"gs-430","years":[{"id":100000162,"year":2001,"styles":[{"id":100001414,"name":"4dr Sedan (4.3L 8cyl 5A)","submodel":{"body":"Sedan","modelName":"GS 430 Sedan","niceName":"sedan"},"trim":"Base"}]},{"id":100000427,"year":2002,"styles":[{"id":100003416,"name":"4dr Sedan (4.3L 8cyl 5A)","submodel":{"body":"Sedan","modelName":"GS 430 Sedan","niceName":"sedan"},"trim":"Base"}]},{"id":100502838,"year":2003,"styles":[{"id":100122408,"name":"4dr Sedan (4.3L 8cyl 5A)","submodel":{"body":"Sedan","modelName":"GS 430 Sedan","niceName":"sedan"},"trim":"Base"}]},{"id":100503545,"year":2004,"styles":[{"id":100320491,"name":"4dr Sedan (4.3L 8cyl 5A)","submodel":{"body":"Sedan","modelName":"GS 430 Sedan","niceName":"sedan"},"trim":"Base"}]},{"id":100504863,"year":2005,"styles":[{"id":100425153,"name":"4dr Sedan (4.3L 8cyl 5A)","submodel":{"body":"Sedan","modelName":"GS 430 Sedan","niceName":"sedan"},"trim":"Base"}]},{"id":100503280,"year":2006,"styles":[{"id":100509388,"name":"4dr Sedan (4.3L 8cyl 6A)","submodel":{"body":"Sedan","modelName":"GS 430 Sedan","niceName":"sedan"},"trim":"Base"}]},{"id":100519204,"year":2007,"styles":[{"id":100778718,"name":"4dr Sedan (4.3L 8cyl 6A)","submodel":{"body":"Sedan","modelName":"GS 430 Sedan","niceName":"sedan"},"trim":"Base"}]}]},{"id":"Lexus_GS_450h","name":"GS 450h","niceName":"gs-450h","years":[{"id":100505774,"year":2007,"styles":[{"id":100700963,"name":"4dr Sedan (3.5L 6cyl gas/electric hybrid CVT)","submodel":{"body":"Sedan","modelName":"GS 450h Sedan","niceName":"sedan"},"trim":"Base"}]},{"id":100524275,"year":2008,"styles":[{"id":100943606,"name":"4dr Sedan (3.5L 6cyl gas/electric hybrid CVT)","submodel":{"body":"Sedan","modelName":"GS 450h Sedan","niceName":"sedan"},"trim":"Base"}]},{"id":100526230,"year":2009,"styles":[{"id":101077286,"name":"4dr Sedan (3.5L 6cyl gas/electric hybrid CVT)","submodel":{"body":"Sedan","modelName":"GS 450h Sedan","niceName":"sedan"},"trim":"Base"}]},{"id":100530371,"year":2010,"styles":[{"id":101250221,"name":"4dr Sedan (3.5L 6cyl gas/electric hybrid CVT)","submodel":{"body":"Sedan","modelName":"GS 450h Sedan","niceName":"sedan"},"trim":"Base"}]},{"id":100532691,"year":2011,"styles":[{"id":101347718,"name":"4dr Sedan (3.5L 6cyl gas/electric hybrid CVT)","submodel":{"body":"Sedan","modelName":"GS 450h Sedan","niceName":"sedan"},"trim":"Base"}]},{"id":100536329,"year":2013,"styles":[{"id":101398299,"name":"4dr Sedan (3.5L 6cyl gas/electric hybrid CVT)","submodel":{"body":"Sedan","modelName":"GS 450h Sedan","niceName":"sedan"},"trim":"Base"}]},{"id":200491445,"year":2014,"styles":[{"id":200491446,"name":"4dr Sedan (3.5L 6cyl gas/electric hybrid CVT)","submodel":{"body":"Sedan","modelName":"GS 450h Sedan","niceName":"sedan"},"trim":"Base"}]},{"id":200714969,"year":2015,"styles":[{"id":200714970,"name":"4dr Sedan (3.5L 6cyl gas/electric hybrid CVT)","submodel":{"body":"Sedan","modelName":"GS 450h Sedan","niceName":"sedan"},"trim":"Base"}]},{"id":401583471,"year":2016,"styles":[{"id":401583476,"name":"4dr Sedan (3.5L 6cyl gas/electric hybrid CVT)","submodel":{"body":"Sedan","modelName":"GS 450h Sedan","niceName":"sedan"},"trim":"Base"}]}]},{"id":"Lexus_GS_460","name":"GS 460","niceName":"gs-460","years":[{"id":100524269,"year":2008,"styles":[{"id":100943632,"name":"4dr Sedan (4.6L 8cyl 8A)","submodel":{"body":"Sedan","modelName":"GS 460 Sedan","niceName":"sedan"},"trim":"Base"}]},{"id":100525673,"year":2009,"styles":[{"id":101077262,"name":"4dr Sedan (4.6L 8cyl 8A)","submodel":{"body":"Sedan","modelName":"GS 460 Sedan","niceName":"sedan"},"trim":"Base"}]},{"id":100530370,"year":2010,"styles":[{"id":101250197,"name":"4dr Sedan (4.6L 8cyl 8A)","submodel":{"body":"Sedan","modelName":"GS 460 Sedan","niceName":"sedan"},"trim":"Base"}]},{"id":100532692,"year":2011,"styles":[{"id":101347739,"name":"4dr Sedan (4.6L 8cyl 8A)","submodel":{"body":"Sedan","modelName":"GS 460 Sedan","niceName":"sedan"},"trim":"Base"}]}]},{"id":"Lexus_GS_F","name":"GS F","niceName":"gs-f","years":[{"id":200724405,"year":2016,"styles":[{"id":200724406,"name":"4dr Sedan (5.0L 8cyl 8A)","submodel":{"body":"Sedan","modelName":"GS F Sedan","niceName":"sedan"},"trim":"Base"}]}]},{"id":"Lexus_GX_460","name":"GX 460","niceName":"gx-460","years":[{"id":100529169,"year":2010,"styles":[{"id":101203356,"name":"4dr SUV 4WD (4.6L 8cyl 6A)","submodel":{"body":"SUV","modelName":"GX 460 SUV","niceName":"suv"},"trim":"Base"},{"id":101266477,"name":"Premium 4dr SUV 4WD (4.6L 8cyl 6A)","submodel":{"body":"SUV","modelName":"GX 460 SUV","niceName":"suv"},"trim":"Premium"}]},{"id":100533089,"year":2011,"styles":[{"id":101353835,"name":"Premium 4dr SUV 4WD (4.6L 8cyl 6A)","submodel":{"body":"SUV","modelName":"GX 460 SUV","niceName":"suv"},"trim":"Premium"},{"id":101353834,"name":"4dr SUV 4WD (4.6L 8cyl 6A)","submodel":{"body":"SUV","modelName":"GX 460 SUV","niceName":"suv"},"trim":"Base"}]},{"id":100537529,"year":2012,"styles":[{"id":101406760,"name":"Premium 4dr SUV 4WD (4.6L 8cyl 6A)","submodel":{"body":"SUV","modelName":"GX 460 SUV","niceName":"suv"},"trim":"Premium"},{"id":101406759,"name":"4dr SUV 4WD (4.6L 8cyl 6A)","submodel":{"body":"SUV","modelName":"GX 460 SUV","niceName":"suv"},"trim":"Base"}]},{"id":200424194,"year":2013,"styles":[{"id":200424195,"name":"4dr SUV 4WD (4.6L 8cyl 6A)","submodel":{"body":"SUV","modelName":"GX 460 SUV","niceName":"suv"},"trim":"Base"},{"id":200424196,"name":"Premium 4dr SUV 4WD (4.6L 8cyl 6A)","submodel":{"body":"SUV","modelName":"GX 460 SUV","niceName":"suv"},"trim":"Premium"}]},{"id":200493311,"year":2014,"styles":[{"id":200493312,"name":"Luxury 4dr SUV 4WD (4.6L 8cyl 6A)","submodel":{"body":"SUV","modelName":"GX 460 SUV","niceName":"suv"},"trim":"Luxury"},{"id":200493313,"name":"4dr SUV 4WD (4.6L 8cyl 6A)","submodel":{"body":"SUV","modelName":"GX 460 SUV","niceName":"suv"},"trim":"Base"}]},{"id":200707983,"year":2015,"styles":[{"id":200707985,"name":"4dr SUV 4WD (4.6L 8cyl 6A)","submodel":{"body":"SUV","modelName":"GX 460 SUV","niceName":"suv"},"trim":"Base"},{"id":200707984,"name":"Luxury 4dr SUV 4WD (4.6L 8cyl 6A)","submodel":{"body":"SUV","modelName":"GX 460 SUV","niceName":"suv"},"trim":"Luxury"}]},{"id":200747262,"year":2016,"styles":[{"id":200747264,"name":"4dr SUV 4WD (4.6L 8cyl 6A)","submodel":{"body":"SUV","modelName":"GX 460 SUV","niceName":"suv"},"trim":"Base"},{"id":200747265,"name":"Luxury 4dr SUV 4WD (4.6L 8cyl 6A)","submodel":{"body":"SUV","modelName":"GX 460 SUV","niceName":"suv"},"trim":"Luxury"}]}]},{"id":"Lexus_GX_470","name":"GX 470","niceName":"gx-470","years":[{"id":100502663,"year":2003,"styles":[{"id":100197200,"name":"4WD 4dr SUV (4.7L 8cyl 5A)","submodel":{"body":"SUV","modelName":"GX 470 SUV","niceName":"suv"},"trim":"Base"}]},{"id":100503546,"year":2004,"styles":[{"id":100321877,"name":"4WD 4dr SUV (4.7L 8cyl 5A)","submodel":{"body":"SUV","modelName":"GX 470 SUV","niceName":"suv"},"trim":"Base"}]},{"id":100505198,"year":2005,"styles":[{"id":100481357,"name":"4WD 4dr SUV (4.7L 8cyl 5A)","submodel":{"body":"SUV","modelName":"GX 470 SUV","niceName":"suv"},"trim":"Base"}]},{"id":100506524,"year":2006,"styles":[{"id":100610405,"name":"4dr SUV 4WD (4.7L 8cyl 5A)","submodel":{"body":"SUV","modelName":"GX 470 SUV","niceName":"suv"},"trim":"Base"}]},{"id":100519206,"year":2007,"styles":[{"id":100782208,"name":"4dr SUV 4WD (4.7L 8cyl 5A)","submodel":{"body":"SUV","modelName":"GX 470 SUV","niceName":"suv"},"trim":"Base"}]},{"id":100523790,"year":2008,"styles":[{"id":100903649,"name":"4dr SUV 4WD (4.7L 8cyl 5A)","submodel":{"body":"SUV","modelName":"GX 470 SUV","niceName":"suv"},"trim":"Base"}]},{"id":100525677,"year":2009,"styles":[{"id":101038911,"name":"4dr SUV 4WD (4.7L 8cyl 5A)","submodel":{"body":"SUV","modelName":"GX 470 SUV","niceName":"suv"},"trim":"Base"}]}]},{"id":"Lexus_HS_250h","name":"HS 250h","niceName":"hs-250h","years":[{"id":100526989,"year":2010,"styles":[{"id":101187213,"name":"Premium 4dr Sedan (2.4L 4cyl gas/electric hybrid CVT)","submodel":{"body":"Sedan","modelName":"HS 250h Sedan","niceName":"sedan"},"trim":"Premium"},{"id":101137287,"name":"4dr Sedan (2.4L 4cyl gas/electric hybrid CVT)","submodel":{"body":"Sedan","modelName":"HS 250h Sedan","niceName":"sedan"},"trim":"Base"}]},{"id":100533369,"year":2011,"styles":[{"id":101361016,"name":"4dr Sedan (2.4L 4cyl gas/electric hybrid CVT)","submodel":{"body":"Sedan","modelName":"HS 250h Sedan","niceName":"sedan"},"trim":"Base"},{"id":101361017,"name":"Premium 4dr Sedan (2.4L 4cyl gas/electric hybrid CVT)","submodel":{"body":"Sedan","modelName":"HS 250h Sedan","niceName":"sedan"},"trim":"Premium"}]},{"id":100537750,"year":2012,"styles":[{"id":101407975,"name":"Premium 4dr Sedan (2.4L 4cyl gas/electric hybrid CVT)","submodel":{"body":"Sedan","modelName":"HS 250h Sedan","niceName":"sedan"},"trim":"Premium"},{"id":101407974,"name":"4dr Sedan (2.4L 4cyl gas/electric hybrid CVT)","submodel":{"body":"Sedan","modelName":"HS 250h Sedan","niceName":"sedan"},"trim":"Base"}]}]},{"id":"Lexus_IS_200t","name":"IS 200t","niceName":"is-200t","years":[{"id":200747202,"year":2016,"styles":[{"id":200747208,"name":"4dr Sedan (2.0L 4cyl Turbo 8A)","submodel":{"body":"Sedan","modelName":"IS 200t Sedan","niceName":"sedan"},"trim":"Base"}]}]},{"id":"Lexus_IS_250","name":"IS 250","niceName":"is-250","years":[{"id":100506779,"year":2006,"styles":[{"id":100649800,"name":"4dr Sedan (2.5L 6cyl 6M)","submodel":{"body":"Sedan","modelName":"IS 250 Sedan","niceName":"sedan"},"trim":"Base"},{"id":100649801,"name":"4dr Sedan (2.5L 6cyl 6A)","submodel":{"body":"Sedan","modelName":"IS 250 Sedan","niceName":"sedan"},"trim":"Base"},{"id":100649802,"name":"4dr Sedan AWD (2.5L 6cyl 6A)","submodel":{"body":"Sedan","modelName":"IS 250 Sedan","niceName":"sedan"},"trim":"Base"}]},{"id":100519207,"year":2007,"styles":[{"id":100778047,"name":"4dr Sedan (2.5L 6cyl 6M)","submodel":{"body":"Sedan","modelName":"IS 250 Sedan","niceName":"sedan"},"trim":"Base"},{"id":100778048,"name":"4dr Sedan (2.5L 6cyl 6A)","submodel":{"body":"Sedan","modelName":"IS 250 Sedan","niceName":"sedan"},"trim":"Base"},{"id":100778049,"name":"4dr Sedan AWD (2.5L 6cyl 6A)","submodel":{"body":"Sedan","modelName":"IS 250 Sedan","niceName":"sedan"},"trim":"Base"}]},{"id":100523950,"year":2008,"styles":[{"id":100908539,"name":"4dr Sedan AWD (2.5L 6cyl 6A)","submodel":{"body":"Sedan","modelName":"IS 250 Sedan","niceName":"sedan"},"trim":"Base"},{"id":100908538,"name":"4dr Sedan (2.5L 6cyl 6A)","submodel":{"body":"Sedan","modelName":"IS 250 Sedan","niceName":"sedan"},"trim":"Base"},{"id":100908537,"name":"4dr Sedan (2.5L 6cyl 6M)","submodel":{"body":"Sedan","modelName":"IS 250 Sedan","niceName":"sedan"},"trim":"Base"}]},{"id":100525669,"year":2009,"styles":[{"id":101038948,"name":"4dr Sedan AWD (2.5L 6cyl 6A)","submodel":{"body":"Sedan","modelName":"IS 250 Sedan","niceName":"sedan"},"trim":"Base"},{"id":101038947,"name":"4dr Sedan (2.5L 6cyl 6A)","submodel":{"body":"Sedan","modelName":"IS 250 Sedan","niceName":"sedan"},"trim":"Base"},{"id":101038946,"name":"4dr Sedan (2.5L 6cyl 6M)","submodel":{"body":"Sedan","modelName":"IS 250 Sedan","niceName":"sedan"},"trim":"Base"}]},{"id":100529249,"year":2010,"styles":[{"id":101205383,"name":"4dr Sedan (2.5L 6cyl 6A)","submodel":{"body":"Sedan","modelName":"IS 250 Sedan","niceName":"sedan"},"trim":"Base"},{"id":101205384,"name":"4dr Sedan AWD (2.5L 6cyl 6A)","submodel":{"body":"Sedan","modelName":"IS 250 Sedan","niceName":"sedan"},"trim":"Base"},{"id":101205382,"name":"4dr Sedan (2.5L 6cyl 6M)","submodel":{"body":"Sedan","modelName":"IS 250 Sedan","niceName":"sedan"},"trim":"Base"}]},{"id":100533009,"year":2011,"styles":[{"id":101352065,"name":"4dr Sedan (2.5L 6cyl 6M)","submodel":{"body":"Sedan","modelName":"IS 250 Sedan","niceName":"sedan"},"trim":"Base"},{"id":101352066,"name":"4dr Sedan (2.5L 6cyl 6A)","submodel":{"body":"Sedan","modelName":"IS 250 Sedan","niceName":"sedan"},"trim":"Base"},{"id":101352237,"name":"4dr Sedan AWD (2.5L 6cyl 6A)","submodel":{"body":"Sedan","modelName":"IS 250 Sedan","niceName":"sedan"},"trim":"Base"}]},{"id":100537389,"year":2012,"styles":[{"id":101405534,"name":"4dr Sedan (2.5L 6cyl 6M)","submodel":{"body":"Sedan","modelName":"IS 250 Sedan","niceName":"sedan"},"trim":"Base"},{"id":101405535,"name":"4dr Sedan (2.5L 6cyl 6A)","submodel":{"body":"Sedan","modelName":"IS 250 Sedan","niceName":"sedan"},"trim":"Base"},{"id":101405536,"name":"4dr Sedan AWD (2.5L 6cyl 6A)","submodel":{"body":"Sedan","modelName":"IS 250 Sedan","niceName":"sedan"},"trim":"Base"}]},{"id":200432924,"year":2013,"styles":[{"id":200432926,"name":"4dr Sedan (2.5L 6cyl 6A)","submodel":{"body":"Sedan","modelName":"IS 250 Sedan","niceName":"sedan"},"trim":"Base"},{"id":200432927,"name":"4dr Sedan AWD (2.5L 6cyl 6A)","submodel":{"body":"Sedan","modelName":"IS 250 Sedan","niceName":"sedan"},"trim":"Base"}]},{"id":200443783,"year":2014,"styles":[{"id":200443799,"name":"4dr Sedan (2.5L 6cyl 6A)","submodel":{"body":"Sedan","modelName":"IS 250 Sedan","niceName":"sedan"},"trim":"Base"},{"id":200470761,"name":"4dr Sedan AWD (2.5L 6cyl 6A)","submodel":{"body":"Sedan","modelName":"IS 250 Sedan","niceName":"sedan"},"trim":"Base"}]},{"id":200705855,"year":2015,"styles":[{"id":200724654,"name":"Crafted Line 4dr Sedan AWD (2.5L 6cyl 6A)","submodel":{"body":"Sedan","modelName":"IS 250 Sedan","niceName":"sedan"},"trim":"Crafted Line"},{"id":200724655,"name":"Crafted Line 4dr Sedan (2.5L 6cyl 6A)","submodel":{"body":"Sedan","modelName":"IS 250 Sedan","niceName":"sedan"},"trim":"Crafted Line"},{"id":200705858,"name":"4dr Sedan AWD (2.5L 6cyl 6A)","submodel":{"body":"Sedan","modelName":"IS 250 Sedan","niceName":"sedan"},"trim":"Base"},{"id":200705857,"name":"4dr Sedan (2.5L 6cyl 6A)","submodel":{"body":"Sedan","modelName":"IS 250 Sedan","niceName":"sedan"},"trim":"Base"}]}]},{"id":"Lexus_IS_250_C","name":"IS 250 C","niceName":"is-250-c","years":[{"id":100527229,"year":2010,"styles":[{"id":101144590,"name":"2dr Convertible (2.5L 6cyl 6M)","submodel":{"body":"Convertible","modelName":"IS 250 C Convertible","niceName":"convertible"},"trim":"Base"},{"id":101162088,"name":"2dr Convertible (2.5L 6cyl 6A)","submodel":{"body":"Convertible","modelName":"IS 250 C Convertible","niceName":"convertible"},"trim":"Base"}]},{"id":100533013,"year":2011,"styles":[{"id":101352791,"name":"2dr Convertible (2.5L 6cyl 6M)","submodel":{"body":"Convertible","modelName":"IS 250 C Convertible","niceName":"convertible"},"trim":"Base"},{"id":101352792,"name":"2dr Convertible (2.5L 6cyl 6A)","submodel":{"body":"Convertible","modelName":"IS 250 C Convertible","niceName":"convertible"},"trim":"Base"}]},{"id":100538249,"year":2012,"styles":[{"id":101413439,"name":"2dr Convertible (2.5L 6cyl 6M)","submodel":{"body":"Convertible","modelName":"IS 250 C Convertible","niceName":"convertible"},"trim":"Base"},{"id":101413440,"name":"2dr Convertible (2.5L 6cyl 6A)","submodel":{"body":"Convertible","modelName":"IS 250 C Convertible","niceName":"convertible"},"trim":"Base"}]},{"id":200441459,"year":2013,"styles":[{"id":200441460,"name":"2dr Convertible (2.5L 6cyl 6A)","submodel":{"body":"Convertible","modelName":"IS 250 C Convertible","niceName":"convertible"},"trim":"Base"}]},{"id":200492532,"year":2014,"styles":[{"id":200492533,"name":"2dr Convertible (2.5L 6cyl 6A)","submodel":{"body":"Convertible","modelName":"IS 250 C Convertible","niceName":"convertible"},"trim":"Base"}]},{"id":200711006,"year":2015,"styles":[{"id":200711034,"name":"2dr Convertible (2.5L 6cyl 6A)","submodel":{"body":"Convertible","modelName":"IS 250 C Convertible","niceName":"convertible"},"trim":"Base"}]}]},{"id":"Lexus_IS_300","name":"IS 300","niceName":"is-300","years":[{"id":100000161,"year":2001,"styles":[{"id":100001415,"name":"4dr Sedan (3.0L 6cyl 5A)","submodel":{"body":"Sedan","modelName":"IS 300 Sedan","niceName":"sedan"},"trim":"Base"}]},{"id":100000431,"year":2002,"styles":[{"id":100003421,"name":"E-Shift 4dr Sedan (3.0L 6cyl 5A)","submodel":{"body":"Sedan","modelName":"IS 300 Sedan","niceName":"sedan"},"trim":"E-Shift"},{"id":100003422,"name":"4dr Sedan (3.0L 6cyl 5M)","submodel":{"body":"Sedan","modelName":"IS 300 Sedan","niceName":"sedan"},"trim":"Base"},{"id":100003423,"name":"SportCross 4dr Wagon (3.0L 6cyl 5A)","submodel":{"body":"Wagon","modelName":"IS 300 Wagon","niceName":"wagon"},"trim":"SportCross"}]},{"id":100502839,"year":2003,"styles":[{"id":100172547,"name":"4dr Sedan (3.0L 6cyl 5M)","submodel":{"body":"Sedan","modelName":"IS 300 Sedan","niceName":"sedan"},"trim":"Base"},{"id":100172540,"name":"E-Shift 4dr Sedan (3.0L 6cyl 5A)","submodel":{"body":"Sedan","modelName":"IS 300 Sedan","niceName":"sedan"},"trim":"E-Shift"},{"id":100172558,"name":"SportCross 4dr Wagon (3.0L 6cyl 5A)","submodel":{"body":"Wagon","modelName":"IS 300 Wagon","niceName":"wagon"},"trim":"SportCross"}]},{"id":100503547,"year":2004,"styles":[{"id":100320607,"name":"E-Shift 4dr Sedan (3.0L 6cyl 5A)","submodel":{"body":"Sedan","modelName":"IS 300 Sedan","niceName":"sedan"},"trim":"E-Shift"},{"id":100320608,"name":"4dr Sedan (3.0L 6cyl 5M)","submodel":{"body":"Sedan","modelName":"IS 300 Sedan","niceName":"sedan"},"trim":"Base"},{"id":100320635,"name":"SportCross 4dr Wagon (3.0L 6cyl 5A)","submodel":{"body":"Wagon","modelName":"IS 300 Wagon","niceName":"wagon"},"trim":"SportCross"}]},{"id":100504865,"year":2005,"styles":[{"id":100425208,"name":"4dr Sedan (3.0L 6cyl 5M)","submodel":{"body":"Sedan","modelName":"IS 300 Sedan","niceName":"sedan"},"trim":"Base"},{"id":100425207,"name":"E-Shift 4dr Sedan (3.0L 6cyl 5A)","submodel":{"body":"Sedan","modelName":"IS 300 Sedan","niceName":"sedan"},"trim":"E-Shift"},{"id":100425209,"name":"SportCross 4dr Wagon (3.0L 6cyl 5A)","submodel":{"body":"Wagon","modelName":"IS 300 Wagon","niceName":"wagon"},"trim":"SportCross"}]},{"id":200747203,"year":2016,"styles":[{"id":200747207,"name":"4dr Sedan AWD (3.5L 6cyl 6A)","submodel":{"body":"Sedan","modelName":"IS 300 Sedan","niceName":"sedan"},"trim":"Base"}]}]},{"id":"Lexus_IS_350","name":"IS 350","niceName":"is-350","years":[{"id":100506780,"year":2006,"styles":[{"id":100649803,"name":"4dr Sedan (3.5L 6cyl 6A)","submodel":{"body":"Sedan","modelName":"IS 350 Sedan","niceName":"sedan"},"trim":"Base"}]},{"id":100519208,"year":2007,"styles":[{"id":100778075,"name":"4dr Sedan (3.5L 6cyl 6A)","submodel":{"body":"Sedan","modelName":"IS 350 Sedan","niceName":"sedan"},"trim":"Base"}]},{"id":100523951,"year":2008,"styles":[{"id":100908580,"name":"4dr Sedan (3.5L 6cyl 6A)","submodel":{"body":"Sedan","modelName":"IS 350 Sedan","niceName":"sedan"},"trim":"Base"}]},{"id":100524390,"year":2009,"styles":[{"id":101038987,"name":"4dr Sedan (3.5L 6cyl 6A)","submodel":{"body":"Sedan","modelName":"IS 350 Sedan","niceName":"sedan"},"trim":"Base"}]},{"id":100529250,"year":2010,"styles":[{"id":101205397,"name":"4dr Sedan (3.5L 6cyl 6A)","submodel":{"body":"Sedan","modelName":"IS 350 Sedan","niceName":"sedan"},"trim":"Base"}]},{"id":100529575,"year":2011,"styles":[{"id":101352209,"name":"4dr Sedan AWD (3.5L 6cyl 6A)","submodel":{"body":"Sedan","modelName":"IS 350 Sedan","niceName":"sedan"},"trim":"Base"},{"id":101213339,"name":"4dr Sedan (3.5L 6cyl 6A)","submodel":{"body":"Sedan","modelName":"IS 350 Sedan","niceName":"sedan"},"trim":"Base"}]},{"id":100537409,"year":2012,"styles":[{"id":101405710,"name":"4dr Sedan AWD (3.5L 6cyl 6A)","submodel":{"body":"Sedan","modelName":"IS 350 Sedan","niceName":"sedan"},"trim":"Base"},{"id":101405709,"name":"4dr Sedan (3.5L 6cyl 6A)","submodel":{"body":"Sedan","modelName":"IS 350 Sedan","niceName":"sedan"},"trim":"Base"}]},{"id":200432925,"year":2013,"styles":[{"id":200432929,"name":"4dr Sedan AWD (3.5L 6cyl 6A)","submodel":{"body":"Sedan","modelName":"IS 350 Sedan","niceName":"sedan"},"trim":"Base"},{"id":200432928,"name":"4dr Sedan (3.5L 6cyl 6A)","submodel":{"body":"Sedan","modelName":"IS 350 Sedan","niceName":"sedan"},"trim":"Base"}]},{"id":200443784,"year":2014,"styles":[{"id":200470762,"name":"4dr Sedan AWD (3.5L 6cyl 6A)","submodel":{"body":"Sedan","modelName":"IS 350 Sedan","niceName":"sedan"},"trim":"Base"},{"id":200443803,"name":"4dr Sedan (3.5L 6cyl 8A)","submodel":{"body":"Sedan","modelName":"IS 350 Sedan","niceName":"sedan"},"trim":"Base"}]},{"id":200705856,"year":2015,"styles":[{"id":200705860,"name":"4dr Sedan (3.5L 6cyl 8A)","submodel":{"body":"Sedan","modelName":"IS 350 Sedan","niceName":"sedan"},"trim":"Base"},{"id":200705859,"name":"4dr Sedan AWD (3.5L 6cyl 6A)","submodel":{"body":"Sedan","modelName":"IS 350 Sedan","niceName":"sedan"},"trim":"Base"}]},{"id":200747204,"year":2016,"styles":[{"id":200747206,"name":"4dr Sedan AWD (3.5L 6cyl 6A)","submodel":{"body":"Sedan","modelName":"IS 350 Sedan","niceName":"sedan"},"trim":"Base"},{"id":200747205,"name":"4dr Sedan (3.5L 6cyl 8A)","submodel":{"body":"Sedan","modelName":"IS 350 Sedan","niceName":"sedan"},"trim":"Base"}]}]},{"id":"Lexus_IS_350_C","name":"IS 350 C","niceName":"is-350-c","years":[{"id":100526320,"year":2010,"styles":[{"id":101144437,"name":"2dr Convertible (3.5L 6cyl 6A)","submodel":{"body":"Convertible","modelName":"IS 350 C Convertible","niceName":"convertible"},"trim":"Base"}]},{"id":100533014,"year":2011,"styles":[{"id":101352786,"name":"2dr Convertible (3.5L 6cyl 6A)","submodel":{"body":"Convertible","modelName":"IS 350 C Convertible","niceName":"convertible"},"trim":"Base"}]},{"id":100538250,"year":2012,"styles":[{"id":101413477,"name":"2dr Convertible (3.5L 6cyl 6A)","submodel":{"body":"Convertible","modelName":"IS 350 C Convertible","niceName":"convertible"},"trim":"Base"}]},{"id":200441509,"year":2013,"styles":[{"id":200441510,"name":"2dr Convertible (3.5L 6cyl 6A)","submodel":{"body":"Convertible","modelName":"IS 350 C Convertible","niceName":"convertible"},"trim":"Base"}]},{"id":200492534,"year":2014,"styles":[{"id":200492535,"name":"2dr Convertible (3.5L 6cyl 6A)","submodel":{"body":"Convertible","modelName":"IS 350 C Convertible","niceName":"convertible"},"trim":"Base"}]},{"id":200711009,"year":2015,"styles":[{"id":200711035,"name":"2dr Convertible (3.5L 6cyl 6A)","submodel":{"body":"Convertible","modelName":"IS 350 C Convertible","niceName":"convertible"},"trim":"Base"}]}]},{"id":"Lexus_IS_F","name":"IS F","niceName":"is-f","years":[{"id":100507583,"year":2008,"styles":[{"id":100978217,"name":"4dr Sedan (5.0L 8cyl 8A)","submodel":{"body":"Sedan","modelName":"IS F Sedan","niceName":"sedan"},"trim":"Base"}]},{"id":100525670,"year":2009,"styles":[{"id":101039020,"name":"4dr Sedan (5.0L 8cyl 8A)","submodel":{"body":"Sedan","modelName":"IS F Sedan","niceName":"sedan"},"trim":"Base"}]},{"id":100529190,"year":2010,"styles":[{"id":101204604,"name":"4dr Sedan (5.0L 8cyl 8A)","submodel":{"body":"Sedan","modelName":"IS F Sedan","niceName":"sedan"},"trim":"Base"}]},{"id":100533010,"year":2011,"styles":[{"id":101352500,"name":"4dr Sedan (5.0L 8cyl 8A)","submodel":{"body":"Sedan","modelName":"IS F Sedan","niceName":"sedan"},"trim":"Base"}]},{"id":100537609,"year":2012,"styles":[{"id":101406924,"name":"4dr Sedan (5.0L 8cyl 8A)","submodel":{"body":"Sedan","modelName":"IS F Sedan","niceName":"sedan"},"trim":"Base"}]},{"id":200442773,"year":2013,"styles":[{"id":200442774,"name":"4dr Sedan (5.0L 8cyl 8A)","submodel":{"body":"Sedan","modelName":"IS F Sedan","niceName":"sedan"},"trim":"Base"}]},{"id":200492796,"year":2014,"styles":[{"id":200492797,"name":"4dr Sedan (5.0L 8cyl 8A)","submodel":{"body":"Sedan","modelName":"IS F Sedan","niceName":"sedan"},"trim":"Base"}]}]},{"id":"Lexus_LC_500","name":"LC 500","niceName":"lc-500","years":[{"id":401626457,"year":2018,"styles":[{"id":401626459,"name":"2dr Coupe","submodel":{"body":"Coupe","modelName":"LC 500 Coupe","niceName":"coupe"},"trim":"Base"}]}]},{"id":"Lexus_LFA","name":"LFA","niceName":"lfa","years":[{"id":100530309,"year":2012,"styles":[{"id":101249299,"name":"2dr Coupe (4.8L 10cyl 6AM)","submodel":{"body":"Coupe","modelName":"LFA Coupe","niceName":"coupe"},"trim":"Base"}]}]},{"id":"Lexus_LS_400","name":"LS 400","niceName":"ls-400","years":[{"id":1895,"year":1990,"styles":[{"id":2899,"name":"4dr Sedan","submodel":{"body":"Sedan","modelName":"LS 400 Sedan","niceName":"sedan"},"trim":"Base"}]},{"id":694,"year":1991,"styles":[{"id":2897,"name":"4dr Sedan","submodel":{"body":"Sedan","modelName":"LS 400 Sedan","niceName":"sedan"},"trim":"Base"}]},{"id":1896,"year":1992,"styles":[{"id":2895,"name":"4dr Sedan","submodel":{"body":"Sedan","modelName":"LS 400 Sedan","niceName":"sedan"},"trim":"Base"}]},{"id":1897,"year":1993,"styles":[{"id":2891,"name":"4dr Sedan","submodel":{"body":"Sedan","modelName":"LS 400 Sedan","niceName":"sedan"},"trim":"Base"}]},{"id":695,"year":1994,"styles":[{"id":2886,"name":"4dr Sedan","submodel":{"body":"Sedan","modelName":"LS 400 Sedan","niceName":"sedan"},"trim":"Base"}]},{"id":1898,"year":1995,"styles":[{"id":2881,"name":"4dr Sedan","submodel":{"body":"Sedan","modelName":"LS 400 Sedan","niceName":"sedan"},"trim":"Base"}]},{"id":1899,"year":1996,"styles":[{"id":2876,"name":"4dr Sedan","submodel":{"body":"Sedan","modelName":"LS 400 Sedan","niceName":"sedan"},"trim":"Base"}]},{"id":1900,"year":1997,"styles":[{"id":177,"name":"4dr Sedan","submodel":{"body":"Sedan","modelName":"LS 400 Sedan","niceName":"sedan"},"trim":"Base"},{"id":2929,"name":"Coach 4dr Sedan","submodel":{"body":"Sedan","modelName":"LS 400 Sedan","niceName":"sedan"},"trim":"Coach"}]},{"id":1901,"year":1998,"styles":[{"id":12896,"name":"4dr Sedan","submodel":{"body":"Sedan","modelName":"LS 400 Sedan","niceName":"sedan"},"trim":"Base"}]},{"id":3565,"year":1999,"styles":[{"id":4006,"name":"4dr Sedan","submodel":{"body":"Sedan","modelName":"LS 400 Sedan","niceName":"sedan"},"trim":"Base"}]},{"id":387,"year":2000,"styles":[{"id":1647,"name":"4dr Sedan","submodel":{"body":"Sedan","modelName":"LS 400 Sedan","niceName":"sedan"},"trim":"Base"}]}]},{"id":"Lexus_LS_430","name":"LS 430","niceName":"ls-430","years":[{"id":100000163,"year":2001,"styles":[{"id":100001416,"name":"4dr Sedan (4.3L 8cyl 5A)","submodel":{"body":"Sedan","modelName":"LS 430 Sedan","niceName":"sedan"},"trim":"Base"}]},{"id":100000429,"year":2002,"styles":[{"id":100003418,"name":"4dr Sedan (4.3L 8cyl 5A)","submodel":{"body":"Sedan","modelName":"LS 430 Sedan","niceName":"sedan"},"trim":"Base"}]},{"id":100502840,"year":2003,"styles":[{"id":100159991,"name":"4dr Sedan (4.3L 8cyl 5A)","submodel":{"body":"Sedan","modelName":"LS 430 Sedan","niceName":"sedan"},"trim":"Base"}]},{"id":100503170,"year":2004,"styles":[{"id":100322033,"name":"4dr Sedan (4.3L 8cyl 6A)","submodel":{"body":"Sedan","modelName":"LS 430 Sedan","niceName":"sedan"},"trim":"Base"}]},{"id":100504723,"year":2005,"styles":[{"id":100414130,"name":"4dr Sedan (4.3L 8cyl 6A)","submodel":{"body":"Sedan","modelName":"LS 430 Sedan","niceName":"sedan"},"trim":"Base"}]},{"id":100506325,"year":2006,"styles":[{"id":100574347,"name":"4dr Sedan (4.3L 8cyl 6A)","submodel":{"body":"Sedan","modelName":"LS 430 Sedan","niceName":"sedan"},"trim":"Base"}]}]},{"id":"Lexus_LS_460","name":"LS 460","niceName":"ls-460","years":[{"id":100505927,"year":2007,"styles":[{"id":100807644,"name":"L 4dr Sedan (4.6L 8cyl 8A)","submodel":{"body":"Sedan","modelName":"LS 460 Sedan","niceName":"sedan"},"trim":"L"},{"id":100807643,"name":"4dr Sedan (4.6L 8cyl 8A)","submodel":{"body":"Sedan","modelName":"LS 460 Sedan","niceName":"sedan"},"trim":"Base"}]},{"id":100523952,"year":2008,"styles":[{"id":100908613,"name":"L 4dr Sedan (4.6L 8cyl 8A)","submodel":{"body":"Sedan","modelName":"LS 460 Sedan","niceName":"sedan"},"trim":"L"},{"id":100908612,"name":"4dr Sedan (4.6L 8cyl 8A)","submodel":{"body":"Sedan","modelName":"LS 460 Sedan","niceName":"sedan"},"trim":"Base"}]},{"id":100525675,"year":2009,"styles":[{"id":101062594,"name":"4dr Sedan (4.6L 8cyl 8A)","submodel":{"body":"Sedan","modelName":"LS 460 Sedan","niceName":"sedan"},"trim":"Base"},{"id":101063976,"name":"L 4dr Sedan AWD (4.6L 8cyl 8A)","submodel":{"body":"Sedan","modelName":"LS 460 Sedan","niceName":"sedan"},"trim":"L"},{"id":101063975,"name":"L 4dr Sedan (4.6L 8cyl 8A)","submodel":{"body":"Sedan","modelName":"LS 460 Sedan","niceName":"sedan"},"trim":"L"},{"id":101063974,"name":"4dr Sedan AWD (4.6L 8cyl 8A)","submodel":{"body":"Sedan","modelName":"LS 460 Sedan","niceName":"sedan"},"trim":"Base"}]},{"id":100530330,"year":2010,"styles":[{"id":101250110,"name":"L 4dr Sedan (4.6L 8cyl 8A)","submodel":{"body":"Sedan","modelName":"LS 460 Sedan","niceName":"sedan"},"trim":"L"},{"id":101250109,"name":"4dr Sedan AWD (4.6L 8cyl 8A)","submodel":{"body":"Sedan","modelName":"LS 460 Sedan","niceName":"sedan"},"trim":"Base"},{"id":101250111,"name":"L 4dr Sedan AWD (4.6L 8cyl 8A)","submodel":{"body":"Sedan","modelName":"LS 460 Sedan","niceName":"sedan"},"trim":"L"},{"id":101250072,"name":"4dr Sedan (4.6L 8cyl 8A)","submodel":{"body":"Sedan","modelName":"LS 460 Sedan","niceName":"sedan"},"trim":"Base"}]},{"id":100533353,"year":2011,"styles":[{"id":101361048,"name":"L 4dr Sedan AWD (4.6L 8cyl 8A)","submodel":{"body":"Sedan","modelName":"LS 460 Sedan","niceName":"sedan"},"trim":"L"},{"id":101361047,"name":"L 4dr Sedan (4.6L 8cyl 8A)","submodel":{"body":"Sedan","modelName":"LS 460 Sedan","niceName":"sedan"},"trim":"L"},{"id":101360921,"name":"4dr Sedan AWD (4.6L 8cyl 8A)","submodel":{"body":"Sedan","modelName":"LS 460 Sedan","niceName":"sedan"},"trim":"Base"},{"id":101360920,"name":"4dr Sedan (4.6L 8cyl 8A)","submodel":{"body":"Sedan","modelName":"LS 460 Sedan","niceName":"sedan"},"trim":"Base"}]},{"id":100538509,"year":2012,"styles":[{"id":101415732,"name":"4dr Sedan (4.6L 8cyl 8A)","submodel":{"body":"Sedan","modelName":"LS 460 Sedan","niceName":"sedan"},"trim":"Base"},{"id":101415733,"name":"4dr Sedan AWD (4.6L 8cyl 8A)","submodel":{"body":"Sedan","modelName":"LS 460 Sedan","niceName":"sedan"},"trim":"Base"},{"id":101415734,"name":"L 4dr Sedan (4.6L 8cyl 8A)","submodel":{"body":"Sedan","modelName":"LS 460 Sedan","niceName":"sedan"},"trim":"L"},{"id":101415735,"name":"L 4dr Sedan AWD (4.6L 8cyl 8A)","submodel":{"body":"Sedan","modelName":"LS 460 Sedan","niceName":"sedan"},"trim":"L"}]},{"id":200431707,"year":2013,"styles":[{"id":200431708,"name":"4dr Sedan (4.6L 8cyl 8A)","submodel":{"body":"Sedan","modelName":"LS 460 Sedan","niceName":"sedan"},"trim":"Base"},{"id":200439741,"name":"L 4dr Sedan (4.6L 8cyl 8A)","submodel":{"body":"Sedan","modelName":"LS 460 Sedan","niceName":"sedan"},"trim":"L"},{"id":200439742,"name":"L 4dr Sedan AWD (4.6L 8cyl 8A)","submodel":{"body":"Sedan","modelName":"LS 460 Sedan","niceName":"sedan"},"trim":"L"},{"id":200439740,"name":"4dr Sedan AWD (4.6L 8cyl 8A)","submodel":{"body":"Sedan","modelName":"LS 460 Sedan","niceName":"sedan"},"trim":"Base"}]},{"id":200492235,"year":2014,"styles":[{"id":200492236,"name":"L 4dr Sedan AWD (4.6L 8cyl 8A)","submodel":{"body":"Sedan","modelName":"LS 460 Sedan","niceName":"sedan"},"trim":"L"},{"id":200492239,"name":"L 4dr Sedan (4.6L 8cyl 8A)","submodel":{"body":"Sedan","modelName":"LS 460 Sedan","niceName":"sedan"},"trim":"L"},{"id":200492238,"name":"4dr Sedan AWD (4.6L 8cyl 8A)","submodel":{"body":"Sedan","modelName":"LS 460 Sedan","niceName":"sedan"},"trim":"Base"},{"id":200492237,"name":"4dr Sedan (4.6L 8cyl 8A)","submodel":{"body":"Sedan","modelName":"LS 460 Sedan","niceName":"sedan"},"trim":"Base"}]},{"id":200719678,"year":2015,"styles":[{"id":200719680,"name":"4dr Sedan (4.6L 8cyl 8A)","submodel":{"body":"Sedan","modelName":"LS 460 Sedan","niceName":"sedan"},"trim":"Base"},{"id":200719726,"name":"4dr Sedan AWD (4.6L 8cyl 8A)","submodel":{"body":"Sedan","modelName":"LS 460 Sedan","niceName":"sedan"},"trim":"Base"},{"id":200719683,"name":"Crafted Line 4dr Sedan AWD (4.6L 8cyl 8A)","submodel":{"body":"Sedan","modelName":"LS 460 Sedan","niceName":"sedan"},"trim":"Crafted Line"},{"id":200719725,"name":"Crafted Line 4dr Sedan (4.6L 8cyl 8A)","submodel":{"body":"Sedan","modelName":"LS 460 Sedan","niceName":"sedan"},"trim":"Crafted Line"},{"id":200719681,"name":"L 4dr Sedan AWD (4.6L 8cyl 8A)","submodel":{"body":"Sedan","modelName":"LS 460 Sedan","niceName":"sedan"},"trim":"L"},{"id":200719682,"name":"L 4dr Sedan (4.6L 8cyl 8A)","submodel":{"body":"Sedan","modelName":"LS 460 Sedan","niceName":"sedan"},"trim":"L"}]},{"id":401580676,"year":2016,"styles":[{"id":401580677,"name":"4dr Sedan AWD (4.6L 8cyl 8A)","submodel":{"body":"Sedan","modelName":"LS 460 Sedan","niceName":"sedan"},"trim":"Base"},{"id":401580678,"name":"4dr Sedan (4.6L 8cyl 8A)","submodel":{"body":"Sedan","modelName":"LS 460 Sedan","niceName":"sedan"},"trim":"Base"},{"id":401580679,"name":"L 4dr Sedan AWD (4.6L 8cyl 8A)","submodel":{"body":"Sedan","modelName":"LS 460 Sedan","niceName":"sedan"},"trim":"L"},{"id":401580680,"name":"L 4dr Sedan (4.6L 8cyl 8A)","submodel":{"body":"Sedan","modelName":"LS 460 Sedan","niceName":"sedan"},"trim":"L"}]}]},{"id":"Lexus_LS_600h_L","name":"LS 600h L","niceName":"ls-600h-l","years":[{"id":100507720,"year":2008,"styles":[{"id":100874931,"name":"4dr Sedan AWD (5.0L 8cyl gas/electric hybrid CVT)","submodel":{"body":"Sedan","modelName":"LS 600h L Sedan","niceName":"sedan"},"trim":"Base"}]},{"id":100525676,"year":2009,"styles":[{"id":101062591,"name":"4dr Sedan AWD (5.0L 8cyl gas/electric hybrid CVT)","submodel":{"body":"Sedan","modelName":"LS 600h L Sedan","niceName":"sedan"},"trim":"Base"}]},{"id":100529729,"year":2010,"styles":[{"id":101216521,"name":"4dr Sedan AWD (5.0L 8cyl gas/electric hybrid CVT)","submodel":{"body":"Sedan","modelName":"LS 600h L Sedan","niceName":"sedan"},"trim":"Base"}]},{"id":100533411,"year":2011,"styles":[{"id":101362372,"name":"4dr Sedan AWD (5.0L 8cyl gas/electric hybrid CVT)","submodel":{"body":"Sedan","modelName":"LS 600h L Sedan","niceName":"sedan"},"trim":"Base"}]},{"id":100538150,"year":2012,"styles":[{"id":101412659,"name":"4dr Sedan AWD (5.0L 8cyl gas/electric hybrid CVT)","submodel":{"body":"Sedan","modelName":"LS 600h L Sedan","niceName":"sedan"},"trim":"Base"}]},{"id":200442806,"year":2013,"styles":[{"id":200442807,"name":"4dr Sedan AWD (5.0L 8cyl gas/electric hybrid CVT)","submodel":{"body":"Sedan","modelName":"LS 600h L Sedan","niceName":"sedan"},"trim":"Base"}]},{"id":200492246,"year":2014,"styles":[{"id":200492248,"name":"4dr Sedan AWD (5.0L 8cyl gas/electric hybrid CVT)","submodel":{"body":"Sedan","modelName":"LS 600h L Sedan","niceName":"sedan"},"trim":"Base"}]},{"id":200719679,"year":2015,"styles":[{"id":200720546,"name":"4dr Sedan AWD (5.0L 8cyl gas/electric hybrid CVT)","submodel":{"body":"Sedan","modelName":"LS 600h L Sedan","niceName":"sedan"},"trim":"Base"}]},{"id":401612857,"year":2016,"styles":[{"id":401612858,"name":"4dr Sedan AWD (5.0L 8cyl gas/electric hybrid CVT)","submodel":{"body":"Sedan","modelName":"LS 600h L Sedan","niceName":"sedan"},"trim":"Base"}]}]},{"id":"Lexus_LX_450","name":"LX 450","niceName":"lx-450","years":[{"id":1902,"year":1996,"styles":[{"id":2871,"name":"4dr SUV 4WD","submodel":{"body":"SUV","modelName":"LX 450 SUV","niceName":"suv"},"trim":"Base"}]},{"id":3566,"year":1997,"styles":[{"id":9349,"name":"4dr SUV 4WD","submodel":{"body":"SUV","modelName":"LX 450 SUV","niceName":"suv"},"trim":"Base"}]}]},{"id":"Lexus_LX_470","name":"LX 470","niceName":"lx-470","years":[{"id":1903,"year":1998,"styles":[{"id":8761,"name":"4dr SUV AWD","submodel":{"body":"SUV","modelName":"LX 470 SUV","niceName":"suv"},"trim":"Base"}]},{"id":3567,"year":1999,"styles":[{"id":7911,"name":"4dr SUV AWD","submodel":{"body":"SUV","modelName":"LX 470 SUV","niceName":"suv"},"trim":"Base"}]},{"id":1024,"year":2000,"styles":[{"id":12706,"name":"4dr SUV AWD","submodel":{"body":"SUV","modelName":"LX 470 SUV","niceName":"suv"},"trim":"Base"}]},{"id":100000156,"year":2001,"styles":[{"id":100001417,"name":"4WD 4dr SUV (4.7L 8cyl 4A)","submodel":{"body":"SUV","modelName":"LX 470 SUV","niceName":"suv"},"trim":"Base"}]},{"id":100000543,"year":2002,"styles":[{"id":100070483,"name":"4WD 4dr SUV (4.7L 8cyl 4A)","submodel":{"body":"SUV","modelName":"LX 470 SUV","niceName":"suv"},"trim":"Base"}]},{"id":100502841,"year":2003,"styles":[{"id":100164285,"name":"4WD 4dr SUV (4.7L 8cyl 5A)","submodel":{"body":"SUV","modelName":"LX 470 SUV","niceName":"suv"},"trim":"Base"}]},{"id":100503548,"year":2004,"styles":[{"id":100321684,"name":"4WD 4dr SUV (4.7L 8cyl 5A)","submodel":{"body":"SUV","modelName":"LX 470 SUV","niceName":"suv"},"trim":"Base"}]},{"id":100504724,"year":2005,"styles":[{"id":100414167,"name":"4WD 4dr SUV (4.7L 8cyl 5A)","submodel":{"body":"SUV","modelName":"LX 470 SUV","niceName":"suv"},"trim":"Base"}]},{"id":100505925,"year":2006,"styles":[{"id":100535498,"name":"4dr SUV 4WD (4.7L 8cyl 5A)","submodel":{"body":"SUV","modelName":"LX 470 SUV","niceName":"suv"},"trim":"Base"}]},{"id":100519202,"year":2007,"styles":[{"id":100782185,"name":"4dr SUV 4WD (4.7L 8cyl 5A)","submodel":{"body":"SUV","modelName":"LX 470 SUV","niceName":"suv"},"trim":"Base"}]}]},{"id":"Lexus_LX_570","name":"LX 570","niceName":"lx-570","years":[{"id":100522911,"year":2008,"styles":[{"id":100960822,"name":"4dr SUV 4WD (5.7L 8cyl 6A)","submodel":{"body":"SUV","modelName":"LX 570 SUV","niceName":"suv"},"trim":"Base"}]},{"id":100525678,"year":2009,"styles":[{"id":101039038,"name":"4dr SUV 4WD (5.7L 8cyl 6A)","submodel":{"body":"SUV","modelName":"LX 570 SUV","niceName":"suv"},"trim":"Base"}]},{"id":100530269,"year":2010,"styles":[{"id":101248847,"name":"4dr SUV 4WD (5.7L 8cyl 6A)","submodel":{"body":"SUV","modelName":"LX 570 SUV","niceName":"suv"},"trim":"Base"}]},{"id":100533169,"year":2011,"styles":[{"id":101355733,"name":"4dr SUV 4WD (5.7L 8cyl 6A)","submodel":{"body":"SUV","modelName":"LX 570 SUV","niceName":"suv"},"trim":"Base"}]},{"id":100539159,"year":2013,"styles":[{"id":101419737,"name":"4dr SUV 4WD (5.7L 8cyl 6A)","submodel":{"body":"SUV","modelName":"LX 570 SUV","niceName":"suv"},"trim":"Base"}]},{"id":200489288,"year":2014,"styles":[{"id":200489289,"name":"4dr SUV 4WD (5.7L 8cyl 6A)","submodel":{"body":"SUV","modelName":"LX 570 SUV","niceName":"suv"},"trim":"Base"}]},{"id":200714375,"year":2015,"styles":[{"id":200714376,"name":"4dr SUV 4WD (5.7L 8cyl 6A)","submodel":{"body":"SUV","modelName":"LX 570 SUV","niceName":"suv"},"trim":"Base"}]},{"id":401582735,"year":2016,"styles":[{"id":401582739,"name":"4dr SUV 4WD (5.7L 8cyl 8A)","submodel":{"body":"SUV","modelName":"LX 570 SUV","niceName":"suv"},"trim":"Base"}]}]},{"id":"Lexus_NX_200t","name":"NX 200t","niceName":"nx-200t","years":[{"id":200478487,"year":2015,"styles":[{"id":200721233,"name":"4dr SUV AWD (2.0L 4cyl Turbo 6A)","submodel":{"body":"SUV","modelName":"NX 200t SUV","niceName":"suv"},"trim":"Base"},{"id":200721234,"name":"F SPORT 4dr SUV AWD (2.0L 4cyl Turbo 6A)","submodel":{"body":"SUV","modelName":"NX 200t SUV","niceName":"suv"},"trim":"F SPORT"},{"id":200478488,"name":"4dr SUV (2.0L 4cyl Turbo 6A)","submodel":{"body":"SUV","modelName":"NX 200t SUV","niceName":"suv"},"trim":"Base"},{"id":200721232,"name":"F SPORT 4dr SUV (2.0L 4cyl Turbo 6A)","submodel":{"body":"SUV","modelName":"NX 200t SUV","niceName":"suv"},"trim":"F SPORT"}]},{"id":401610907,"year":2016,"styles":[{"id":401610912,"name":"4dr SUV (2.0L 4cyl Turbo 6A)","submodel":{"body":"SUV","modelName":"NX 200t SUV","niceName":"suv"},"trim":"Base"},{"id":401610911,"name":"4dr SUV AWD (2.0L 4cyl Turbo 6A)","submodel":{"body":"SUV","modelName":"NX 200t SUV","niceName":"suv"},"trim":"Base"},{"id":401610910,"name":"F SPORT 4dr SUV (2.0L 4cyl Turbo 6A)","submodel":{"body":"SUV","modelName":"NX 200t SUV","niceName":"suv"},"trim":"F SPORT"},{"id":401610909,"name":"F SPORT 4dr SUV AWD (2.0L 4cyl Turbo 6A)","submodel":{"body":"SUV","modelName":"NX 200t SUV","niceName":"suv"},"trim":"F SPORT"}]}]},{"id":"Lexus_NX_300h","name":"NX 300h","niceName":"nx-300h","years":[{"id":200478496,"year":2015,"styles":[{"id":200478497,"name":"4dr SUV (2.5L 4cyl gas/electric hybrid CVT)","submodel":{"body":"SUV","modelName":"NX 300h SUV","niceName":"suv"},"trim":"Base"},{"id":200721628,"name":"4dr SUV AWD (2.5L 4cyl gas/electric hybrid CVT)","submodel":{"body":"SUV","modelName":"NX 300h SUV","niceName":"suv"},"trim":"Base"}]},{"id":401610908,"year":2016,"styles":[{"id":401610913,"name":"4dr SUV (2.5L 4cyl gas/electric hybrid CVT)","submodel":{"body":"SUV","modelName":"NX 300h SUV","niceName":"suv"},"trim":"Base"},{"id":401610914,"name":"4dr SUV AWD (2.5L 4cyl gas/electric hybrid CVT)","submodel":{"body":"SUV","modelName":"NX 300h SUV","niceName":"suv"},"trim":"Base"}]}]},{"id":"Lexus_RC_200t","name":"RC 200t","niceName":"rc-200t","years":[{"id":401594007,"year":2016,"styles":[{"id":401594089,"name":"2dr Coupe (2.0L 4cyl Turbo 8A)","submodel":{"body":"Coupe","modelName":"RC 200t Coupe","niceName":"coupe"},"trim":"Base"}]}]},{"id":"Lexus_RC_300","name":"RC 300","niceName":"rc-300","years":[{"id":401594008,"year":2016,"styles":[{"id":401594088,"name":"2dr Coupe AWD (3.5L 6cyl 6A)","submodel":{"body":"Coupe","modelName":"RC 300 Coupe","niceName":"coupe"},"trim":"Base"}]}]},{"id":"Lexus_RC_350","name":"RC 350","niceName":"rc-350","years":[{"id":200483413,"year":2015,"styles":[{"id":200483421,"name":"2dr Coupe (3.5L 6cyl 8A)","submodel":{"body":"Coupe","modelName":"RC 350 Coupe","niceName":"coupe"},"trim":"Base"},{"id":200715135,"name":"2dr Coupe AWD (3.5L 6cyl 6A)","submodel":{"body":"Coupe","modelName":"RC 350 Coupe","niceName":"coupe"},"trim":"Base"}]},{"id":401594009,"year":2016,"styles":[{"id":401594047,"name":"2dr Coupe (3.5L 6cyl 8A)","submodel":{"body":"Coupe","modelName":"RC 350 Coupe","niceName":"coupe"},"trim":"Base"},{"id":401594048,"name":"2dr Coupe AWD (3.5L 6cyl 6A)","submodel":{"body":"Coupe","modelName":"RC 350 Coupe","niceName":"coupe"},"trim":"Base"}]}]},{"id":"Lexus_RC_F","name":"RC F","niceName":"rc-f","years":[{"id":200674916,"year":2015,"styles":[{"id":200674917,"name":"2dr Coupe (5.0L 8cyl 8A)","submodel":{"body":"Coupe","modelName":"RC F Coupe","niceName":"coupe"},"trim":"Base"}]},{"id":401594010,"year":2016,"styles":[{"id":401594049,"name":"2dr Coupe (5.0L 8cyl 8A)","submodel":{"body":"Coupe","modelName":"RC F Coupe","niceName":"coupe"},"trim":"Base"}]}]},{"id":"Lexus_RX_300","name":"RX 300","niceName":"rx-300","years":[{"id":3568,"year":1999,"styles":[{"id":4007,"name":"4dr SUV","submodel":{"body":"SUV","modelName":"RX 300 SUV","niceName":"suv"},"trim":"Base"},{"id":7953,"name":"4dr SUV AWD","submodel":{"body":"SUV","modelName":"RX 300 SUV","niceName":"suv"},"trim":"Base"}]},{"id":1025,"year":2000,"styles":[{"id":12707,"name":"4dr SUV","submodel":{"body":"SUV","modelName":"RX 300 SUV","niceName":"suv"},"trim":"Base"},{"id":12708,"name":"4dr SUV AWD","submodel":{"body":"SUV","modelName":"RX 300 SUV","niceName":"suv"},"trim":"Base"}]},{"id":100000159,"year":2001,"styles":[{"id":100001418,"name":"2WD 4dr SUV (3.0L 6cyl 4A)","submodel":{"body":"SUV","modelName":"RX 300 SUV","niceName":"suv"},"trim":"Base"},{"id":100001419,"name":"4WD 4dr SUV (3.0L 6cyl 4A)","submodel":{"body":"SUV","modelName":"RX 300 SUV","niceName":"suv"},"trim":"Base"}]},{"id":100000430,"year":2002,"styles":[{"id":100003419,"name":"2WD 4dr SUV (3.0L 6cyl 4A)","submodel":{"body":"SUV","modelName":"RX 300 SUV","niceName":"suv"},"trim":"Base"},{"id":100003420,"name":"AWD 4dr SUV (3.0L 6cyl 4A)","submodel":{"body":"SUV","modelName":"RX 300 SUV","niceName":"suv"},"trim":"Base"}]},{"id":100502842,"year":2003,"styles":[{"id":100178456,"name":"AWD 4dr SUV (3.0L 6cyl 4A)","submodel":{"body":"SUV","modelName":"RX 300 SUV","niceName":"suv"},"trim":"Base"},{"id":100178455,"name":"Fwd 4dr SUV (3.0L 6cyl 4A)","submodel":{"body":"SUV","modelName":"RX 300 SUV","niceName":"suv"},"trim":"Base"}]}]},{"id":"Lexus_RX_330","name":"RX 330","niceName":"rx-330","years":[{"id":100502953,"year":2004,"styles":[{"id":100243307,"name":"4dr AWD SUV (3.3L 6cyl 5A)","submodel":{"body":"SUV","modelName":"RX 330 SUV","niceName":"suv"},"trim":"Base"},{"id":100243308,"name":"4dr Fwd SUV (3.3L 6cyl 5A)","submodel":{"body":"SUV","modelName":"RX 330 SUV","niceName":"suv"},"trim":"Base"}]},{"id":100504725,"year":2005,"styles":[{"id":100414196,"name":"AWD 4dr SUV (3.3L 6cyl 5A)","submodel":{"body":"SUV","modelName":"RX 330 SUV","niceName":"suv"},"trim":"Base"},{"id":100414195,"name":"Fwd 4dr SUV (3.3L 6cyl 5A)","submodel":{"body":"SUV","modelName":"RX 330 SUV","niceName":"suv"},"trim":"Base"}]},{"id":100506522,"year":2006,"styles":[{"id":100610396,"name":"4dr SUV AWD (3.3L 6cyl 5A)","submodel":{"body":"SUV","modelName":"RX 330 SUV","niceName":"suv"},"trim":"Base"},{"id":100610390,"name":"4dr SUV (3.3L 6cyl 5A)","submodel":{"body":"SUV","modelName":"RX 330 SUV","niceName":"suv"},"trim":"Base"}]}]},{"id":"Lexus_RX_350","name":"RX 350","niceName":"rx-350","years":[{"id":100507279,"year":2007,"styles":[{"id":100684407,"name":"4dr SUV AWD (3.5L 6cyl 5A)","submodel":{"body":"SUV","modelName":"RX 350 SUV","niceName":"suv"},"trim":"Base"},{"id":100684406,"name":"4dr SUV (3.5L 6cyl 5A)","submodel":{"body":"SUV","modelName":"RX 350 SUV","niceName":"suv"},"trim":"Base"}]},{"id":100520286,"year":2008,"styles":[{"id":100835458,"name":"4dr SUV (3.5L 6cyl 5A)","submodel":{"body":"SUV","modelName":"RX 350 SUV","niceName":"suv"},"trim":"Base"},{"id":100835459,"name":"4dr SUV AWD (3.5L 6cyl 5A)","submodel":{"body":"SUV","modelName":"RX 350 SUV","niceName":"suv"},"trim":"Base"}]},{"id":100524710,"year":2009,"styles":[{"id":100975629,"name":"4dr SUV AWD (3.5L 6cyl 5A)","submodel":{"body":"SUV","modelName":"RX 350 SUV","niceName":"suv"},"trim":"Base"},{"id":100975628,"name":"4dr SUV (3.5L 6cyl 5A)","submodel":{"body":"SUV","modelName":"RX 350 SUV","niceName":"suv"},"trim":"Base"}]},{"id":100524801,"year":2010,"styles":[{"id":101146807,"name":"4dr SUV AWD (3.5L 6cyl 6A)","submodel":{"body":"SUV","modelName":"RX 350 SUV","niceName":"suv"},"trim":"Base"},{"id":101142322,"name":"4dr SUV (3.5L 6cyl 6A)","submodel":{"body":"SUV","modelName":"RX 350 SUV","niceName":"suv"},"trim":"Base"}]},{"id":100533091,"year":2011,"styles":[{"id":101353968,"name":"4dr SUV AWD (3.5L 6cyl 6A)","submodel":{"body":"SUV","modelName":"RX 350 SUV","niceName":"suv"},"trim":"Base"},{"id":101353967,"name":"4dr SUV (3.5L 6cyl 6A)","submodel":{"body":"SUV","modelName":"RX 350 SUV","niceName":"suv"},"trim":"Base"}]},{"id":100537390,"year":2012,"styles":[{"id":101405745,"name":"4dr SUV AWD (3.5L 6cyl 6A)","submodel":{"body":"SUV","modelName":"RX 350 SUV","niceName":"suv"},"trim":"Base"},{"id":101405744,"name":"4dr SUV (3.5L 6cyl 6A)","submodel":{"body":"SUV","modelName":"RX 350 SUV","niceName":"suv"},"trim":"Base"}]},{"id":200419750,"year":2013,"styles":[{"id":200419751,"name":"4dr SUV (3.5L 6cyl 6A)","submodel":{"body":"SUV","modelName":"RX 350 SUV","niceName":"suv"},"trim":"Base"},{"id":200419752,"name":"4dr SUV AWD (3.5L 6cyl 6A)","submodel":{"body":"SUV","modelName":"RX 350 SUV","niceName":"suv"},"trim":"Base"},{"id":200421776,"name":"F SPORT 4dr SUV AWD (3.5L 6cyl 8A)","submodel":{"body":"SUV","modelName":"RX 350 SUV","niceName":"suv"},"trim":"F SPORT"}]},{"id":200486458,"year":2014,"styles":[{"id":200486460,"name":"F SPORT 4dr SUV AWD (3.5L 6cyl 8A)","submodel":{"body":"SUV","modelName":"RX 350 SUV","niceName":"suv"},"trim":"F SPORT"},{"id":200486462,"name":"4dr SUV AWD (3.5L 6cyl 6A)","submodel":{"body":"SUV","modelName":"RX 350 SUV","niceName":"suv"},"trim":"Base"},{"id":200486461,"name":"4dr SUV (3.5L 6cyl 6A)","submodel":{"body":"SUV","modelName":"RX 350 SUV","niceName":"suv"},"trim":"Base"}]},{"id":200690685,"year":2015,"styles":[{"id":200724656,"name":"Crafted Line 4dr SUV AWD (3.5L 6cyl 8A)","submodel":{"body":"SUV","modelName":"RX 350 SUV","niceName":"suv"},"trim":"Crafted Line"},{"id":200690686,"name":"4dr SUV (3.5L 6cyl 6A)","submodel":{"body":"SUV","modelName":"RX 350 SUV","niceName":"suv"},"trim":"Base"},{"id":200690687,"name":"F SPORT 4dr SUV AWD (3.5L 6cyl 8A)","submodel":{"body":"SUV","modelName":"RX 350 SUV","niceName":"suv"},"trim":"F SPORT"},{"id":200690688,"name":"4dr SUV AWD (3.5L 6cyl 6A)","submodel":{"body":"SUV","modelName":"RX 350 SUV","niceName":"suv"},"trim":"Base"}]},{"id":200730077,"year":2016,"styles":[{"id":200724889,"name":"4dr SUV (3.5L 6cyl 8A)","submodel":{"body":"SUV","modelName":"RX 350 SUV","niceName":"suv"},"trim":"Base"},{"id":401583731,"name":"F SPORT 4dr SUV AWD (3.5L 6cyl 8A)","submodel":{"body":"SUV","modelName":"RX 350 SUV","niceName":"suv"},"trim":"F SPORT"},{"id":401583730,"name":"4dr SUV AWD (3.5L 6cyl 8A)","submodel":{"body":"SUV","modelName":"RX 350 SUV","niceName":"suv"},"trim":"Base"}]}]},{"id":"Lexus_RX_400h","name":"RX 400h","niceName":"rx-400h","years":[{"id":100503268,"year":2006,"styles":[{"id":100669361,"name":"4dr SUV (3.3L 6cyl gas/electric hybrid CVT)","submodel":{"body":"SUV","modelName":"RX 400h SUV","niceName":"suv"},"trim":"Base"},{"id":100521765,"name":"4dr SUV AWD (3.3L 6cyl gas/electric hybrid CVT)","submodel":{"body":"SUV","modelName":"RX 400h SUV","niceName":"suv"},"trim":"Base"}]},{"id":100519242,"year":2007,"styles":[{"id":100782301,"name":"4dr SUV AWD (3.3L 6cyl gas/electric hybrid CVT)","submodel":{"body":"SUV","modelName":"RX 400h SUV","niceName":"suv"},"trim":"Base"},{"id":100782302,"name":"4dr SUV (3.3L 6cyl gas/electric hybrid CVT)","submodel":{"body":"SUV","modelName":"RX 400h SUV","niceName":"suv"},"trim":"Base"}]},{"id":100524051,"year":2008,"styles":[{"id":100913705,"name":"4dr SUV AWD (3.3L 6cyl gas/electric hybrid CVT)","submodel":{"body":"SUV","modelName":"RX 400h SUV","niceName":"suv"},"trim":"Base"},{"id":100913706,"name":"4dr SUV (3.3L 6cyl gas/electric hybrid CVT)","submodel":{"body":"SUV","modelName":"RX 400h SUV","niceName":"suv"},"trim":"Base"}]}]},{"id":"Lexus_RX_450h","name":"RX 450h","niceName":"rx-450h","years":[{"id":100526710,"year":2010,"styles":[{"id":101162469,"name":"4dr SUV AWD (3.5L 6cyl gas/electric hybrid CVT)","submodel":{"body":"SUV","modelName":"RX 450h SUV","niceName":"suv"},"trim":"Base"},{"id":101162468,"name":"4dr SUV (3.5L 6cyl gas/electric hybrid CVT)","submodel":{"body":"SUV","modelName":"RX 450h SUV","niceName":"suv"},"trim":"Base"}]},{"id":100533109,"year":2011,"styles":[{"id":101353921,"name":"4dr SUV (3.5L 6cyl gas/electric hybrid CVT)","submodel":{"body":"SUV","modelName":"RX 450h SUV","niceName":"suv"},"trim":"Base"},{"id":101353922,"name":"4dr SUV AWD (3.5L 6cyl gas/electric hybrid CVT)","submodel":{"body":"SUV","modelName":"RX 450h SUV","niceName":"suv"},"trim":"Base"}]},{"id":100537391,"year":2012,"styles":[{"id":101405850,"name":"4dr SUV AWD (3.5L 6cyl gas/electric hybrid CVT)","submodel":{"body":"SUV","modelName":"RX 450h SUV","niceName":"suv"},"trim":"Base"},{"id":101405849,"name":"4dr SUV (3.5L 6cyl gas/electric hybrid CVT)","submodel":{"body":"SUV","modelName":"RX 450h SUV","niceName":"suv"},"trim":"Base"}]},{"id":200419837,"year":2013,"styles":[{"id":200419839,"name":"4dr SUV AWD (3.5L 6cyl gas/electric hybrid CVT)","submodel":{"body":"SUV","modelName":"RX 450h SUV","niceName":"suv"},"trim":"Base"},{"id":200419838,"name":"4dr SUV (3.5L 6cyl gas/electric hybrid CVT)","submodel":{"body":"SUV","modelName":"RX 450h SUV","niceName":"suv"},"trim":"Base"}]},{"id":200486459,"year":2014,"styles":[{"id":200486503,"name":"4dr SUV (3.5L 6cyl gas/electric hybrid CVT)","submodel":{"body":"SUV","modelName":"RX 450h SUV","niceName":"suv"},"trim":"Base"},{"id":200486502,"name":"4dr SUV AWD (3.5L 6cyl gas/electric hybrid CVT)","submodel":{"body":"SUV","modelName":"RX 450h SUV","niceName":"suv"},"trim":"Base"}]},{"id":200690768,"year":2015,"styles":[{"id":200690769,"name":"4dr SUV AWD (3.5L 6cyl gas/electric hybrid CVT)","submodel":{"body":"SUV","modelName":"RX 450h SUV","niceName":"suv"},"trim":"Base"},{"id":200690770,"name":"4dr SUV (3.5L 6cyl gas/electric hybrid CVT)","submodel":{"body":"SUV","modelName":"RX 450h SUV","niceName":"suv"},"trim":"Base"}]},{"id":401589089,"year":2016,"styles":[{"id":401589091,"name":"4dr SUV (3.5L 6cyl gas/electric hybrid CVT)","submodel":{"body":"SUV","modelName":"RX 450h SUV","niceName":"suv"},"trim":"Base"},{"id":401589090,"name":"4dr SUV AWD (3.5L 6cyl gas/electric hybrid CVT)","submodel":{"body":"SUV","modelName":"RX 450h SUV","niceName":"suv"},"trim":"Base"},{"id":401589093,"name":"F SPORT 4dr SUV AWD (3.5L 6cyl gas/electric hybrid CVT)","submodel":{"body":"SUV","modelName":"RX 450h SUV","niceName":"suv"},"trim":"F SPORT"}]}]},{"id":"Lexus_SC_300","name":"SC 300","niceName":"sc-300","years":[{"id":1904,"year":1992,"styles":[{"id":2892,"name":"2dr Coupe","submodel":{"body":"Coupe","modelName":"SC 300 Coupe","niceName":"coupe"},"trim":"Base"}]},{"id":1905,"year":1993,"styles":[{"id":2888,"name":"2dr Coupe","submodel":{"body":"Coupe","modelName":"SC 300 Coupe","niceName":"coupe"},"trim":"Base"}]},{"id":1906,"year":1994,"styles":[{"id":2883,"name":"2dr Coupe","submodel":{"body":"Coupe","modelName":"SC 300 Coupe","niceName":"coupe"},"trim":"Base"}]},{"id":1907,"year":1995,"styles":[{"id":2878,"name":"2dr Coupe","submodel":{"body":"Coupe","modelName":"SC 300 Coupe","niceName":"coupe"},"trim":"Base"}]},{"id":1908,"year":1996,"styles":[{"id":2873,"name":"2dr Coupe","submodel":{"body":"Coupe","modelName":"SC 300 Coupe","niceName":"coupe"},"trim":"Base"}]},{"id":3570,"year":1997,"styles":[{"id":178,"name":"2dr Coupe","submodel":{"body":"Coupe","modelName":"SC 300 Coupe","niceName":"coupe"},"trim":"Base"}]},{"id":1909,"year":1998,"styles":[{"id":12897,"name":"2dr Coupe","submodel":{"body":"Coupe","modelName":"SC 300 Coupe","niceName":"coupe"},"trim":"Base"}]},{"id":3569,"year":1999,"styles":[{"id":13732,"name":"2dr Coupe","submodel":{"body":"Coupe","modelName":"SC 300 Coupe","niceName":"coupe"},"trim":"Base"}]},{"id":380,"year":2000,"styles":[{"id":2815,"name":"2dr Coupe","submodel":{"body":"Coupe","modelName":"SC 300 Coupe","niceName":"coupe"},"trim":"Base"}]}]},{"id":"Lexus_SC_400","name":"SC 400","niceName":"sc-400","years":[{"id":100503345,"year":1992,"styles":[{"id":2893,"name":"2dr Coupe","submodel":{"body":"Coupe","modelName":"SC 400 Coupe","niceName":"coupe"},"trim":"Base"}]},{"id":100503352,"year":1993,"styles":[{"id":2889,"name":"2dr Coupe","submodel":{"body":"Coupe","modelName":"SC 400 Coupe","niceName":"coupe"},"trim":"Base"}]},{"id":100503357,"year":1994,"styles":[{"id":2884,"name":"2dr Coupe","submodel":{"body":"Coupe","modelName":"SC 400 Coupe","niceName":"coupe"},"trim":"Base"}]},{"id":100503364,"year":1995,"styles":[{"id":2879,"name":"2dr Coupe","submodel":{"body":"Coupe","modelName":"SC 400 Coupe","niceName":"coupe"},"trim":"Base"}]},{"id":100503374,"year":1996,"styles":[{"id":2874,"name":"2dr Coupe","submodel":{"body":"Coupe","modelName":"SC 400 Coupe","niceName":"coupe"},"trim":"Base"}]},{"id":100503384,"year":1997,"styles":[{"id":182,"name":"2dr Coupe","submodel":{"body":"Coupe","modelName":"SC 400 Coupe","niceName":"coupe"},"trim":"Base"}]},{"id":100503395,"year":1998,"styles":[{"id":12899,"name":"2dr Coupe","submodel":{"body":"Coupe","modelName":"SC 400 Coupe","niceName":"coupe"},"trim":"Base"}]},{"id":100503405,"year":1999,"styles":[{"id":13734,"name":"2dr Coupe","submodel":{"body":"Coupe","modelName":"SC 400 Coupe","niceName":"coupe"},"trim":"Base"}]},{"id":100503418,"year":2000,"styles":[{"id":2816,"name":"2dr Coupe","submodel":{"body":"Coupe","modelName":"SC 400 Coupe","niceName":"coupe"},"trim":"Base"}]}]},{"id":"Lexus_SC_430","name":"SC 430","niceName":"sc-430","years":[{"id":100000158,"year":2002,"styles":[{"id":100002017,"name":"2dr Convertible (4.3L 8cyl 5A)","submodel":{"body":"Convertible","modelName":"SC 430 Convertible","niceName":"convertible"},"trim":"Base"}]},{"id":100502843,"year":2003,"styles":[{"id":100099274,"name":"2dr Convertible (4.3L 8cyl 5A)","submodel":{"body":"Convertible","modelName":"SC 430 Convertible","niceName":"convertible"},"trim":"Base"}]},{"id":100503549,"year":2004,"styles":[{"id":100320550,"name":"2dr Convertible (4.3L 8cyl 5A)","submodel":{"body":"Convertible","modelName":"SC 430 Convertible","niceName":"convertible"},"trim":"Base"}]},{"id":100504864,"year":2005,"styles":[{"id":100425183,"name":"2dr Convertible (4.3L 8cyl 5A)","submodel":{"body":"Convertible","modelName":"SC 430 Convertible","niceName":"convertible"},"trim":"Base"}]},{"id":100506521,"year":2006,"styles":[{"id":100610397,"name":"2dr Convertible (4.3L 8cyl 6A)","submodel":{"body":"Convertible","modelName":"SC 430 Convertible","niceName":"convertible"},"trim":"Base"}]},{"id":100519203,"year":2007,"styles":[{"id":100782278,"name":"2dr Convertible (4.3L 8cyl 6A)","submodel":{"body":"Convertible","modelName":"SC 430 Convertible","niceName":"convertible"},"trim":"Base"}]},{"id":100523949,"year":2008,"styles":[{"id":100908652,"name":"2dr Convertible (4.3L 8cyl 6A)","submodel":{"body":"Convertible","modelName":"SC 430 Convertible","niceName":"convertible"},"trim":"Base"}]},{"id":100525674,"year":2009,"styles":[{"id":101037652,"name":"2dr Convertible (4.3L 8cyl 6A)","submodel":{"body":"Convertible","modelName":"SC 430 Convertible","niceName":"convertible"},"trim":"Base"}]},{"id":100529191,"year":2010,"styles":[{"id":101204622,"name":"2dr Convertible (4.3L 8cyl 6A)","submodel":{"body":"Convertible","modelName":"SC 430 Convertible","niceName":"convertible"},"trim":"Base"}]}]}],"modelsCount":47,"make":"Lexus"}