{"models":[{"id":"Lincoln_Aviator","name":"Aviator","niceName":"aviator","years":[{"id":100502677,"year":2003,"styles":[{"id":100139005,"name":"Luxury Rwd 4dr SUV (4.6L 8cyl 5A)","submodel":{"body":"SUV","modelName":"Aviator SUV","niceName":"suv"},"trim":"Luxury"},{"id":100139006,"name":"Premium Rwd 4dr SUV (4.6L 8cyl 5A)","submodel":{"body":"SUV","modelName":"Aviator SUV","niceName":"suv"},"trim":"Premium"},{"id":100139008,"name":"Luxury AWD 4dr SUV (4.6L 8cyl 5A)","submodel":{"body":"SUV","modelName":"Aviator SUV","niceName":"suv"},"trim":"Luxury"},{"id":100139009,"name":"Premium AWD 4dr SUV (4.6L 8cyl 5A)","submodel":{"body":"SUV","modelName":"Aviator SUV","niceName":"suv"},"trim":"Premium"}]},{"id":100503502,"year":2004,"styles":[{"id":100290373,"name":"Ultimate Rwd 4dr SUV (4.6L 8cyl 5A)","submodel":{"body":"SUV","modelName":"Aviator SUV","niceName":"suv"},"trim":"Ultimate"},{"id":100290362,"name":"Luxury Rwd 4dr SUV (4.6L 8cyl 5A)","submodel":{"body":"SUV","modelName":"Aviator SUV","niceName":"suv"},"trim":"Luxury"},{"id":100290383,"name":"Ultimate AWD 4dr SUV (4.6L 8cyl 5A)","submodel":{"body":"SUV","modelName":"Aviator SUV","niceName":"suv"},"trim":"Ultimate"},{"id":100290381,"name":"Luxury AWD 4dr SUV (4.6L 8cyl 5A)","submodel":{"body":"SUV","modelName":"Aviator SUV","niceName":"suv"},"trim":"Luxury"}]},{"id":100505102,"year":2005,"styles":[{"id":100470011,"name":"Luxury AWD 4dr SUV (4.6L 8cyl 5A)","submodel":{"body":"SUV","modelName":"Aviator SUV","niceName":"suv"},"trim":"Luxury"},{"id":100470010,"name":"Luxury Rwd 4dr SUV (4.6L 8cyl 5A)","submodel":{"body":"SUV","modelName":"Aviator SUV","niceName":"suv"},"trim":"Luxury"}]}]},{"id":"Lincoln_Blackwood","name":"Blackwood","niceName":"blackwood","years":[{"id":100000168,"year":2002,"styles":[{"id":100002018,"name":"2WD 4dr Crew Cab (5.4L 8cyl 4A)","submodel":{"body":"Crew Cab","modelName":"Blackwood Crew Cab","niceName":"crew-cab"},"trim":"Base"}]}]},{"id":"Lincoln_Continental","name":"Continental","niceName":"continental","years":[{"id":1910,"year":1990,"styles":[{"id":13943,"name":"Signature 4dr Sedan","submodel":{"body":"Sedan","modelName":"Continental Sedan","niceName":"sedan"},"trim":"Signature"},{"id":13945,"name":"4dr Sedan","submodel":{"body":"Sedan","modelName":"Continental Sedan","niceName":"sedan"},"trim":"Base"}]},{"id":1911,"year":1991,"styles":[{"id":13937,"name":"4dr Sedan","submodel":{"body":"Sedan","modelName":"Continental Sedan","niceName":"sedan"},"trim":"Base"},{"id":13935,"name":"Signature 4dr Sedan","submodel":{"body":"Sedan","modelName":"Continental Sedan","niceName":"sedan"},"trim":"Signature"}]},{"id":1912,"year":1992,"styles":[{"id":13927,"name":"Executive 4dr Sedan","submodel":{"body":"Sedan","modelName":"Continental Sedan","niceName":"sedan"},"trim":"Executive"},{"id":13930,"name":"Signature 4dr Sedan","submodel":{"body":"Sedan","modelName":"Continental Sedan","niceName":"sedan"},"trim":"Signature"}]},{"id":697,"year":1993,"styles":[{"id":13921,"name":"Executive 4dr Sedan","submodel":{"body":"Sedan","modelName":"Continental Sedan","niceName":"sedan"},"trim":"Executive"},{"id":13922,"name":"Signature 4dr Sedan","submodel":{"body":"Sedan","modelName":"Continental Sedan","niceName":"sedan"},"trim":"Signature"}]},{"id":1913,"year":1994,"styles":[{"id":2833,"name":"Signature 4dr Sedan","submodel":{"body":"Sedan","modelName":"Continental Sedan","niceName":"sedan"},"trim":"Signature"},{"id":2831,"name":"Executive 4dr Sedan","submodel":{"body":"Sedan","modelName":"Continental Sedan","niceName":"sedan"},"trim":"Executive"}]},{"id":1914,"year":1995,"styles":[{"id":2829,"name":"4dr Sedan","submodel":{"body":"Sedan","modelName":"Continental Sedan","niceName":"sedan"},"trim":"Base"}]},{"id":698,"year":1996,"styles":[{"id":2823,"name":"4dr Sedan","submodel":{"body":"Sedan","modelName":"Continental Sedan","niceName":"sedan"},"trim":"Base"}]},{"id":1915,"year":1997,"styles":[{"id":606,"name":"4dr Sedan","submodel":{"body":"Sedan","modelName":"Continental Sedan","niceName":"sedan"},"trim":"Base"}]},{"id":1916,"year":1998,"styles":[{"id":17408,"name":"4dr Sedan","submodel":{"body":"Sedan","modelName":"Continental Sedan","niceName":"sedan"},"trim":"Base"}]},{"id":3571,"year":1999,"styles":[{"id":11927,"name":"4dr Sedan","submodel":{"body":"Sedan","modelName":"Continental Sedan","niceName":"sedan"},"trim":"Base"}]},{"id":1132,"year":2000,"styles":[{"id":11760,"name":"4dr Sedan","submodel":{"body":"Sedan","modelName":"Continental Sedan","niceName":"sedan"},"trim":"Base"}]},{"id":100000167,"year":2001,"styles":[{"id":100001420,"name":"4dr Sedan (4.6L 8cyl 4A)","submodel":{"body":"Sedan","modelName":"Continental Sedan","niceName":"sedan"},"trim":"Base"}]},{"id":3838,"year":2002,"styles":[{"id":100002471,"name":"Personal Security 4dr Sedan (4.6L 8cyl 4A)","submodel":{"body":"Sedan","modelName":"Continental Sedan","niceName":"sedan"},"trim":"Personal Security"},{"id":100002472,"name":"Luxury Appearance 4dr Sedan (4.6L 8cyl 4A)","submodel":{"body":"Sedan","modelName":"Continental Sedan","niceName":"sedan"},"trim":"Luxury Appearance"},{"id":100002469,"name":"4dr Sedan (4.6L 8cyl 4A)","submodel":{"body":"Sedan","modelName":"Continental Sedan","niceName":"sedan"},"trim":"Base"},{"id":100002470,"name":"Driver Select 4dr Sedan (4.6L 8cyl 4A)","submodel":{"body":"Sedan","modelName":"Continental Sedan","niceName":"sedan"},"trim":"Driver Select"}]},{"id":200730686,"year":2017,"styles":[{"id":401640270,"name":"Reserve 4dr Sedan (2.7L 6cyl Turbo 6A)","submodel":{"body":"Sedan","modelName":"Continental Sedan","niceName":"sedan"},"trim":"Reserve"},{"id":401640271,"name":"Reserve 4dr Sedan AWD (2.7L 6cyl Turbo 6A)","submodel":{"body":"Sedan","modelName":"Continental Sedan","niceName":"sedan"},"trim":"Reserve"},{"id":401640272,"name":"Black Label 4dr Sedan (2.7L 6cyl Turbo 6A)","submodel":{"body":"Sedan","modelName":"Continental Sedan","niceName":"sedan"},"trim":"Black Label"},{"id":401640267,"name":"Select 4dr Sedan (3.7L 6cyl 6A)","submodel":{"body":"Sedan","modelName":"Continental Sedan","niceName":"sedan"},"trim":"Select"},{"id":401640268,"name":"Select 4dr Sedan AWD (3.7L 6cyl 6A)","submodel":{"body":"Sedan","modelName":"Continental Sedan","niceName":"sedan"},"trim":"Select"},{"id":200730688,"name":"Premiere 4dr Sedan AWD (3.7L 6cyl 6A)","submodel":{"body":"Sedan","modelName":"Continental Sedan","niceName":"sedan"},"trim":"Premiere"},{"id":401640264,"name":"Premiere 4dr Sedan (3.7L 6cyl 6A)","submodel":{"body":"Sedan","modelName":"Continental Sedan","niceName":"sedan"},"trim":"Premiere"},{"id":401640273,"name":"Black Label 4dr Sedan AWD (2.7L 6cyl Turbo 6A)","submodel":{"body":"Sedan","modelName":"Continental Sedan","niceName":"sedan"},"trim":"Black Label"}]}]},{"id":"Lincoln_LS","name":"LS","niceName":"ls","years":[{"id":3572,"year":2000,"styles":[{"id":13750,"name":"V8 4dr Sedan","submodel":{"body":"Sedan","modelName":"LS Sedan","niceName":"sedan"},"trim":"V8"},{"id":13747,"name":"V6 4dr Sedan","submodel":{"body":"Sedan","modelName":"LS Sedan","niceName":"sedan"},"trim":"V6"}]},{"id":100000166,"year":2001,"styles":[{"id":100001421,"name":"4dr Sedan (3.9L 8cyl 5A)","submodel":{"body":"Sedan","modelName":"LS Sedan","niceName":"sedan"},"trim":"Base"},{"id":100001422,"name":"4dr Sedan (3.0L 6cyl 5A)","submodel":{"body":"Sedan","modelName":"LS Sedan","niceName":"sedan"},"trim":"Base"},{"id":100001423,"name":"4dr Sedan (3.0L 6cyl 5M)","submodel":{"body":"Sedan","modelName":"LS Sedan","niceName":"sedan"},"trim":"Base"}]},{"id":3848,"year":2002,"styles":[{"id":100002572,"name":"Sport 4dr Sedan (3.9L 8cyl 5A)","submodel":{"body":"Sedan","modelName":"LS Sedan","niceName":"sedan"},"trim":"Sport"},{"id":100002674,"name":"Premium 4dr Sedan (3.9L 8cyl 5A)","submodel":{"body":"Sedan","modelName":"LS Sedan","niceName":"sedan"},"trim":"Premium"},{"id":100002571,"name":"Sport 4dr Sedan (3.0L 6cyl 5M)","submodel":{"body":"Sedan","modelName":"LS Sedan","niceName":"sedan"},"trim":"Sport"},{"id":100002673,"name":"Sport 4dr Sedan (3.0L 6cyl 5A)","submodel":{"body":"Sedan","modelName":"LS Sedan","niceName":"sedan"},"trim":"Sport"},{"id":100002570,"name":"4dr Sedan (3.0L 6cyl 5A)","submodel":{"body":"Sedan","modelName":"LS Sedan","niceName":"sedan"},"trim":"Base"},{"id":100070481,"name":"LSE 4dr Sedan (3.9L 8cyl 5A)","submodel":{"body":"Sedan","modelName":"LS Sedan","niceName":"sedan"},"trim":"LSE"},{"id":100070482,"name":"LSE 4dr Sedan (3.0L 6cyl 5M)","submodel":{"body":"Sedan","modelName":"LS Sedan","niceName":"sedan"},"trim":"LSE"},{"id":100002668,"name":"Convenience 4dr Sedan (3.0L 6cyl 5A)","submodel":{"body":"Sedan","modelName":"LS Sedan","niceName":"sedan"},"trim":"Convenience"},{"id":100070480,"name":"LSE 4dr Sedan (3.0L 6cyl 5A)","submodel":{"body":"Sedan","modelName":"LS Sedan","niceName":"sedan"},"trim":"LSE"},{"id":100002672,"name":"Premium 4dr Sedan (3.0L 6cyl 5A)","submodel":{"body":"Sedan","modelName":"LS Sedan","niceName":"sedan"},"trim":"Premium"},{"id":100002702,"name":"4dr Sedan (3.9L 8cyl 5A)","submodel":{"body":"Sedan","modelName":"LS Sedan","niceName":"sedan"},"trim":"Base"}]},{"id":100502845,"year":2003,"styles":[{"id":100193805,"name":"Premium Sport 4dr Sedan (3.9L 8cyl 5A)","submodel":{"body":"Sedan","modelName":"LS Sedan","niceName":"sedan"},"trim":"Premium"},{"id":100193803,"name":"Sport 4dr Sedan (3.9L 8cyl 5A)","submodel":{"body":"Sedan","modelName":"LS Sedan","niceName":"sedan"},"trim":"Sport"},{"id":100193801,"name":"4dr Sedan (3.0L 6cyl 5A)","submodel":{"body":"Sedan","modelName":"LS Sedan","niceName":"sedan"},"trim":"Base"},{"id":100193802,"name":"Premium 4dr Sedan (3.0L 6cyl 5A)","submodel":{"body":"Sedan","modelName":"LS Sedan","niceName":"sedan"},"trim":"Premium"}]},{"id":100503503,"year":2004,"styles":[{"id":100293834,"name":"Sport 4dr Sedan (3.9L 8cyl 5A)","submodel":{"body":"Sedan","modelName":"LS Sedan","niceName":"sedan"},"trim":"Sport"},{"id":100293833,"name":"Premium 4dr Sedan (3.0L 6cyl 5A)","submodel":{"body":"Sedan","modelName":"LS Sedan","niceName":"sedan"},"trim":"Premium"},{"id":100293835,"name":"Ultimate 4dr Sedan (3.9L 8cyl 5A)","submodel":{"body":"Sedan","modelName":"LS Sedan","niceName":"sedan"},"trim":"Ultimate"},{"id":100293832,"name":"Luxury 4dr Sedan (3.0L 6cyl 5A)","submodel":{"body":"Sedan","modelName":"LS Sedan","niceName":"sedan"},"trim":"Luxury"},{"id":100361738,"name":"Appearance Package 4dr Sedan (3.0L 6cyl 5A)","submodel":{"body":"Sedan","modelName":"LS Sedan","niceName":"sedan"},"trim":"Appearance Package"}]},{"id":100505062,"year":2005,"styles":[{"id":100462044,"name":"Sport 4dr Sedan (3.9L 8cyl 5A)","submodel":{"body":"Sedan","modelName":"LS Sedan","niceName":"sedan"},"trim":"Sport"},{"id":100462043,"name":"Premium 4dr Sedan (3.0L 6cyl 5A)","submodel":{"body":"Sedan","modelName":"LS Sedan","niceName":"sedan"},"trim":"Premium"},{"id":100462042,"name":"Luxury 4dr Sedan (3.0L 6cyl 5A)","submodel":{"body":"Sedan","modelName":"LS Sedan","niceName":"sedan"},"trim":"Luxury"},{"id":100462046,"name":"Appearance Package 4dr Sedan (3.0L 6cyl 5A)","submodel":{"body":"Sedan","modelName":"LS Sedan","niceName":"sedan"},"trim":"Appearance Package"},{"id":100462045,"name":"Ultimate 4dr Sedan (3.9L 8cyl 5A)","submodel":{"body":"Sedan","modelName":"LS Sedan","niceName":"sedan"},"trim":"Ultimate"}]},{"id":100506291,"year":2006,"styles":[{"id":100566170,"name":"Sport 4dr Sedan (3.9L 8cyl 5A)","submodel":{"body":"Sedan","modelName":"LS Sedan","niceName":"sedan"},"trim":"Sport"}]}]},{"id":"Lincoln_MKC","name":"MKC","niceName":"mkc","years":[{"id":200471952,"year":2015,"styles":[{"id":200673382,"name":"4dr SUV AWD (2.0L 4cyl Turbo 6A)","submodel":{"body":"SUV","modelName":"MKC SUV","niceName":"suv"},"trim":"Base"},{"id":200471954,"name":"4dr SUV (2.0L 4cyl Turbo 6A)","submodel":{"body":"SUV","modelName":"MKC SUV","niceName":"suv"},"trim":"Base"},{"id":200717149,"name":"Black Label 4dr SUV AWD (2.0L 4cyl Turbo 6A)","submodel":{"body":"SUV","modelName":"MKC SUV","niceName":"suv"},"trim":"Black Label"},{"id":200717146,"name":"Black Label 4dr SUV (2.0L 4cyl Turbo 6A)","submodel":{"body":"SUV","modelName":"MKC SUV","niceName":"suv"},"trim":"Black Label"}]},{"id":200732076,"year":2016,"styles":[{"id":200732082,"name":"Select 4dr SUV (2.0L 4cyl Turbo 6A)","submodel":{"body":"SUV","modelName":"MKC SUV","niceName":"suv"},"trim":"Select"},{"id":200732081,"name":"Select 4dr SUV AWD (2.0L 4cyl Turbo 6A)","submodel":{"body":"SUV","modelName":"MKC SUV","niceName":"suv"},"trim":"Select"},{"id":200732084,"name":"Reserve 4dr SUV AWD (2.0L 4cyl Turbo 6A)","submodel":{"body":"SUV","modelName":"MKC SUV","niceName":"suv"},"trim":"Reserve"},{"id":200732083,"name":"Reserve 4dr SUV (2.0L 4cyl Turbo 6A)","submodel":{"body":"SUV","modelName":"MKC SUV","niceName":"suv"},"trim":"Reserve"},{"id":200732077,"name":"Premiere 4dr SUV (2.0L 4cyl Turbo 6A)","submodel":{"body":"SUV","modelName":"MKC SUV","niceName":"suv"},"trim":"Premiere"},{"id":200732078,"name":"Black Label 4dr SUV AWD (2.0L 4cyl Turbo 6A)","submodel":{"body":"SUV","modelName":"MKC SUV","niceName":"suv"},"trim":"Black Label"},{"id":200732079,"name":"Premiere 4dr SUV AWD (2.0L 4cyl Turbo 6A)","submodel":{"body":"SUV","modelName":"MKC SUV","niceName":"suv"},"trim":"Premiere"},{"id":200732080,"name":"Black Label 4dr SUV (2.0L 4cyl Turbo 6A)","submodel":{"body":"SUV","modelName":"MKC SUV","niceName":"suv"},"trim":"Black Label"}]},{"id":401630379,"year":2017,"styles":[{"id":401630387,"name":"Premiere 4dr SUV (2.0L 4cyl Turbo 6A)","submodel":{"body":"SUV","modelName":"MKC SUV","niceName":"suv"},"trim":"Premiere"},{"id":401630385,"name":"Black Label 4dr SUV AWD (2.0L 4cyl Turbo 6A)","submodel":{"body":"SUV","modelName":"MKC SUV","niceName":"suv"},"trim":"Black Label"},{"id":401630386,"name":"Premiere 4dr SUV AWD (2.0L 4cyl Turbo 6A)","submodel":{"body":"SUV","modelName":"MKC SUV","niceName":"suv"},"trim":"Premiere"},{"id":401630384,"name":"Reserve 4dr SUV AWD (2.0L 4cyl Turbo 6A)","submodel":{"body":"SUV","modelName":"MKC SUV","niceName":"suv"},"trim":"Reserve"},{"id":401630383,"name":"Black Label 4dr SUV (2.0L 4cyl Turbo 6A)","submodel":{"body":"SUV","modelName":"MKC SUV","niceName":"suv"},"trim":"Black Label"},{"id":401630382,"name":"Select 4dr SUV AWD (2.0L 4cyl Turbo 6A)","submodel":{"body":"SUV","modelName":"MKC SUV","niceName":"suv"},"trim":"Select"},{"id":401630381,"name":"Select 4dr SUV (2.0L 4cyl Turbo 6A)","submodel":{"body":"SUV","modelName":"MKC SUV","niceName":"suv"},"trim":"Select"},{"id":401630380,"name":"Reserve 4dr SUV (2.0L 4cyl Turbo 6A)","submodel":{"body":"SUV","modelName":"MKC SUV","niceName":"suv"},"trim":"Reserve"}]}]},{"id":"Lincoln_MKS","name":"MKS","niceName":"mks","years":[{"id":100507319,"year":2009,"styles":[{"id":101003722,"name":"4dr Sedan (3.7L 6cyl 6A)","submodel":{"body":"Sedan","modelName":"MKS Sedan","niceName":"sedan"},"trim":"Base"},{"id":101003723,"name":"4dr Sedan AWD (3.7L 6cyl 6A)","submodel":{"body":"Sedan","modelName":"MKS Sedan","niceName":"sedan"},"trim":"Base"}]},{"id":100527812,"year":2010,"styles":[{"id":101161727,"name":"4dr Sedan AWD w/EcoBoost (3.5L 6cyl Turbo 6A)","submodel":{"body":"Sedan","modelName":"MKS Sedan","niceName":"sedan"},"trim":"EcoBoost"},{"id":101161723,"name":"4dr Sedan AWD (3.7L 6cyl 6A)","submodel":{"body":"Sedan","modelName":"MKS Sedan","niceName":"sedan"},"trim":"Base"},{"id":101161722,"name":"4dr Sedan (3.7L 6cyl 6A)","submodel":{"body":"Sedan","modelName":"MKS Sedan","niceName":"sedan"},"trim":"Base"}]},{"id":100531629,"year":2011,"styles":[{"id":101302183,"name":"4dr Sedan (3.7L 6cyl 6A)","submodel":{"body":"Sedan","modelName":"MKS Sedan","niceName":"sedan"},"trim":"Base"},{"id":101302184,"name":"4dr Sedan AWD (3.7L 6cyl 6A)","submodel":{"body":"Sedan","modelName":"MKS Sedan","niceName":"sedan"},"trim":"Base"},{"id":101302185,"name":"4dr Sedan AWD w/EcoBoost (3.5L 6cyl Turbo 6A)","submodel":{"body":"Sedan","modelName":"MKS Sedan","niceName":"sedan"},"trim":"EcoBoost"}]},{"id":100535909,"year":2012,"styles":[{"id":101394959,"name":"4dr Sedan (3.7L 6cyl 6A)","submodel":{"body":"Sedan","modelName":"MKS Sedan","niceName":"sedan"},"trim":"Base"},{"id":101394960,"name":"4dr Sedan AWD (3.7L 6cyl 6A)","submodel":{"body":"Sedan","modelName":"MKS Sedan","niceName":"sedan"},"trim":"Base"},{"id":101394961,"name":"4dr Sedan AWD w/EcoBoost (3.5L 6cyl Turbo 6A)","submodel":{"body":"Sedan","modelName":"MKS Sedan","niceName":"sedan"},"trim":"EcoBoost"}]},{"id":100538850,"year":2013,"styles":[{"id":101417509,"name":"4dr Sedan AWD w/EcoBoost (3.5L 6cyl Turbo 6A)","submodel":{"body":"Sedan","modelName":"MKS Sedan","niceName":"sedan"},"trim":"EcoBoost"},{"id":101417503,"name":"4dr Sedan AWD (3.7L 6cyl 6A)","submodel":{"body":"Sedan","modelName":"MKS Sedan","niceName":"sedan"},"trim":"Base"},{"id":101417502,"name":"4dr Sedan (3.7L 6cyl 6A)","submodel":{"body":"Sedan","modelName":"MKS Sedan","niceName":"sedan"},"trim":"Base"}]},{"id":200476149,"year":2014,"styles":[{"id":200476150,"name":"4dr Sedan AWD w/EcoBoost (3.5L 6cyl Turbo 6A)","submodel":{"body":"Sedan","modelName":"MKS Sedan","niceName":"sedan"},"trim":"EcoBoost"},{"id":200476152,"name":"4dr Sedan (3.7L 6cyl 6A)","submodel":{"body":"Sedan","modelName":"MKS Sedan","niceName":"sedan"},"trim":"Base"},{"id":200476151,"name":"4dr Sedan AWD (3.7L 6cyl 6A)","submodel":{"body":"Sedan","modelName":"MKS Sedan","niceName":"sedan"},"trim":"Base"}]},{"id":200711333,"year":2015,"styles":[{"id":200711334,"name":"4dr Sedan (3.7L 6cyl 6A)","submodel":{"body":"Sedan","modelName":"MKS Sedan","niceName":"sedan"},"trim":"Base"},{"id":200711336,"name":"4dr Sedan AWD w/EcoBoost (3.5L 6cyl Turbo 6A)","submodel":{"body":"Sedan","modelName":"MKS Sedan","niceName":"sedan"},"trim":"EcoBoost"},{"id":200711335,"name":"4dr Sedan AWD (3.7L 6cyl 6A)","submodel":{"body":"Sedan","modelName":"MKS Sedan","niceName":"sedan"},"trim":"Base"}]},{"id":401581230,"year":2016,"styles":[{"id":401581233,"name":"4dr Sedan AWD w/EcoBoost (3.5L 6cyl Turbo 6A)","submodel":{"body":"Sedan","modelName":"MKS Sedan","niceName":"sedan"},"trim":"EcoBoost"},{"id":401581231,"name":"4dr Sedan (3.7L 6cyl 6A)","submodel":{"body":"Sedan","modelName":"MKS Sedan","niceName":"sedan"},"trim":"Base"},{"id":401581232,"name":"4dr Sedan AWD (3.7L 6cyl 6A)","submodel":{"body":"Sedan","modelName":"MKS Sedan","niceName":"sedan"},"trim":"Base"}]}]},{"id":"Lincoln_MKT","name":"MKT","niceName":"mkt","years":[{"id":100524800,"year":2010,"styles":[{"id":101137997,"name":"4dr Wagon AWD (3.7L 6cyl 6A)","submodel":{"body":"Wagon","modelName":"MKT Wagon","niceName":"wagon"},"trim":"Base"},{"id":101142054,"name":"4dr Wagon AWD w/EcoBoost (3.5L 6cyl Turbo 6A)","submodel":{"body":"Wagon","modelName":"MKT Wagon","niceName":"wagon"},"trim":"Base"},{"id":101136147,"name":"4dr Wagon (3.7L 6cyl 6A)","submodel":{"body":"Wagon","modelName":"MKT Wagon","niceName":"wagon"},"trim":"Base"}]},{"id":100531649,"year":2011,"styles":[{"id":101302079,"name":"4dr Wagon (3.7L 6cyl 6A)","submodel":{"body":"Wagon","modelName":"MKT Wagon","niceName":"wagon"},"trim":"Base"},{"id":101302080,"name":"4dr Wagon AWD (3.7L 6cyl 6A)","submodel":{"body":"Wagon","modelName":"MKT Wagon","niceName":"wagon"},"trim":"Base"},{"id":101302081,"name":"4dr Wagon AWD w/EcoBoost (3.5L 6cyl Turbo 6A)","submodel":{"body":"Wagon","modelName":"MKT Wagon","niceName":"wagon"},"trim":"Base"}]},{"id":100535190,"year":2012,"styles":[{"id":101385394,"name":"4dr Wagon (3.7L 6cyl 6A)","submodel":{"body":"Wagon","modelName":"MKT Wagon","niceName":"wagon"},"trim":"Base"},{"id":101385395,"name":"4dr Wagon AWD w/EcoBoost (3.5L 6cyl Turbo 6A)","submodel":{"body":"Wagon","modelName":"MKT Wagon","niceName":"wagon"},"trim":"Base"}]},{"id":100538789,"year":2013,"styles":[{"id":101417365,"name":"4dr Wagon AWD w/EcoBoost (3.5L 6cyl Turbo 6A)","submodel":{"body":"Wagon","modelName":"MKT Wagon","niceName":"wagon"},"trim":"Base"},{"id":101417364,"name":"4dr Wagon (3.7L 6cyl 6A)","submodel":{"body":"Wagon","modelName":"MKT Wagon","niceName":"wagon"},"trim":"Base"}]},{"id":200467860,"year":2014,"styles":[{"id":200467862,"name":"4dr Wagon AWD w/EcoBoost (3.5L 6cyl Turbo 6A)","submodel":{"body":"Wagon","modelName":"MKT Wagon","niceName":"wagon"},"trim":"Base"},{"id":200467861,"name":"4dr Wagon (3.7L 6cyl 6A)","submodel":{"body":"Wagon","modelName":"MKT Wagon","niceName":"wagon"},"trim":"Base"}]},{"id":200716688,"year":2015,"styles":[{"id":200716689,"name":"4dr Wagon (3.7L 6cyl 6A)","submodel":{"body":"Wagon","modelName":"MKT Wagon","niceName":"wagon"},"trim":"Base"},{"id":200716690,"name":"4dr Wagon AWD w/EcoBoost (3.5L 6cyl Turbo 6A)","submodel":{"body":"Wagon","modelName":"MKT Wagon","niceName":"wagon"},"trim":"Base"}]},{"id":401593848,"year":2016,"styles":[{"id":401593850,"name":"4dr Wagon AWD w/EcoBoost (3.5L 6cyl Turbo 6A)","submodel":{"body":"Wagon","modelName":"MKT Wagon","niceName":"wagon"},"trim":"Base"},{"id":401593849,"name":"4dr Wagon (3.7L 6cyl 6A)","submodel":{"body":"Wagon","modelName":"MKT Wagon","niceName":"wagon"},"trim":"Base"}]}]},{"id":"Lincoln_MKX","name":"MKX","niceName":"mkx","years":[{"id":100505686,"year":2007,"styles":[{"id":100809634,"name":"4dr SUV (3.5L 6cyl 6A)","submodel":{"body":"SUV","modelName":"MKX SUV","niceName":"suv"},"trim":"Base"},{"id":100809635,"name":"4dr SUV AWD (3.5L 6cyl 6A)","submodel":{"body":"SUV","modelName":"MKX SUV","niceName":"suv"},"trim":"Base"}]},{"id":100524176,"year":2008,"styles":[{"id":100932085,"name":"4dr SUV AWD (3.5L 6cyl 6A)","submodel":{"body":"SUV","modelName":"MKX SUV","niceName":"suv"},"trim":"Base"},{"id":100932084,"name":"4dr SUV (3.5L 6cyl 6A)","submodel":{"body":"SUV","modelName":"MKX SUV","niceName":"suv"},"trim":"Base"}]},{"id":100526610,"year":2009,"styles":[{"id":101123109,"name":"4dr SUV AWD (3.5L 6cyl 6A)","submodel":{"body":"SUV","modelName":"MKX SUV","niceName":"suv"},"trim":"Base"},{"id":101123108,"name":"4dr SUV (3.5L 6cyl 6A)","submodel":{"body":"SUV","modelName":"MKX SUV","niceName":"suv"},"trim":"Base"}]},{"id":100527729,"year":2010,"styles":[{"id":101159285,"name":"4dr SUV (3.5L 6cyl 6A)","submodel":{"body":"SUV","modelName":"MKX SUV","niceName":"suv"},"trim":"Base"},{"id":101159286,"name":"4dr SUV AWD (3.5L 6cyl 6A)","submodel":{"body":"SUV","modelName":"MKX SUV","niceName":"suv"},"trim":"Base"}]},{"id":100530952,"year":2011,"styles":[{"id":101320716,"name":"4dr SUV AWD (3.7L 6cyl 6A)","submodel":{"body":"SUV","modelName":"MKX SUV","niceName":"suv"},"trim":"Base"},{"id":101273297,"name":"4dr SUV (3.7L 6cyl 6A)","submodel":{"body":"SUV","modelName":"MKX SUV","niceName":"suv"},"trim":"Base"}]},{"id":100536389,"year":2012,"styles":[{"id":101399457,"name":"4dr SUV (3.7L 6cyl 6A)","submodel":{"body":"SUV","modelName":"MKX SUV","niceName":"suv"},"trim":"Base"},{"id":101399458,"name":"4dr SUV AWD (3.7L 6cyl 6A)","submodel":{"body":"SUV","modelName":"MKX SUV","niceName":"suv"},"trim":"Base"}]},{"id":100539209,"year":2013,"styles":[{"id":101420659,"name":"4dr SUV (3.7L 6cyl 6A)","submodel":{"body":"SUV","modelName":"MKX SUV","niceName":"suv"},"trim":"Base"},{"id":101420660,"name":"4dr SUV AWD (3.7L 6cyl 6A)","submodel":{"body":"SUV","modelName":"MKX SUV","niceName":"suv"},"trim":"Base"}]},{"id":200496850,"year":2014,"styles":[{"id":200496852,"name":"4dr SUV (3.7L 6cyl 6A)","submodel":{"body":"SUV","modelName":"MKX SUV","niceName":"suv"},"trim":"Base"},{"id":200496851,"name":"4dr SUV AWD (3.7L 6cyl 6A)","submodel":{"body":"SUV","modelName":"MKX SUV","niceName":"suv"},"trim":"Base"}]},{"id":200704057,"year":2015,"styles":[{"id":200704083,"name":"4dr SUV AWD (3.7L 6cyl 6A)","submodel":{"body":"SUV","modelName":"MKX SUV","niceName":"suv"},"trim":"Base"},{"id":200704058,"name":"4dr SUV (3.7L 6cyl 6A)","submodel":{"body":"SUV","modelName":"MKX SUV","niceName":"suv"},"trim":"Base"}]},{"id":200696421,"year":2016,"styles":[{"id":200729336,"name":"Reserve 4dr SUV (3.7L 6cyl 6A)","submodel":{"body":"SUV","modelName":"MKX SUV","niceName":"suv"},"trim":"Reserve"},{"id":200696422,"name":"Premier 4dr SUV (3.7L 6cyl 6A)","submodel":{"body":"SUV","modelName":"MKX SUV","niceName":"suv"},"trim":"Premier"},{"id":200729329,"name":"Select 4dr SUV (3.7L 6cyl 6A)","submodel":{"body":"SUV","modelName":"MKX SUV","niceName":"suv"},"trim":"Select"},{"id":200729313,"name":"Premier 4dr SUV AWD (3.7L 6cyl 6A)","submodel":{"body":"SUV","modelName":"MKX SUV","niceName":"suv"},"trim":"Premier"},{"id":200729332,"name":"Select 4dr SUV AWD (3.7L 6cyl 6A)","submodel":{"body":"SUV","modelName":"MKX SUV","niceName":"suv"},"trim":"Select"},{"id":200729357,"name":"Black Label 4dr SUV AWD (3.7L 6cyl 6A)","submodel":{"body":"SUV","modelName":"MKX SUV","niceName":"suv"},"trim":"Black Label"},{"id":200729355,"name":"Black Label 4dr SUV (3.7L 6cyl 6A)","submodel":{"body":"SUV","modelName":"MKX SUV","niceName":"suv"},"trim":"Black Label"},{"id":200729354,"name":"Reserve 4dr SUV AWD (3.7L 6cyl 6A)","submodel":{"body":"SUV","modelName":"MKX SUV","niceName":"suv"},"trim":"Reserve"}]}]},{"id":"Lincoln_MKZ","name":"MKZ","niceName":"mkz","years":[{"id":100519402,"year":2007,"styles":[{"id":100796754,"name":"4dr Sedan AWD (3.5L 6cyl 6A)","submodel":{"body":"Sedan","modelName":"MKZ Sedan","niceName":"sedan"},"trim":"Base"},{"id":100796753,"name":"4dr Sedan (3.5L 6cyl 6A)","submodel":{"body":"Sedan","modelName":"MKZ Sedan","niceName":"sedan"},"trim":"Base"}]},{"id":100523809,"year":2008,"styles":[{"id":100905566,"name":"4dr Sedan AWD (3.5L 6cyl 6A)","submodel":{"body":"Sedan","modelName":"MKZ Sedan","niceName":"sedan"},"trim":"Base"},{"id":100905565,"name":"4dr Sedan (3.5L 6cyl 6A)","submodel":{"body":"Sedan","modelName":"MKZ Sedan","niceName":"sedan"},"trim":"Base"}]},{"id":100525309,"year":2009,"styles":[{"id":101006977,"name":"4dr Sedan AWD (3.5L 6cyl 6A)","submodel":{"body":"Sedan","modelName":"MKZ Sedan","niceName":"sedan"},"trim":"Base"},{"id":101006976,"name":"4dr Sedan (3.5L 6cyl 6A)","submodel":{"body":"Sedan","modelName":"MKZ Sedan","niceName":"sedan"},"trim":"Base"}]},{"id":100527049,"year":2010,"styles":[{"id":101138002,"name":"4dr Sedan (3.5L 6cyl 6A)","submodel":{"body":"Sedan","modelName":"MKZ Sedan","niceName":"sedan"},"trim":"Base"},{"id":101138003,"name":"4dr Sedan AWD (3.5L 6cyl 6A)","submodel":{"body":"Sedan","modelName":"MKZ Sedan","niceName":"sedan"},"trim":"Base"}]},{"id":100532309,"year":2011,"styles":[{"id":101331667,"name":"4dr Sedan (3.5L 6cyl 6A)","submodel":{"body":"Sedan","modelName":"MKZ Sedan","niceName":"sedan"},"trim":"Base"},{"id":101331668,"name":"4dr Sedan AWD (3.5L 6cyl 6A)","submodel":{"body":"Sedan","modelName":"MKZ Sedan","niceName":"sedan"},"trim":"Base"}]},{"id":100535189,"year":2012,"styles":[{"id":101385674,"name":"Hybrid 4dr Sedan (2.5L 4cyl gas/electric hybrid CVT)","submodel":{"body":"Sedan","fuel":"Hybrid","modelName":"MKZ Hybrid","niceName":"hybrid"},"trim":"Hybrid"},{"id":101385705,"name":"4dr Sedan (3.5L 6cyl 6A)","submodel":{"body":"Sedan","modelName":"MKZ Sedan","niceName":"sedan"},"trim":"Base"},{"id":101385706,"name":"4dr Sedan AWD (3.5L 6cyl 6A)","submodel":{"body":"Sedan","modelName":"MKZ Sedan","niceName":"sedan"},"trim":"Base"}]},{"id":100539470,"year":2013,"styles":[{"id":101426985,"name":"4dr Sedan w/EcoBoost (2.0L 4cyl Turbo 6A)","submodel":{"body":"Sedan","modelName":"MKZ Sedan","niceName":"sedan"},"trim":"Base"},{"id":200428424,"name":"Hybrid 4dr Sedan (2.0L 4cyl gas/electric hybrid CVT)","submodel":{"body":"Sedan","fuel":"Hybrid","modelName":"MKZ Hybrid","niceName":"hybrid"},"trim":"Hybrid"},{"id":200428425,"name":"4dr Sedan AWD w/EcoBoost (2.0L 4cyl Turbo 6A)","submodel":{"body":"Sedan","modelName":"MKZ Sedan","niceName":"sedan"},"trim":"Base"}]},{"id":200480225,"year":2014,"styles":[{"id":200480226,"name":"4dr Sedan w/EcoBoost (2.0L 4cyl Turbo 6A)","submodel":{"body":"Sedan","modelName":"MKZ Sedan","niceName":"sedan"},"trim":"Base"},{"id":200480228,"name":"4dr Sedan AWD w/EcoBoost (2.0L 4cyl Turbo 6A)","submodel":{"body":"Sedan","modelName":"MKZ Sedan","niceName":"sedan"},"trim":"Base"},{"id":200480227,"name":"Hybrid 4dr Sedan (2.0L 4cyl gas/electric hybrid CVT)","submodel":{"body":"Sedan","fuel":"Hybrid","modelName":"MKZ Hybrid","niceName":"hybrid"},"trim":"Hybrid"}]},{"id":200695842,"year":2015,"styles":[{"id":200717510,"name":"Black Label 4dr Sedan AWD (2.0L 4cyl Turbo 6A)","submodel":{"body":"Sedan","modelName":"MKZ Sedan","niceName":"sedan"},"trim":"Black Label"},{"id":200717512,"name":"Black Label Hybrid 4dr Sedan (2.0L 4cyl gas/electric hybrid CVT)","submodel":{"body":"Sedan","fuel":"Hybrid","modelName":"MKZ Hybrid","niceName":"hybrid"},"trim":"Black Label Hybrid"},{"id":200717511,"name":"Black Label 4dr Sedan (2.0L 4cyl Turbo 6A)","submodel":{"body":"Sedan","modelName":"MKZ Sedan","niceName":"sedan"},"trim":"Black Label"},{"id":200695845,"name":"Hybrid 4dr Sedan (2.0L 4cyl gas/electric hybrid CVT)","submodel":{"body":"Sedan","fuel":"Hybrid","modelName":"MKZ Hybrid","niceName":"hybrid"},"trim":"Hybrid"},{"id":200695844,"name":"4dr Sedan (2.0L 4cyl Turbo 6A)","submodel":{"body":"Sedan","modelName":"MKZ Sedan","niceName":"sedan"},"trim":"Base"},{"id":200695843,"name":"4dr Sedan AWD (2.0L 4cyl Turbo 6A)","submodel":{"body":"Sedan","modelName":"MKZ Sedan","niceName":"sedan"},"trim":"Base"}]},{"id":200729075,"year":2016,"styles":[{"id":200729077,"name":"4dr Sedan AWD (2.0L 4cyl Turbo 6A)","submodel":{"body":"Sedan","modelName":"MKZ Sedan","niceName":"sedan"},"trim":"Base"},{"id":200729078,"name":"Hybrid 4dr Sedan (2.0L 4cyl gas/electric hybrid CVT)","submodel":{"body":"Sedan","fuel":"Hybrid","modelName":"MKZ Hybrid","niceName":"hybrid"},"trim":"Hybrid"},{"id":200729076,"name":"4dr Sedan (2.0L 4cyl Turbo 6A)","submodel":{"body":"Sedan","modelName":"MKZ Sedan","niceName":"sedan"},"trim":"Base"},{"id":200729083,"name":"Black Label 4dr Sedan AWD (2.0L 4cyl Turbo 6A)","submodel":{"body":"Sedan","modelName":"MKZ Sedan","niceName":"sedan"},"trim":"Black Label"},{"id":200729084,"name":"Black Label Hybrid 4dr Sedan (2.0L 4cyl gas/electric hybrid CVT)","submodel":{"body":"Sedan","fuel":"Hybrid","modelName":"MKZ Hybrid","niceName":"hybrid"},"trim":"Black Label Hybrid"},{"id":200729082,"name":"Black Label 4dr Sedan (2.0L 4cyl Turbo 6A)","submodel":{"body":"Sedan","modelName":"MKZ Sedan","niceName":"sedan"},"trim":"Black Label"}]},{"id":401630475,"year":2017,"styles":[{"id":401630479,"name":"Reserve 4dr Sedan AWD (2.0L 4cyl Turbo 6A)","submodel":{"body":"Sedan","modelName":"MKZ Sedan","niceName":"sedan"},"trim":"Reserve"},{"id":401630625,"name":"Black Label 4dr Sedan (2.0L 4cyl Turbo 6A)","submodel":{"body":"Sedan","modelName":"MKZ Sedan","niceName":"sedan"},"trim":"Black Label"},{"id":401630480,"name":"Reserve 4dr Sedan (2.0L 4cyl Turbo 6A)","submodel":{"body":"Sedan","modelName":"MKZ Sedan","niceName":"sedan"},"trim":"Reserve"},{"id":401630477,"name":"Premiere 4dr Sedan AWD (2.0L 4cyl Turbo 6A)","submodel":{"body":"Sedan","modelName":"MKZ Sedan","niceName":"sedan"},"trim":"Premiere"},{"id":401630478,"name":"Select 4dr Sedan (2.0L 4cyl Turbo 6A)","submodel":{"body":"Sedan","modelName":"MKZ Sedan","niceName":"sedan"},"trim":"Select"},{"id":401630484,"name":"Hybrid Select 4dr Sedan (2.0L 4cyl gas/electric hybrid CVT)","submodel":{"body":"Sedan","fuel":"Hybrid","modelName":"MKZ Hybrid","niceName":"hybrid"},"trim":"Hybrid Select"},{"id":401630483,"name":"Hybrid Reserve 4dr Sedan (2.0L 4cyl gas/electric hybrid CVT)","submodel":{"body":"Sedan","fuel":"Hybrid","modelName":"MKZ Hybrid","niceName":"hybrid"},"trim":"Hybrid Reserve"},{"id":401630482,"name":"Premiere 4dr Sedan (2.0L 4cyl Turbo 6A)","submodel":{"body":"Sedan","modelName":"MKZ Sedan","niceName":"sedan"},"trim":"Premiere"},{"id":401630481,"name":"Select 4dr Sedan AWD (2.0L 4cyl Turbo 6A)","submodel":{"body":"Sedan","modelName":"MKZ Sedan","niceName":"sedan"},"trim":"Select"},{"id":401630623,"name":"Hybrid Black Label 4dr Sedan (2.0L 4cyl gas/electric hybrid CVT)","submodel":{"body":"Sedan","fuel":"Hybrid","modelName":"MKZ Hybrid","niceName":"hybrid"},"trim":"Hybrid Black Label"},{"id":401630624,"name":"Black Label 4dr Sedan AWD (2.0L 4cyl Turbo 6A)","submodel":{"body":"Sedan","modelName":"MKZ Sedan","niceName":"sedan"},"trim":"Black Label"},{"id":401630485,"name":"Hybrid Premier 4dr Sedan (2.0L 4cyl gas/electric hybrid CVT)","submodel":{"body":"Sedan","fuel":"Hybrid","modelName":"MKZ Hybrid","niceName":"hybrid"},"trim":"Hybrid Premier"}]}]},{"id":"Lincoln_MKZ_Hybrid","name":"MKZ Hybrid","niceName":"mkz-hybrid","years":[{"id":100531551,"year":2011,"styles":[{"id":101302553,"name":"4dr Sedan (2.5L 4cyl gas/electric hybrid CVT)","submodel":{"body":"Sedan","modelName":"MKZ Hybrid Sedan","niceName":"sedan"},"trim":"Base"}]}]},{"id":"Lincoln_Mark_LT","name":"Mark LT","niceName":"mark-lt","years":[{"id":100503881,"year":2006,"styles":[{"id":100510109,"name":"4dr SuperCrew SB (5.4L 8cyl 4A)","submodel":{"body":"Crew Cab","modelName":"Mark LT Crew Cab","niceName":"crew-cab"},"trim":"Base"},{"id":100510110,"name":"4dr SuperCrew 4WD SB (5.4L 8cyl 4A)","submodel":{"body":"Crew Cab","modelName":"Mark LT Crew Cab","niceName":"crew-cab"},"trim":"Base"}]},{"id":100519287,"year":2007,"styles":[{"id":100785470,"name":"4dr SuperCrew 4WD 6.5 ft. SB (5.4L 8cyl 4A)","submodel":{"body":"Crew Cab","modelName":"Mark LT Crew Cab","niceName":"crew-cab"},"trim":"Base"},{"id":100785469,"name":"4dr SuperCrew 6.5 ft. SB (5.4L 8cyl 4A)","submodel":{"body":"Crew Cab","modelName":"Mark LT Crew Cab","niceName":"crew-cab"},"trim":"Base"},{"id":100785423,"name":"4dr SuperCrew 4WD 5.5 ft. SB (5.4L 8cyl 4A)","submodel":{"body":"Crew Cab","modelName":"Mark LT Crew Cab","niceName":"crew-cab"},"trim":"Base"},{"id":100785422,"name":"4dr SuperCrew 5.5 ft. SB (5.4L 8cyl 4A)","submodel":{"body":"Crew Cab","modelName":"Mark LT Crew Cab","niceName":"crew-cab"},"trim":"Base"}]},{"id":100523978,"year":2008,"styles":[{"id":100908181,"name":"4dr SuperCrew 6.5 ft. SB (5.4L 8cyl 4A)","submodel":{"body":"Crew Cab","modelName":"Mark LT Crew Cab","niceName":"crew-cab"},"trim":"Base"},{"id":100908182,"name":"4dr SuperCrew 4WD 6.5 ft. SB (5.4L 8cyl 4A)","submodel":{"body":"Crew Cab","modelName":"Mark LT Crew Cab","niceName":"crew-cab"},"trim":"Base"},{"id":100908179,"name":"4dr SuperCrew 5.5 ft. SB (5.4L 8cyl 4A)","submodel":{"body":"Crew Cab","modelName":"Mark LT Crew Cab","niceName":"crew-cab"},"trim":"Base"},{"id":100908180,"name":"4dr SuperCrew 4WD 5.5 ft. SB (5.4L 8cyl 4A)","submodel":{"body":"Crew Cab","modelName":"Mark LT Crew Cab","niceName":"crew-cab"},"trim":"Base"}]}]},{"id":"Lincoln_Mark_VII","name":"Mark VII","niceName":"mark-vii","years":[{"id":1918,"year":1990,"styles":[{"id":13941,"name":"LSC 2dr Coupe","submodel":{"body":"Coupe","modelName":"Mark VII Coupe","niceName":"coupe"},"trim":"LSC"},{"id":13939,"name":"Bill Blass 2dr Coupe","submodel":{"body":"Coupe","modelName":"Mark VII Coupe","niceName":"coupe"},"trim":"Bill Blass"}]},{"id":1919,"year":1991,"styles":[{"id":13934,"name":"LSC 2dr Coupe","submodel":{"body":"Coupe","modelName":"Mark VII Coupe","niceName":"coupe"},"trim":"LSC"},{"id":13932,"name":"Bill Blass 2dr Coupe","submodel":{"body":"Coupe","modelName":"Mark VII Coupe","niceName":"coupe"},"trim":"Bill Blass"}]},{"id":1920,"year":1992,"styles":[{"id":13925,"name":"Bill Blass 2dr Coupe","submodel":{"body":"Coupe","modelName":"Mark VII Coupe","niceName":"coupe"},"trim":"Bill Blass"},{"id":13929,"name":"LSC 2dr Coupe","submodel":{"body":"Coupe","modelName":"Mark VII Coupe","niceName":"coupe"},"trim":"LSC"}]}]},{"id":"Lincoln_Mark_VIII","name":"Mark VIII","niceName":"mark-viii","years":[{"id":699,"year":1993,"styles":[{"id":13924,"name":"2dr Coupe","submodel":{"body":"Coupe","modelName":"Mark VIII Coupe","niceName":"coupe"},"trim":"Base"}]},{"id":1921,"year":1994,"styles":[{"id":2835,"name":"2dr Coupe","submodel":{"body":"Coupe","modelName":"Mark VIII Coupe","niceName":"coupe"},"trim":"Base"}]},{"id":1922,"year":1995,"styles":[{"id":2826,"name":"LSC 2dr Coupe","submodel":{"body":"Coupe","modelName":"Mark VIII Coupe","niceName":"coupe"},"trim":"LSC"},{"id":2828,"name":"2dr Coupe","submodel":{"body":"Coupe","modelName":"Mark VIII Coupe","niceName":"coupe"},"trim":"Base"}]},{"id":700,"year":1996,"styles":[{"id":2822,"name":"2dr Coupe","submodel":{"body":"Coupe","modelName":"Mark VIII Coupe","niceName":"coupe"},"trim":"Base"},{"id":2820,"name":"LSC 2dr Coupe","submodel":{"body":"Coupe","modelName":"Mark VIII Coupe","niceName":"coupe"},"trim":"LSC"}]},{"id":1923,"year":1997,"styles":[{"id":14680,"name":"LSC 2dr Coupe","submodel":{"body":"Coupe","modelName":"Mark VIII Coupe","niceName":"coupe"},"trim":"LSC"},{"id":183,"name":"2dr Coupe","submodel":{"body":"Coupe","modelName":"Mark VIII Coupe","niceName":"coupe"},"trim":"Base"}]},{"id":1924,"year":1998,"styles":[{"id":17411,"name":"2dr Coupe","submodel":{"body":"Coupe","modelName":"Mark VIII Coupe","niceName":"coupe"},"trim":"Base"},{"id":17412,"name":"LSC 2dr Coupe","submodel":{"body":"Coupe","modelName":"Mark VIII Coupe","niceName":"coupe"},"trim":"LSC"}]}]},{"id":"Lincoln_Navigator","name":"Navigator","niceName":"navigator","years":[{"id":1925,"year":1998,"styles":[{"id":10466,"name":"4dr SUV","submodel":{"body":"SUV","modelName":"Navigator SUV","niceName":"suv"},"trim":"Base"},{"id":10468,"name":"4dr SUV 4WD","submodel":{"body":"SUV","modelName":"Navigator SUV","niceName":"suv"},"trim":"Base"}]},{"id":987,"year":1999,"styles":[{"id":7677,"name":"4dr SUV","submodel":{"body":"SUV","modelName":"Navigator SUV","niceName":"suv"},"trim":"Base"},{"id":7679,"name":"4dr SUV 4WD","submodel":{"body":"SUV","modelName":"Navigator SUV","niceName":"suv"},"trim":"Base"}]},{"id":1133,"year":2000,"styles":[{"id":11763,"name":"4dr SUV 4WD","submodel":{"body":"SUV","modelName":"Navigator SUV","niceName":"suv"},"trim":"Base"},{"id":11762,"name":"4dr SUV","submodel":{"body":"SUV","modelName":"Navigator SUV","niceName":"suv"},"trim":"Base"}]},{"id":100000165,"year":2001,"styles":[{"id":100001424,"name":"2WD 4dr SUV (5.4L 8cyl 4A)","submodel":{"body":"SUV","modelName":"Navigator SUV","niceName":"suv"},"trim":"Base"},{"id":100001425,"name":"4WD 4dr SUV (5.4L 8cyl 4A)","submodel":{"body":"SUV","modelName":"Navigator SUV","niceName":"suv"},"trim":"Base"}]},{"id":100000352,"year":2002,"styles":[{"id":100002312,"name":"2WD 4dr SUV (5.4L 8cyl 4A)","submodel":{"body":"SUV","modelName":"Navigator SUV","niceName":"suv"},"trim":"Base"},{"id":100002311,"name":"4WD 4dr SUV (5.4L 8cyl 4A)","submodel":{"body":"SUV","modelName":"Navigator SUV","niceName":"suv"},"trim":"Base"}]},{"id":100502610,"year":2003,"styles":[{"id":100075382,"name":"Luxury 4WD 4dr SUV (5.4L 8cyl 4A)","submodel":{"body":"SUV","modelName":"Navigator SUV","niceName":"suv"},"trim":"Luxury"},{"id":100075381,"name":"Ultimate Rwd 4dr SUV (5.4L 8cyl 4A)","submodel":{"body":"SUV","modelName":"Navigator SUV","niceName":"suv"},"trim":"Ultimate"},{"id":100075378,"name":"Premium Rwd 4dr SUV (5.4L 8cyl 4A)","submodel":{"body":"SUV","modelName":"Navigator SUV","niceName":"suv"},"trim":"Premium"},{"id":100075374,"name":"Luxury Rwd 4dr SUV (5.4L 8cyl 4A)","submodel":{"body":"SUV","modelName":"Navigator SUV","niceName":"suv"},"trim":"Luxury"},{"id":100075386,"name":"Ultimate 4WD 4dr SUV (5.4L 8cyl 4A)","submodel":{"body":"SUV","modelName":"Navigator SUV","niceName":"suv"},"trim":"Ultimate"},{"id":100075385,"name":"Premium 4WD 4dr SUV (5.4L 8cyl 4A)","submodel":{"body":"SUV","modelName":"Navigator SUV","niceName":"suv"},"trim":"Premium"}]},{"id":100503504,"year":2004,"styles":[{"id":100294770,"name":"Ultimate 4WD 4dr SUV (5.4L 8cyl 4A)","submodel":{"body":"SUV","modelName":"Navigator SUV","niceName":"suv"},"trim":"Ultimate"},{"id":100294769,"name":"Luxury 4WD 4dr SUV (5.4L 8cyl 4A)","submodel":{"body":"SUV","modelName":"Navigator SUV","niceName":"suv"},"trim":"Luxury"},{"id":100294766,"name":"Luxury Rwd 4dr SUV (5.4L 8cyl 4A)","submodel":{"body":"SUV","modelName":"Navigator SUV","niceName":"suv"},"trim":"Luxury"},{"id":100294767,"name":"Ultimate Rwd 4dr SUV (5.4L 8cyl 4A)","submodel":{"body":"SUV","modelName":"Navigator SUV","niceName":"suv"},"trim":"Ultimate"}]},{"id":100505082,"year":2005,"styles":[{"id":100463367,"name":"Ultimate Rwd 4dr SUV (5.4L 8cyl 6A)","submodel":{"body":"SUV","modelName":"Navigator SUV","niceName":"suv"},"trim":"Ultimate"},{"id":100463368,"name":"Luxury Rwd 4dr SUV (5.4L 8cyl 6A)","submodel":{"body":"SUV","modelName":"Navigator SUV","niceName":"suv"},"trim":"Luxury"},{"id":100463365,"name":"Ultimate 4WD 4dr SUV (5.4L 8cyl 6A)","submodel":{"body":"SUV","modelName":"Navigator SUV","niceName":"suv"},"trim":"Ultimate"},{"id":100463366,"name":"Luxury 4WD 4dr SUV (5.4L 8cyl 6A)","submodel":{"body":"SUV","modelName":"Navigator SUV","niceName":"suv"},"trim":"Luxury"}]},{"id":100505829,"year":2006,"styles":[{"id":100530859,"name":"Luxury 4dr SUV 4WD (5.4L 8cyl 6A)","submodel":{"body":"SUV","modelName":"Navigator SUV","niceName":"suv"},"trim":"Luxury"},{"id":100530860,"name":"Ultimate 4dr SUV 4WD (5.4L 8cyl 6A)","submodel":{"body":"SUV","modelName":"Navigator SUV","niceName":"suv"},"trim":"Ultimate"},{"id":100530858,"name":"Ultimate 4dr SUV (5.4L 8cyl 6A)","submodel":{"body":"SUV","modelName":"Navigator SUV","niceName":"suv"},"trim":"Ultimate"},{"id":100530856,"name":"Luxury 4dr SUV (5.4L 8cyl 6A)","submodel":{"body":"SUV","modelName":"Navigator SUV","niceName":"suv"},"trim":"Luxury"}]},{"id":100505833,"year":2007,"styles":[{"id":100782234,"name":"Luxury 4dr SUV (5.4L 8cyl 6A)","submodel":{"body":"SUV","modelName":"Navigator SUV","niceName":"suv"},"trim":"Luxury"},{"id":100782235,"name":"Ultimate 4dr SUV (5.4L 8cyl 6A)","submodel":{"body":"SUV","modelName":"Navigator SUV","niceName":"suv"},"trim":"Ultimate"},{"id":100782236,"name":"Luxury 4dr SUV 4WD (5.4L 8cyl 6A)","submodel":{"body":"SUV","modelName":"Navigator SUV","niceName":"suv"},"trim":"Luxury"},{"id":100782237,"name":"Ultimate 4dr SUV 4WD (5.4L 8cyl 6A)","submodel":{"body":"SUV","modelName":"Navigator SUV","niceName":"suv"},"trim":"Ultimate"}]},{"id":100523309,"year":2008,"styles":[{"id":100886992,"name":"4dr SUV (5.4L 8cyl 6A)","submodel":{"body":"SUV","modelName":"Navigator SUV","niceName":"suv"},"trim":"Base"},{"id":100886994,"name":"4dr SUV 4WD (5.4L 8cyl 6A)","submodel":{"body":"SUV","modelName":"Navigator SUV","niceName":"suv"},"trim":"Base"}]},{"id":100526310,"year":2009,"styles":[{"id":101082196,"name":"4dr SUV 4WD (5.4L 8cyl 6A)","submodel":{"body":"SUV","modelName":"Navigator SUV","niceName":"suv"},"trim":"Base"},{"id":101082195,"name":"4dr SUV (5.4L 8cyl 6A)","submodel":{"body":"SUV","modelName":"Navigator SUV","niceName":"suv"},"trim":"Base"}]},{"id":100528469,"year":2010,"styles":[{"id":101181503,"name":"L 4dr SUV 4WD (5.4L 8cyl 6A)","submodel":{"body":"SUV","modelName":"Navigator SUV","niceName":"suv"},"trim":"L"},{"id":101181502,"name":"L 4dr SUV (5.4L 8cyl 6A)","submodel":{"body":"SUV","modelName":"Navigator SUV","niceName":"suv"},"trim":"L"},{"id":101181399,"name":"4dr SUV 4WD (5.4L 8cyl 6A)","submodel":{"body":"SUV","modelName":"Navigator SUV","niceName":"suv"},"trim":"Base"},{"id":101181398,"name":"4dr SUV (5.4L 8cyl 6A)","submodel":{"body":"SUV","modelName":"Navigator SUV","niceName":"suv"},"trim":"Base"}]},{"id":100532470,"year":2011,"styles":[{"id":101338332,"name":"L 4dr SUV 4WD (5.4L 8cyl 6A)","submodel":{"body":"SUV","modelName":"Navigator SUV","niceName":"suv"},"trim":"L"},{"id":101338214,"name":"4dr SUV (5.4L 8cyl 6A)","submodel":{"body":"SUV","modelName":"Navigator SUV","niceName":"suv"},"trim":"Base"},{"id":101338215,"name":"4dr SUV 4WD (5.4L 8cyl 6A)","submodel":{"body":"SUV","modelName":"Navigator SUV","niceName":"suv"},"trim":"Base"},{"id":101338216,"name":"L 4dr SUV (5.4L 8cyl 6A)","submodel":{"body":"SUV","modelName":"Navigator SUV","niceName":"suv"},"trim":"L"}]},{"id":100537149,"year":2012,"styles":[{"id":101403967,"name":"L 4dr SUV 4WD (5.4L 8cyl 6A)","submodel":{"body":"SUV","modelName":"Navigator SUV","niceName":"suv"},"trim":"L"},{"id":101403966,"name":"L 4dr SUV (5.4L 8cyl 6A)","submodel":{"body":"SUV","modelName":"Navigator SUV","niceName":"suv"},"trim":"L"},{"id":101403965,"name":"4dr SUV 4WD (5.4L 8cyl 6A)","submodel":{"body":"SUV","modelName":"Navigator SUV","niceName":"suv"},"trim":"Base"},{"id":101403964,"name":"4dr SUV (5.4L 8cyl 6A)","submodel":{"body":"SUV","modelName":"Navigator SUV","niceName":"suv"},"trim":"Base"}]},{"id":200433477,"year":2013,"styles":[{"id":200433478,"name":"4dr SUV (5.4L 8cyl 6A)","submodel":{"body":"SUV","modelName":"Navigator SUV","niceName":"suv"},"trim":"Base"},{"id":200433479,"name":"4dr SUV 4WD (5.4L 8cyl 6A)","submodel":{"body":"SUV","modelName":"Navigator SUV","niceName":"suv"},"trim":"Base"},{"id":200433480,"name":"L 4dr SUV (5.4L 8cyl 6A)","submodel":{"body":"SUV","modelName":"Navigator SUV","niceName":"suv"},"trim":"L"},{"id":200433481,"name":"L 4dr SUV 4WD (5.4L 8cyl 6A)","submodel":{"body":"SUV","modelName":"Navigator SUV","niceName":"suv"},"trim":"L"}]},{"id":200480566,"year":2014,"styles":[{"id":200480567,"name":"4dr SUV (5.4L 8cyl 6A)","submodel":{"body":"SUV","modelName":"Navigator SUV","niceName":"suv"},"trim":"Base"},{"id":200480568,"name":"4dr SUV 4WD (5.4L 8cyl 6A)","submodel":{"body":"SUV","modelName":"Navigator SUV","niceName":"suv"},"trim":"Base"},{"id":200480569,"name":"L 4dr SUV (5.4L 8cyl 6A)","submodel":{"body":"SUV","modelName":"Navigator SUV","niceName":"suv"},"trim":"L"},{"id":200480570,"name":"L 4dr SUV 4WD (5.4L 8cyl 6A)","submodel":{"body":"SUV","modelName":"Navigator SUV","niceName":"suv"},"trim":"L"}]},{"id":200491058,"year":2015,"styles":[{"id":200697971,"name":"L 4dr SUV 4WD (3.5L 6cyl Turbo 6A)","submodel":{"body":"SUV","modelName":"Navigator SUV","niceName":"suv"},"trim":"L"},{"id":200697970,"name":"L 4dr SUV (3.5L 6cyl Turbo 6A)","submodel":{"body":"SUV","modelName":"Navigator SUV","niceName":"suv"},"trim":"L"},{"id":200697969,"name":"4dr SUV 4WD (3.5L 6cyl Turbo 6A)","submodel":{"body":"SUV","modelName":"Navigator SUV","niceName":"suv"},"trim":"Base"},{"id":200491059,"name":"4dr SUV (3.5L 6cyl Turbo 6A)","submodel":{"body":"SUV","modelName":"Navigator SUV","niceName":"suv"},"trim":"Base"}]},{"id":200737083,"year":2016,"styles":[{"id":200737221,"name":"Select 4dr SUV 4WD (3.5L 6cyl Turbo 6A)","submodel":{"body":"SUV","modelName":"Navigator SUV","niceName":"suv"},"trim":"Select"},{"id":200737089,"name":"Select 4dr SUV (3.5L 6cyl Turbo 6A)","submodel":{"body":"SUV","modelName":"Navigator SUV","niceName":"suv"},"trim":"Select"},{"id":200737241,"name":"Reserve 4dr SUV 4WD (3.5L 6cyl Turbo 6A)","submodel":{"body":"SUV","modelName":"Navigator SUV","niceName":"suv"},"trim":"Reserve"},{"id":200737242,"name":"L Select 4dr SUV (3.5L 6cyl Turbo 6A)","submodel":{"body":"SUV","modelName":"Navigator SUV","niceName":"suv"},"trim":"L Select"},{"id":200737243,"name":"L Reserve 4dr SUV (3.5L 6cyl Turbo 6A)","submodel":{"body":"SUV","modelName":"Navigator SUV","niceName":"suv"},"trim":"L Reserve"},{"id":200737167,"name":"Reserve 4dr SUV (3.5L 6cyl Turbo 6A)","submodel":{"body":"SUV","modelName":"Navigator SUV","niceName":"suv"},"trim":"Reserve"},{"id":200737244,"name":"L Select 4dr SUV 4WD (3.5L 6cyl Turbo 6A)","submodel":{"body":"SUV","modelName":"Navigator SUV","niceName":"suv"},"trim":"L Select"},{"id":200737247,"name":"L Reserve 4dr SUV 4WD (3.5L 6cyl Turbo 6A)","submodel":{"body":"SUV","modelName":"Navigator SUV","niceName":"suv"},"trim":"L Reserve"}]},{"id":401640543,"year":2017,"styles":[{"id":401640550,"name":"L Reserve 4dr SUV 4WD (3.5L 6cyl Turbo 6A)","submodel":{"body":"SUV","modelName":"Navigator SUV","niceName":"suv"},"trim":"L Reserve"},{"id":401640549,"name":"Select 4dr SUV (3.5L 6cyl Turbo 6A)","submodel":{"body":"SUV","modelName":"Navigator SUV","niceName":"suv"},"trim":"Select"},{"id":401640551,"name":"L Select 4dr SUV 4WD (3.5L 6cyl Turbo 6A)","submodel":{"body":"SUV","modelName":"Navigator SUV","niceName":"suv"},"trim":"L Select"},{"id":401640544,"name":"Select 4dr SUV 4WD (3.5L 6cyl Turbo 6A)","submodel":{"body":"SUV","modelName":"Navigator SUV","niceName":"suv"},"trim":"Select"},{"id":401640546,"name":"Reserve 4dr SUV (3.5L 6cyl Turbo 6A)","submodel":{"body":"SUV","modelName":"Navigator SUV","niceName":"suv"},"trim":"Reserve"},{"id":401640545,"name":"L Select 4dr SUV (3.5L 6cyl Turbo 6A)","submodel":{"body":"SUV","modelName":"Navigator SUV","niceName":"suv"},"trim":"L Select"},{"id":401640548,"name":"Reserve 4dr SUV 4WD (3.5L 6cyl Turbo 6A)","submodel":{"body":"SUV","modelName":"Navigator SUV","niceName":"suv"},"trim":"Reserve"},{"id":401640547,"name":"L Reserve 4dr SUV (3.5L 6cyl Turbo 6A)","submodel":{"body":"SUV","modelName":"Navigator SUV","niceName":"suv"},"trim":"L Reserve"}]}]},{"id":"Lincoln_Navigator_L","name":"Navigator L","niceName":"navigator-l","years":[{"id":100520326,"year":2007,"styles":[{"id":100832069,"name":"Luxury 4dr SUV (5.4L 8cyl 6A)","submodel":{"body":"SUV","modelName":"Navigator L SUV","niceName":"suv"},"trim":"Luxury"},{"id":100832188,"name":"Luxury 4dr SUV 4WD (5.4L 8cyl 6A)","submodel":{"body":"SUV","modelName":"Navigator L SUV","niceName":"suv"},"trim":"Luxury"}]},{"id":100523389,"year":2008,"styles":[{"id":100888538,"name":"4dr SUV 4WD (5.4L 8cyl 6A)","submodel":{"body":"SUV","modelName":"Navigator L SUV","niceName":"suv"},"trim":"Base"},{"id":100888537,"name":"4dr SUV (5.4L 8cyl 6A)","submodel":{"body":"SUV","modelName":"Navigator L SUV","niceName":"suv"},"trim":"Base"}]},{"id":100526311,"year":2009,"styles":[{"id":101081833,"name":"4dr SUV (5.4L 8cyl 6A)","submodel":{"body":"SUV","modelName":"Navigator L SUV","niceName":"suv"},"trim":"Base"},{"id":101081834,"name":"4dr SUV 4WD (5.4L 8cyl 6A)","submodel":{"body":"SUV","modelName":"Navigator L SUV","niceName":"suv"},"trim":"Base"}]}]},{"id":"Lincoln_Town_Car","name":"Town Car","niceName":"town-car","years":[{"id":1926,"year":1990,"styles":[{"id":13944,"name":"4dr Sedan","submodel":{"body":"Sedan","modelName":"Town Car Sedan","niceName":"sedan"},"trim":"Base"},{"id":13942,"name":"Signature 4dr Sedan","submodel":{"body":"Sedan","modelName":"Town Car Sedan","niceName":"sedan"},"trim":"Signature"},{"id":13940,"name":"Cartier 4dr Sedan","submodel":{"body":"Sedan","modelName":"Town Car Sedan","niceName":"sedan"},"trim":"Cartier"}]},{"id":1927,"year":1991,"styles":[{"id":13938,"name":"4dr Sedan","submodel":{"body":"Sedan","modelName":"Town Car Sedan","niceName":"sedan"},"trim":"Base"},{"id":13936,"name":"Signature 4dr Sedan","submodel":{"body":"Sedan","modelName":"Town Car Sedan","niceName":"sedan"},"trim":"Signature"},{"id":13933,"name":"Cartier 4dr Sedan","submodel":{"body":"Sedan","modelName":"Town Car Sedan","niceName":"sedan"},"trim":"Cartier"}]},{"id":702,"year":1992,"styles":[{"id":13928,"name":"Executive 4dr Sedan","submodel":{"body":"Sedan","modelName":"Town Car Sedan","niceName":"sedan"},"trim":"Executive"},{"id":13926,"name":"Cartier 4dr Sedan","submodel":{"body":"Sedan","modelName":"Town Car Sedan","niceName":"sedan"},"trim":"Cartier"},{"id":13931,"name":"Signature 4dr Sedan","submodel":{"body":"Sedan","modelName":"Town Car Sedan","niceName":"sedan"},"trim":"Signature"}]},{"id":1928,"year":1993,"styles":[{"id":2837,"name":"Executive 4dr Sedan","submodel":{"body":"Sedan","modelName":"Town Car Sedan","niceName":"sedan"},"trim":"Executive"},{"id":13923,"name":"Signature 4dr Sedan","submodel":{"body":"Sedan","modelName":"Town Car Sedan","niceName":"sedan"},"trim":"Signature"},{"id":2836,"name":"Cartier 4dr Sedan","submodel":{"body":"Sedan","modelName":"Town Car Sedan","niceName":"sedan"},"trim":"Cartier"}]},{"id":1929,"year":1994,"styles":[{"id":2834,"name":"Signature 4dr Sedan","submodel":{"body":"Sedan","modelName":"Town Car Sedan","niceName":"sedan"},"trim":"Signature"},{"id":2830,"name":"Cartier 4dr Sedan","submodel":{"body":"Sedan","modelName":"Town Car Sedan","niceName":"sedan"},"trim":"Cartier"},{"id":2832,"name":"Executive 4dr Sedan","submodel":{"body":"Sedan","modelName":"Town Car Sedan","niceName":"sedan"},"trim":"Executive"}]},{"id":703,"year":1995,"styles":[{"id":2824,"name":"Cartier 4dr Sedan","submodel":{"body":"Sedan","modelName":"Town Car Sedan","niceName":"sedan"},"trim":"Cartier"},{"id":2825,"name":"Executive 4dr Sedan","submodel":{"body":"Sedan","modelName":"Town Car Sedan","niceName":"sedan"},"trim":"Executive"},{"id":2827,"name":"Signature 4dr Sedan","submodel":{"body":"Sedan","modelName":"Town Car Sedan","niceName":"sedan"},"trim":"Signature"}]},{"id":1930,"year":1996,"styles":[{"id":2821,"name":"Signature 4dr Sedan","submodel":{"body":"Sedan","modelName":"Town Car Sedan","niceName":"sedan"},"trim":"Signature"},{"id":2817,"name":"Cartier 4dr Sedan","submodel":{"body":"Sedan","modelName":"Town Car Sedan","niceName":"sedan"},"trim":"Cartier"},{"id":2819,"name":"Executive 4dr Sedan","submodel":{"body":"Sedan","modelName":"Town Car Sedan","niceName":"sedan"},"trim":"Executive"}]},{"id":1931,"year":1997,"styles":[{"id":190,"name":"Cartier 4dr Sedan","submodel":{"body":"Sedan","modelName":"Town Car Sedan","niceName":"sedan"},"trim":"Cartier"},{"id":185,"name":"Executive 4dr Sedan","submodel":{"body":"Sedan","modelName":"Town Car Sedan","niceName":"sedan"},"trim":"Executive"},{"id":188,"name":"Signature 4dr Sedan","submodel":{"body":"Sedan","modelName":"Town Car Sedan","niceName":"sedan"},"trim":"Signature"}]},{"id":704,"year":1998,"styles":[{"id":14251,"name":"Cartier 4dr Sedan","submodel":{"body":"Sedan","modelName":"Town Car Sedan","niceName":"sedan"},"trim":"Cartier"},{"id":14252,"name":"Executive 4dr Sedan","submodel":{"body":"Sedan","modelName":"Town Car Sedan","niceName":"sedan"},"trim":"Executive"},{"id":14253,"name":"Signature 4dr Sedan","submodel":{"body":"Sedan","modelName":"Town Car Sedan","niceName":"sedan"},"trim":"Signature"}]},{"id":3573,"year":1999,"styles":[{"id":12381,"name":"Signature 4dr Sedan","submodel":{"body":"Sedan","modelName":"Town Car Sedan","niceName":"sedan"},"trim":"Signature"},{"id":12383,"name":"Cartier 4dr Sedan","submodel":{"body":"Sedan","modelName":"Town Car Sedan","niceName":"sedan"},"trim":"Cartier"},{"id":12379,"name":"Executive 4dr Sedan","submodel":{"body":"Sedan","modelName":"Town Car Sedan","niceName":"sedan"},"trim":"Executive"}]},{"id":514,"year":2000,"styles":[{"id":11766,"name":"Cartier 4dr Sedan","submodel":{"body":"Sedan","modelName":"Town Car Sedan","niceName":"sedan"},"trim":"Cartier"},{"id":11765,"name":"Signature 4dr Sedan","submodel":{"body":"Sedan","modelName":"Town Car Sedan","niceName":"sedan"},"trim":"Signature"},{"id":11764,"name":"Executive 4dr Sedan","submodel":{"body":"Sedan","modelName":"Town Car Sedan","niceName":"sedan"},"trim":"Executive"},{"id":18426,"name":"Cartier L 4dr Sedan","submodel":{"body":"Sedan","modelName":"Town Car Sedan","niceName":"sedan"},"trim":"Cartier L"},{"id":18427,"name":"Executive L 4dr Sedan","submodel":{"body":"Sedan","modelName":"Town Car Sedan","niceName":"sedan"},"trim":"Executive L"}]},{"id":100000164,"year":2001,"styles":[{"id":100001426,"name":"Cartier 4dr Sedan (4.6L 8cyl 4A)","submodel":{"body":"Sedan","modelName":"Town Car Sedan","niceName":"sedan"},"trim":"Cartier"},{"id":100001428,"name":"Executive 4dr Sedan (4.6L 8cyl 4A)","submodel":{"body":"Sedan","modelName":"Town Car Sedan","niceName":"sedan"},"trim":"Executive"},{"id":100001427,"name":"Cartier L 4dr Sedan (4.6L 8cyl 4A)","submodel":{"body":"Sedan","modelName":"Town Car Sedan","niceName":"sedan"},"trim":"Cartier L"},{"id":100001430,"name":"Signature 4dr Sedan (4.6L 8cyl 4A)","submodel":{"body":"Sedan","modelName":"Town Car Sedan","niceName":"sedan"},"trim":"Signature"}]},{"id":3750,"year":2002,"styles":[{"id":100002365,"name":"Signature Touring 4dr Sedan (4.6L 8cyl 4A)","submodel":{"body":"Sedan","modelName":"Town Car Sedan","niceName":"sedan"},"trim":"Signature Touring"},{"id":100002332,"name":"Cartier 4dr Sedan (4.6L 8cyl 4A)","submodel":{"body":"Sedan","modelName":"Town Car Sedan","niceName":"sedan"},"trim":"Cartier"},{"id":100002366,"name":"Premium Signature 4dr Sedan (4.6L 8cyl 4A)","submodel":{"body":"Sedan","modelName":"Town Car Sedan","niceName":"sedan"},"trim":"Premium Signature"},{"id":100002333,"name":"Executive 4dr Sedan (4.6L 8cyl 4A)","submodel":{"body":"Sedan","modelName":"Town Car Sedan","niceName":"sedan"},"trim":"Executive"},{"id":100002363,"name":"Premium Touring 4dr Sedan (4.6L 8cyl 4A)","submodel":{"body":"Sedan","modelName":"Town Car Sedan","niceName":"sedan"},"trim":"Premium Touring"},{"id":100002334,"name":"Signature 4dr Sedan (4.6L 8cyl 4A)","submodel":{"body":"Sedan","modelName":"Town Car Sedan","niceName":"sedan"},"trim":"Signature"},{"id":100002364,"name":"Premium Cartier 4dr Sedan (4.6L 8cyl 4A)","submodel":{"body":"Sedan","modelName":"Town Car Sedan","niceName":"sedan"},"trim":"Premium Cartier"},{"id":100002362,"name":"Cartier L 4dr Sedan (4.6L 8cyl 4A)","submodel":{"body":"Sedan","modelName":"Town Car Sedan","niceName":"sedan"},"trim":"Cartier L"}]},{"id":100502611,"year":2003,"styles":[{"id":100075468,"name":"Cartier L 4dr Sedan (4.6L 8cyl 4A)","submodel":{"body":"Sedan","modelName":"Town Car Sedan","niceName":"sedan"},"trim":"Cartier"},{"id":100075466,"name":"Executive 4dr Sedan (4.6L 8cyl 4A)","submodel":{"body":"Sedan","modelName":"Town Car Sedan","niceName":"sedan"},"trim":"Executive"},{"id":100075471,"name":"Premium Signature 4dr Sedan (4.6L 8cyl 4A)","submodel":{"body":"Sedan","modelName":"Town Car Sedan","niceName":"sedan"},"trim":"Premium Signature"},{"id":100075472,"name":"Signature 4dr Sedan (4.6L 8cyl 4A)","submodel":{"body":"Sedan","modelName":"Town Car Sedan","niceName":"sedan"},"trim":"Signature"},{"id":100075469,"name":"Premium Cartier 4dr Sedan (4.6L 8cyl 4A)","submodel":{"body":"Sedan","modelName":"Town Car Sedan","niceName":"sedan"},"trim":"Premium Cartier"},{"id":100075470,"name":"Cartier 4dr Sedan (4.6L 8cyl 4A)","submodel":{"body":"Sedan","modelName":"Town Car Sedan","niceName":"sedan"},"trim":"Cartier"}]},{"id":100503505,"year":2004,"styles":[{"id":100295479,"name":"Ultimate 4dr Sedan (4.6L 8cyl 4A)","submodel":{"body":"Sedan","modelName":"Town Car Sedan","niceName":"sedan"},"trim":"Ultimate"},{"id":100295480,"name":"Ultimate L 4dr Sedan (4.6L 8cyl 4A)","submodel":{"body":"Sedan","modelName":"Town Car Sedan","niceName":"sedan"},"trim":"Ultimate"},{"id":100295478,"name":"Signature 4dr Sedan (4.6L 8cyl 4A)","submodel":{"body":"Sedan","modelName":"Town Car Sedan","niceName":"sedan"},"trim":"Signature"}]},{"id":100505103,"year":2005,"styles":[{"id":100535843,"name":"Executive L Fleet 4dr Sedan (4.6L 8cyl 4A)","submodel":{"body":"Sedan","modelName":"Town Car Sedan","niceName":"sedan"},"trim":"Executive L Fleet"},{"id":100535842,"name":"Executive Limousine Fleet 4dr Sedan (4.6L 8cyl 4A)","submodel":{"body":"Sedan","modelName":"Town Car Sedan","niceName":"sedan"},"trim":"Executive Limousine Fleet"},{"id":100535841,"name":"Executive Livery Fleet 4dr Sedan (4.6L 8cyl 4A)","submodel":{"body":"Sedan","modelName":"Town Car Sedan","niceName":"sedan"},"trim":"Executive Livery Fleet"},{"id":100467107,"name":"Signature L 4dr Sedan (4.6L 8cyl 4A)","submodel":{"body":"Sedan","modelName":"Town Car Sedan","niceName":"sedan"},"trim":"Signature L"},{"id":100467106,"name":"Signature Limited 4dr Sedan (4.6L 8cyl 4A)","submodel":{"body":"Sedan","modelName":"Town Car Sedan","niceName":"sedan"},"trim":"Signature Limited"},{"id":100467105,"name":"Signature 4dr Sedan (4.6L 8cyl 4A)","submodel":{"body":"Sedan","modelName":"Town Car Sedan","niceName":"sedan"},"trim":"Signature"}]},{"id":100506310,"year":2006,"styles":[{"id":100570346,"name":"Signature L 4dr Sedan (4.6L 8cyl 4A)","submodel":{"body":"Sedan","modelName":"Town Car Sedan","niceName":"sedan"},"trim":"Signature L"},{"id":100570340,"name":"Signature 4dr Sedan (4.6L 8cyl 4A)","submodel":{"body":"Sedan","modelName":"Town Car Sedan","niceName":"sedan"},"trim":"Signature"},{"id":100570342,"name":"Signature Limited 4dr Sedan (4.6L 8cyl 4A)","submodel":{"body":"Sedan","modelName":"Town Car Sedan","niceName":"sedan"},"trim":"Signature Limited"},{"id":100570343,"name":"Designer Series 4dr Sedan (4.6L 8cyl 4A)","submodel":{"body":"Sedan","modelName":"Town Car Sedan","niceName":"sedan"},"trim":"Designer Series"}]},{"id":100516885,"year":2007,"styles":[{"id":100759157,"name":"Signature 4dr Sedan (4.6L 8cyl 4A)","submodel":{"body":"Sedan","modelName":"Town Car Sedan","niceName":"sedan"},"trim":"Signature"},{"id":100759158,"name":"Signature Limited 4dr Sedan (4.6L 8cyl 4A)","submodel":{"body":"Sedan","modelName":"Town Car Sedan","niceName":"sedan"},"trim":"Signature Limited"},{"id":100759159,"name":"Designer Series 4dr Sedan (4.6L 8cyl 4A)","submodel":{"body":"Sedan","modelName":"Town Car Sedan","niceName":"sedan"},"trim":"Designer Series"},{"id":100759160,"name":"Signature L 4dr Sedan (4.6L 8cyl 4A)","submodel":{"body":"Sedan","modelName":"Town Car Sedan","niceName":"sedan"},"trim":"Signature L"}]},{"id":100524577,"year":2008,"styles":[{"id":100959433,"name":"Signature Limited 4dr Sedan (4.6L 8cyl 4A)","submodel":{"body":"Sedan","modelName":"Town Car Sedan","niceName":"sedan"},"trim":"Signature Limited"},{"id":100959435,"name":"Signature L 4dr Sedan (4.6L 8cyl 4A)","submodel":{"body":"Sedan","modelName":"Town Car Sedan","niceName":"sedan"},"trim":"Signature L"}]},{"id":100525652,"year":2009,"styles":[{"id":101033514,"name":"Signature Limited 4dr Sedan (4.6L 8cyl 4A)","submodel":{"body":"Sedan","modelName":"Town Car Sedan","niceName":"sedan"},"trim":"Signature Limited"},{"id":101033515,"name":"Signature L 4dr Sedan (4.6L 8cyl 4A)","submodel":{"body":"Sedan","modelName":"Town Car Sedan","niceName":"sedan"},"trim":"Signature L"}]},{"id":100530469,"year":2010,"styles":[{"id":101251951,"name":"Signature L 4dr Sedan (4.6L 8cyl 4A)","submodel":{"body":"Sedan","modelName":"Town Car Sedan","niceName":"sedan"},"trim":"Signature L"},{"id":101251950,"name":"Signature Limited 4dr Sedan (4.6L 8cyl 4A)","submodel":{"body":"Sedan","modelName":"Town Car Sedan","niceName":"sedan"},"trim":"Signature Limited"}]},{"id":100531850,"year":2011,"styles":[{"id":101318552,"name":"Signature L Fleet 4dr Sedan (4.6L 8cyl 4A)","submodel":{"body":"Sedan","modelName":"Town Car Sedan","niceName":"sedan"},"trim":"Signature L Fleet"},{"id":101318548,"name":"Signature L 4dr Sedan (4.6L 8cyl 4A)","submodel":{"body":"Sedan","modelName":"Town Car Sedan","niceName":"sedan"},"trim":"Signature L"},{"id":101318547,"name":"Signature Limited Fleet 4dr Sedan (4.6L 8cyl 4A)","submodel":{"body":"Sedan","modelName":"Town Car Sedan","niceName":"sedan"},"trim":"Signature Limited Fleet"},{"id":101318436,"name":"Signature Limited 4dr Sedan (4.6L 8cyl 4A)","submodel":{"body":"Sedan","modelName":"Town Car Sedan","niceName":"sedan"},"trim":"Signature Limited"}]}]},{"id":"Lincoln_Zephyr","name":"Zephyr","niceName":"zephyr","years":[{"id":100504422,"year":2006,"styles":[{"id":100640484,"name":"4dr Sedan (3.0L 6cyl 6A)","submodel":{"body":"Sedan","modelName":"Zephyr Sedan","niceName":"sedan"},"trim":"Base"}]}]}],"modelsCount":17,"make":"Lincoln"}