{"models":[{"id":"Porsche_718_Boxster","name":"718 Boxster","niceName":"718-boxster","years":[{"id":401627328,"year":2017,"styles":[{"id":401630664,"name":"S 2dr Convertible (2.5L 4cyl Turbo 6M)","submodel":{"body":"Convertible","modelName":"718 Boxster Convertible","niceName":"convertible"},"trim":"S"},{"id":401627330,"name":"2dr Convertible (2.0L 4cyl Turbo 6M)","submodel":{"body":"Convertible","modelName":"718 Boxster Convertible","niceName":"convertible"},"trim":"Base"}]}]},{"id":"Porsche_718_Cayman","name":"718 Cayman","niceName":"718-cayman","years":[{"id":401643316,"year":2017,"styles":[{"id":401643317,"name":"2dr Coupe (2.0L 4cyl Turbo 6M)","submodel":{"body":"Coupe","modelName":"718 Cayman Coupe","niceName":"coupe"},"trim":"Base"},{"id":401643318,"name":"S 2dr Coupe (2.5L 4cyl Turbo 6M)","submodel":{"body":"Coupe","modelName":"718 Cayman Coupe","niceName":"coupe"},"trim":"S"}]}]},{"id":"Porsche_911","name":"911","niceName":"911","years":[{"id":551,"year":1990,"styles":[{"id":1374,"name":"Carrera 4 2dr Convertible AWD","submodel":{"body":"Convertible","modelName":"911 Convertible","niceName":"convertible"},"trim":"Carrera 4"},{"id":1373,"name":"Carrera 4 2dr Coupe AWD","submodel":{"body":"Coupe","modelName":"911 Coupe","niceName":"coupe"},"trim":"Carrera 4"},{"id":1376,"name":"Carrera 2dr Convertible","submodel":{"body":"Convertible","modelName":"911 Convertible","niceName":"convertible"},"trim":"Carrera"},{"id":1377,"name":"Carrera Targa 2dr Coupe","submodel":{"body":"Coupe","modelName":"911 Coupe","niceName":"coupe"},"trim":"Carrera Targa"},{"id":1375,"name":"Carrera 4 Targa 2dr Coupe AWD","submodel":{"body":"Coupe","modelName":"911 Coupe","niceName":"coupe"},"trim":"Carrera 4 Targa"},{"id":1372,"name":"Carrera 2dr Coupe","submodel":{"body":"Coupe","modelName":"911 Coupe","niceName":"coupe"},"trim":"Carrera"}]},{"id":1393,"year":1991,"styles":[{"id":1369,"name":"Turbo 2dr Coupe","submodel":{"body":"Coupe","modelName":"911 Coupe","niceName":"coupe"},"trim":"Turbo"},{"id":1366,"name":"Carrera 2dr Convertible","submodel":{"body":"Convertible","modelName":"911 Convertible","niceName":"convertible"},"trim":"Carrera"},{"id":1365,"name":"Carrera 4 Targa 2dr Coupe AWD","submodel":{"body":"Coupe","modelName":"911 Coupe","niceName":"coupe"},"trim":"Carrera 4 Targa"},{"id":1367,"name":"Carrera Targa 2dr Coupe","submodel":{"body":"Coupe","modelName":"911 Coupe","niceName":"coupe"},"trim":"Carrera Targa"},{"id":1362,"name":"Carrera 2dr Coupe","submodel":{"body":"Coupe","modelName":"911 Coupe","niceName":"coupe"},"trim":"Carrera"},{"id":1364,"name":"Carrera 4 2dr Convertible AWD","submodel":{"body":"Convertible","modelName":"911 Convertible","niceName":"convertible"},"trim":"Carrera 4"},{"id":1363,"name":"Carrera 4 2dr Coupe AWD","submodel":{"body":"Coupe","modelName":"911 Coupe","niceName":"coupe"},"trim":"Carrera 4"}]},{"id":1394,"year":1992,"styles":[{"id":1358,"name":"Turbo 2dr Coupe","submodel":{"body":"Coupe","modelName":"911 Coupe","niceName":"coupe"},"trim":"Turbo"},{"id":1359,"name":"Carrera Targa 2dr Coupe","submodel":{"body":"Coupe","modelName":"911 Coupe","niceName":"coupe"},"trim":"Carrera Targa"},{"id":1353,"name":"Carrera 2dr Coupe","submodel":{"body":"Coupe","modelName":"911 Coupe","niceName":"coupe"},"trim":"Carrera"},{"id":1354,"name":"Carrera 4 2dr Convertible AWD","submodel":{"body":"Convertible","modelName":"911 Convertible","niceName":"convertible"},"trim":"Carrera 4"},{"id":1355,"name":"Carrera 4 2dr Coupe AWD","submodel":{"body":"Coupe","modelName":"911 Coupe","niceName":"coupe"},"trim":"Carrera 4"},{"id":1356,"name":"Carrera 4 Targa 2dr Coupe AWD","submodel":{"body":"Coupe","modelName":"911 Coupe","niceName":"coupe"},"trim":"Carrera 4 Targa"},{"id":1350,"name":"America Roadster 2dr Convertible","submodel":{"body":"Convertible","modelName":"911 Convertible","niceName":"convertible"},"trim":"America Roadster"},{"id":1352,"name":"Carrera 2dr Convertible","submodel":{"body":"Convertible","modelName":"911 Convertible","niceName":"convertible"},"trim":"Carrera"}]},{"id":552,"year":1993,"styles":[{"id":1312,"name":"Carrera 2dr Convertible","submodel":{"body":"Convertible","modelName":"911 Convertible","niceName":"convertible"},"trim":"Carrera"},{"id":1311,"name":"America Roadster 2dr Convertible","submodel":{"body":"Convertible","modelName":"911 Convertible","niceName":"convertible"},"trim":"America Roadster"},{"id":1349,"name":"Carrera 4 Targa 2dr Coupe AWD","submodel":{"body":"Coupe","modelName":"911 Coupe","niceName":"coupe"},"trim":"Carrera 4 Targa"},{"id":1320,"name":"Carrera Targa 2dr Coupe","submodel":{"body":"Coupe","modelName":"911 Coupe","niceName":"coupe"},"trim":"Carrera Targa"},{"id":1317,"name":"RS America 2dr Coupe","submodel":{"body":"Coupe","tuner":"RS America","modelName":"911 RS America","niceName":"rs-america"},"trim":"RS America"},{"id":1315,"name":"Carrera 4 2dr Coupe AWD","submodel":{"body":"Coupe","modelName":"911 Coupe","niceName":"coupe"},"trim":"Carrera 4"},{"id":1313,"name":"Carrera 4 2dr Convertible AWD","submodel":{"body":"Convertible","modelName":"911 Convertible","niceName":"convertible"},"trim":"Carrera 4"},{"id":1314,"name":"Carrera 2dr Coupe","submodel":{"body":"Coupe","modelName":"911 Coupe","niceName":"coupe"},"trim":"Carrera"}]},{"id":1395,"year":1994,"styles":[{"id":1305,"name":"Speedster 2dr Convertible","submodel":{"body":"Convertible","modelName":"911 Convertible","niceName":"convertible"},"trim":"Speedster"},{"id":1308,"name":"Carrera Targa 2dr Coupe","submodel":{"body":"Coupe","modelName":"911 Coupe","niceName":"coupe"},"trim":"Carrera Targa"},{"id":1307,"name":"Carrera S Turbo 2dr Coupe","submodel":{"body":"Coupe","modelName":"911 Coupe","niceName":"coupe"},"trim":"Carrera S Turbo"},{"id":1310,"name":"Wide Body 2dr Coupe AWD","submodel":{"body":"Coupe","modelName":"911 Coupe","niceName":"coupe"},"trim":"Wide Body"},{"id":1309,"name":"Wide Body 2dr Coupe","submodel":{"body":"Coupe","modelName":"911 Coupe","niceName":"coupe"},"trim":"Wide Body"},{"id":1297,"name":"America Roadster 2dr Convertible","submodel":{"body":"Convertible","modelName":"911 Convertible","niceName":"convertible"},"trim":"America Roadster"},{"id":1300,"name":"Carrera 2dr Coupe","submodel":{"body":"Coupe","modelName":"911 Coupe","niceName":"coupe"},"trim":"Carrera"},{"id":1299,"name":"Carrera 2dr Convertible","submodel":{"body":"Convertible","modelName":"911 Convertible","niceName":"convertible"},"trim":"Carrera"},{"id":1302,"name":"Carrera 4 2dr Coupe AWD","submodel":{"body":"Coupe","modelName":"911 Coupe","niceName":"coupe"},"trim":"Carrera 4"},{"id":1301,"name":"Carrera Turbo 2dr Coupe","submodel":{"body":"Coupe","modelName":"911 Coupe","niceName":"coupe"},"trim":"Carrera Turbo"},{"id":1304,"name":"RS America 2dr Coupe","submodel":{"body":"Coupe","tuner":"RS America","modelName":"911 RS America","niceName":"rs-america"},"trim":"RS America"}]},{"id":1396,"year":1995,"styles":[{"id":1293,"name":"Carrera 4 2dr Coupe AWD","submodel":{"body":"Coupe","modelName":"911 Coupe","niceName":"coupe"},"trim":"Carrera 4"},{"id":1346,"name":"Carrera 2dr Convertible","submodel":{"body":"Convertible","modelName":"911 Convertible","niceName":"convertible"},"trim":"Carrera"},{"id":1347,"name":"Carrera 2dr Coupe","submodel":{"body":"Coupe","modelName":"911 Coupe","niceName":"coupe"},"trim":"Carrera"},{"id":1348,"name":"Carrera 4 2dr Convertible AWD","submodel":{"body":"Convertible","modelName":"911 Convertible","niceName":"convertible"},"trim":"Carrera 4"}]},{"id":1397,"year":1996,"styles":[{"id":1344,"name":"Turbo 2dr Coupe AWD","submodel":{"body":"Coupe","modelName":"911 Coupe","niceName":"coupe"},"trim":"Turbo"},{"id":1343,"name":"Carrera 4S 2dr Coupe AWD","submodel":{"body":"Coupe","modelName":"911 Coupe","niceName":"coupe"},"trim":"Carrera 4S"},{"id":1342,"name":"Carrera 4 2dr Coupe AWD","submodel":{"body":"Coupe","modelName":"911 Coupe","niceName":"coupe"},"trim":"Carrera 4"},{"id":1341,"name":"Carrera 4 2dr Convertible AWD","submodel":{"body":"Convertible","modelName":"911 Convertible","niceName":"convertible"},"trim":"Carrera 4"},{"id":1340,"name":"Carrera 2dr Coupe","submodel":{"body":"Coupe","modelName":"911 Coupe","niceName":"coupe"},"trim":"Carrera"},{"id":1339,"name":"Carrera 2dr Convertible","submodel":{"body":"Convertible","modelName":"911 Convertible","niceName":"convertible"},"trim":"Carrera"},{"id":1345,"name":"Carrera Targa 2dr Coupe","submodel":{"body":"Coupe","modelName":"911 Coupe","niceName":"coupe"},"trim":"Carrera Targa"}]},{"id":1398,"year":1997,"styles":[{"id":14276,"name":"Carrera 2dr Convertible","submodel":{"body":"Convertible","modelName":"911 Convertible","niceName":"convertible"},"trim":"Carrera"},{"id":380,"name":"Carrera 4 2dr Convertible AWD","submodel":{"body":"Convertible","modelName":"911 Convertible","niceName":"convertible"},"trim":"Carrera 4"},{"id":328,"name":"Carrera Targa 2dr Coupe","submodel":{"body":"Coupe","modelName":"911 Coupe","niceName":"coupe"},"trim":"Carrera Targa"},{"id":1338,"name":"Turbo S 2dr Coupe AWD","submodel":{"body":"Coupe","tuner":"Turbo S","modelName":"911 Turbo S","niceName":"turbo-s"},"trim":"Turbo S"},{"id":382,"name":"Carrera 4S 2dr Coupe AWD","submodel":{"body":"Coupe","modelName":"911 Coupe","niceName":"coupe"},"trim":"Carrera 4S"},{"id":648,"name":"Turbo 2dr Coupe AWD","submodel":{"body":"Coupe","modelName":"911 Coupe","niceName":"coupe"},"trim":"Turbo"},{"id":376,"name":"Carrera 2dr Coupe","submodel":{"body":"Coupe","modelName":"911 Coupe","niceName":"coupe"},"trim":"Carrera"}]},{"id":553,"year":1998,"styles":[{"id":13063,"name":"Carrera 4S 2dr Coupe AWD","submodel":{"body":"Coupe","modelName":"911 Coupe","niceName":"coupe"},"trim":"Carrera 4S"},{"id":13061,"name":"Carrera 4 2dr Convertible AWD","submodel":{"body":"Convertible","modelName":"911 Convertible","niceName":"convertible"},"trim":"Carrera 4"},{"id":13059,"name":"Carrera 2dr Convertible","submodel":{"body":"Convertible","modelName":"911 Convertible","niceName":"convertible"},"trim":"Carrera"},{"id":13067,"name":"Carrera Targa 2dr Coupe","submodel":{"body":"Coupe","modelName":"911 Coupe","niceName":"coupe"},"trim":"Carrera Targa"},{"id":13065,"name":"Carrera S 2dr Coupe","submodel":{"body":"Coupe","modelName":"911 Coupe","niceName":"coupe"},"trim":"Carrera S"}]},{"id":3624,"year":1999,"styles":[{"id":11432,"name":"Carrera 2dr Coupe","submodel":{"body":"Coupe","modelName":"911 Coupe","niceName":"coupe"},"trim":"Carrera"},{"id":6349,"name":"Carrera 4 2dr Coupe AWD","submodel":{"body":"Coupe","modelName":"911 Coupe","niceName":"coupe"},"trim":"Carrera 4"},{"id":6348,"name":"Carrera 4 2dr Convertible AWD","submodel":{"body":"Convertible","modelName":"911 Convertible","niceName":"convertible"},"trim":"Carrera 4"},{"id":12830,"name":"Carrera 2dr Convertible","submodel":{"body":"Convertible","modelName":"911 Convertible","niceName":"convertible"},"trim":"Carrera"}]},{"id":417,"year":2000,"styles":[{"id":7191,"name":"Carrera 2dr Convertible","submodel":{"body":"Convertible","modelName":"911 Convertible","niceName":"convertible"},"trim":"Carrera"},{"id":7192,"name":"Carrera 4 2dr Convertible AWD","submodel":{"body":"Convertible","modelName":"911 Convertible","niceName":"convertible"},"trim":"Carrera 4"},{"id":7189,"name":"Carrera 2dr Coupe","submodel":{"body":"Coupe","modelName":"911 Coupe","niceName":"coupe"},"trim":"Carrera"},{"id":7190,"name":"Carrera 4 2dr Coupe AWD","submodel":{"body":"Coupe","modelName":"911 Coupe","niceName":"coupe"},"trim":"Carrera 4"}]},{"id":100000222,"year":2001,"styles":[{"id":100001679,"name":"Carrera Rwd 2dr Coupe (3.4L 6cyl 6M)","submodel":{"body":"Coupe","modelName":"911 Coupe","niceName":"coupe"},"trim":"Carrera"},{"id":100001680,"name":"Carrera 4 AWD 2dr Cabriolet (3.4L 6cyl 6M)","submodel":{"body":"Convertible","modelName":"911 Convertible","niceName":"convertible"},"trim":"Carrera 4"},{"id":100001678,"name":"Carrera Rwd 2dr Cabriolet (3.4L 6cyl 6M)","submodel":{"body":"Convertible","modelName":"911 Convertible","niceName":"convertible"},"trim":"Carrera"},{"id":100001684,"name":"Carrera Tiptronic Rwd 2dr Cabriolet (3.4L 6cyl 5A)","submodel":{"body":"Convertible","modelName":"911 Convertible","niceName":"convertible"},"trim":"Carrera"},{"id":100001683,"name":"Carrera 4 Tiptronic AWD 2dr Coupe (3.4L 6cyl 5A)","submodel":{"body":"Coupe","modelName":"911 Coupe","niceName":"coupe"},"trim":"Carrera 4"},{"id":100001682,"name":"Carrera 4 Tiptronic AWD 2dr Cabriolet (3.4L 6cyl 5A)","submodel":{"body":"Convertible","modelName":"911 Convertible","niceName":"convertible"},"trim":"Carrera 4"},{"id":100001681,"name":"Carrera 4 AWD 2dr Coupe (3.4L 6cyl 6M)","submodel":{"body":"Coupe","modelName":"911 Coupe","niceName":"coupe"},"trim":"Carrera 4"},{"id":100001687,"name":"Turbo Tiptronic AWD 2dr Coupe (3.6L 6cyl Turbo 5A)","submodel":{"body":"Coupe","modelName":"911 Coupe","niceName":"coupe"},"trim":"Turbo"},{"id":100001686,"name":"Turbo AWD 2dr Coupe (3.6L 6cyl Turbo 6M)","submodel":{"body":"Coupe","modelName":"911 Coupe","niceName":"coupe"},"trim":"Turbo"},{"id":100001685,"name":"Carrera Tiptronic Rwd 2dr Coupe (3.4L 6cyl 5A)","submodel":{"body":"Coupe","modelName":"911 Coupe","niceName":"coupe"},"trim":"Carrera"}]},{"id":100000482,"year":2002,"styles":[{"id":100069616,"name":"GT2 Rwd 2dr Coupe (3.6L 6cyl Turbo 6M)","submodel":{"body":"Coupe","tuner":"GT2","modelName":"911 GT2","niceName":"gt2"},"trim":"GT2"},{"id":100074356,"name":"Targa Rwd 2dr Coupe (3.6L 6cyl 6M)","submodel":{"body":"Coupe","modelName":"911 Coupe","niceName":"coupe"},"trim":"Targa"},{"id":100070287,"name":"Carrera 4S Tiptronic AWD 2dr Coupe (3.6L 6cyl 5A)","submodel":{"body":"Coupe","modelName":"911 Coupe","niceName":"coupe"},"trim":"Carrera 4S"},{"id":100070288,"name":"Carrera 4S AWD 2dr Coupe (3.6L 6cyl 6M)","submodel":{"body":"Coupe","modelName":"911 Coupe","niceName":"coupe"},"trim":"Carrera 4S"},{"id":100074355,"name":"Targa Tiptronic Rwd 2dr Coupe (3.6L 6cyl 5A)","submodel":{"body":"Coupe","modelName":"911 Coupe","niceName":"coupe"},"trim":"Targa"},{"id":100069623,"name":"Carrera 4 Tiptronic AWD 2dr Cabriolet (3.6L 6cyl 5A)","submodel":{"body":"Convertible","modelName":"911 Convertible","niceName":"convertible"},"trim":"Carrera 4"},{"id":100069624,"name":"Carrera 4 AWD 2dr Cabriolet (3.6L 6cyl 6M)","submodel":{"body":"Convertible","modelName":"911 Convertible","niceName":"convertible"},"trim":"Carrera 4"},{"id":100069621,"name":"Carrera Rwd 2dr Coupe (3.6L 6cyl 6M)","submodel":{"body":"Coupe","modelName":"911 Coupe","niceName":"coupe"},"trim":"Carrera"},{"id":100069622,"name":"Carrera Rwd 2dr Cabriolet (3.6L 6cyl 6M)","submodel":{"body":"Convertible","modelName":"911 Convertible","niceName":"convertible"},"trim":"Carrera"},{"id":100069619,"name":"Carrera Tiptronic Rwd 2dr Coupe (3.6L 6cyl 5A)","submodel":{"body":"Coupe","modelName":"911 Coupe","niceName":"coupe"},"trim":"Carrera"},{"id":100069620,"name":"Carrera Tiptronic Rwd 2dr Cabriolet (3.6L 6cyl 5A)","submodel":{"body":"Convertible","modelName":"911 Convertible","niceName":"convertible"},"trim":"Carrera"},{"id":100069617,"name":"Turbo Tiptronic AWD 2dr Coupe (3.6L 6cyl Turbo 5A)","submodel":{"body":"Coupe","modelName":"911 Coupe","niceName":"coupe"},"trim":"Turbo"},{"id":100069618,"name":"Turbo AWD 2dr Coupe (3.6L 6cyl Turbo 6M)","submodel":{"body":"Coupe","modelName":"911 Coupe","niceName":"coupe"},"trim":"Turbo"}]},{"id":100502885,"year":2003,"styles":[{"id":100188247,"name":"Turbo Tiptronic AWD 2dr Coupe (3.6L 6cyl Turbo 5A)","submodel":{"body":"Coupe","modelName":"911 Coupe","niceName":"coupe"},"trim":"Turbo"},{"id":100188248,"name":"GT2 Rwd 2dr Coupe (3.6L 6cyl Turbo 6M)","submodel":{"body":"Coupe","tuner":"GT2","modelName":"911 GT2","niceName":"gt2"},"trim":"GT2"},{"id":100188230,"name":"Carrera Rwd 2dr Cabriolet (3.6L 6cyl 6M)","submodel":{"body":"Convertible","modelName":"911 Convertible","niceName":"convertible"},"trim":"Carrera "},{"id":100188229,"name":"Carrera Tiptronic Rwd 2dr Coupe (3.6L 6cyl 5A)","submodel":{"body":"Coupe","modelName":"911 Coupe","niceName":"coupe"},"trim":"Carrera"},{"id":100188243,"name":"Carrera 4 Tiptronic  AWD 2dr Cabriolet (3.6L 6cyl 5A)","submodel":{"body":"Convertible","modelName":"911 Convertible","niceName":"convertible"},"trim":"Carrera 4"},{"id":100188244,"name":"Turbo AWD 2dr Coupe (3.6L 6cyl Turbo 6M)","submodel":{"body":"Coupe","modelName":"911 Coupe","niceName":"coupe"},"trim":"Turbo"},{"id":100188240,"name":"Carrera 4 AWD 2dr Cabriolet (3.6L 6cyl 6M)","submodel":{"body":"Convertible","modelName":"911 Convertible","niceName":"convertible"},"trim":"Carrera 4"},{"id":100188239,"name":"Carrera 4S Tiptronic  AWD 2dr Coupe (3.6L 6cyl 5A)","submodel":{"body":"Coupe","modelName":"911 Coupe","niceName":"coupe"},"trim":"Carrera 4S"},{"id":100188238,"name":"Carrera 4S AWD 2dr Coupe (3.6L 6cyl 6M)","submodel":{"body":"Coupe","modelName":"911 Coupe","niceName":"coupe"},"trim":"Carrera 4S"},{"id":100188237,"name":"Targa Tiptronic Rwd 2dr Coupe (3.6L 6cyl 5A)","submodel":{"body":"Coupe","modelName":"911 Coupe","niceName":"coupe"},"trim":"Targa"},{"id":100188090,"name":"Carrera Rwd 2dr Coupe (3.6L 6cyl 6M)","submodel":{"body":"Coupe","modelName":"911 Coupe","niceName":"coupe"},"trim":"Carrera"},{"id":100188234,"name":"Targa Rwd 2dr Coupe (3.6L 6cyl 6M)","submodel":{"body":"Coupe","modelName":"911 Coupe","niceName":"coupe"},"trim":"Targa"},{"id":100188233,"name":"Carrera Tiptronic Rwd 2dr Cabriolet (3.6L 6cyl 5A)","submodel":{"body":"Convertible","modelName":"911 Convertible","niceName":"convertible"},"trim":"Carrera"}]},{"id":100502989,"year":2004,"styles":[{"id":100368032,"name":"Carrera 4S AWD 2dr Cabriolet (3.6L 6cyl 6M)","submodel":{"body":"Convertible","modelName":"911 Convertible","niceName":"convertible"},"trim":"Carrera 4S"},{"id":100368031,"name":"Turbo AWD 2dr Cabriolet (3.6L 6cyl Turbo 6M)","submodel":{"body":"Convertible","modelName":"911 Convertible","niceName":"convertible"},"trim":"Turbo "},{"id":100339663,"name":"Carrera Rwd 2dr Cabriolet (3.6L 6cyl 6M)","submodel":{"body":"Convertible","modelName":"911 Convertible","niceName":"convertible"},"trim":"Carrera "},{"id":100368029,"name":"GT3 Rwd 2dr Coupe (3.6L 6cyl 6M)","submodel":{"body":"Coupe","tuner":"GT3","modelName":"911 GT3","niceName":"gt3"},"trim":"GT3"},{"id":100339661,"name":"Carrera Rwd 2dr Coupe (3.6L 6cyl 6M)","submodel":{"body":"Coupe","modelName":"911 Coupe","niceName":"coupe"},"trim":"Carrera"},{"id":100371708,"name":"Carrera 40th Anniversary Edition Rwd 2dr Coupe (3.6L 6cyl 6M)","submodel":{"body":"Coupe","modelName":"911 Coupe","niceName":"coupe"},"trim":"Carrera"},{"id":100339673,"name":"GT2 Rwd 2dr Coupe (3.6L 6cyl Turbo 6M)","submodel":{"body":"Coupe","tuner":"GT2","modelName":"911 GT2","niceName":"gt2"},"trim":"GT2"},{"id":100339671,"name":"Turbo AWD 2dr Coupe (3.6L 6cyl Turbo 6M)","submodel":{"body":"Coupe","modelName":"911 Coupe","niceName":"coupe"},"trim":"Turbo"},{"id":100339669,"name":"Carrera 4 AWD 2dr Cabriolet (3.6L 6cyl 6M)","submodel":{"body":"Convertible","modelName":"911 Convertible","niceName":"convertible"},"trim":"Carrera 4"},{"id":100339667,"name":"Carrera 4S AWD 2dr Coupe (3.6L 6cyl 6M)","submodel":{"body":"Coupe","modelName":"911 Coupe","niceName":"coupe"},"trim":"Carrera 4S"},{"id":100339665,"name":"Targa Rwd 2dr Coupe (3.6L 6cyl 6M)","submodel":{"body":"Coupe","modelName":"911 Coupe","niceName":"coupe"},"trim":"Targa"}]},{"id":100504117,"year":2005,"styles":[{"id":100533544,"name":"Turbo AWD 2dr Cabriolet (3.6L 6cyl Turbo 6M)","submodel":{"body":"Convertible","modelName":"911 Convertible","niceName":"convertible"},"trim":"Turbo "},{"id":100511189,"name":"Carrera Rwd 2dr Cabriolet (3.6L 6cyl 6M)","submodel":{"body":"Convertible","modelName":"911 Convertible","niceName":"convertible"},"trim":"Carrera"},{"id":100533543,"name":"Carrera 4S AWD 2dr Coupe (3.6L 6cyl 6M)","submodel":{"body":"Coupe","modelName":"911 Coupe","niceName":"coupe"},"trim":"Carrera 4S"},{"id":100511190,"name":"Carrera S Rwd 2dr Cabriolet (3.8L 6cyl 6M)","submodel":{"body":"Convertible","modelName":"911 Convertible","niceName":"convertible"},"trim":"Carrera S"},{"id":100498205,"name":"Turbo S AWD 2dr Coupe (3.6L 6cyl Turbo 6M)","submodel":{"body":"Coupe","tuner":"Turbo S","modelName":"911 Turbo S","niceName":"turbo-s"},"trim":"Turbo S"},{"id":100498206,"name":"Turbo S AWD 2dr Cabriolet (3.6L 6cyl Turbo 6M)","submodel":{"body":"Convertible","tuner":"Turbo S","modelName":"911 Turbo S","niceName":"turbo-s"},"trim":"Turbo S"},{"id":100519749,"name":"GT3 Rwd 2dr Coupe (3.6L 6cyl 6M)","submodel":{"body":"Coupe","tuner":"GT3","modelName":"911 GT3","niceName":"gt3"},"trim":"GT3"},{"id":100498195,"name":"Carrera Rwd 2dr Coupe (3.6L 6cyl 6M)","submodel":{"body":"Coupe","modelName":"911 Coupe","niceName":"coupe"},"trim":"Carrera"},{"id":100498196,"name":"Carrera S Rwd 2dr Coupe (3.8L 6cyl 6M)","submodel":{"body":"Coupe","modelName":"911 Coupe","niceName":"coupe"},"trim":"Carrera S"},{"id":100533484,"name":"Targa Rwd 2dr Coupe (3.6L 6cyl 6M)","submodel":{"body":"Coupe","modelName":"911 Coupe","niceName":"coupe"},"trim":"Targa"},{"id":100533535,"name":"GT2 Rwd 2dr Coupe (3.6L 6cyl Turbo 6M)","submodel":{"body":"Coupe","tuner":"GT2","modelName":"911 GT2","niceName":"gt2"},"trim":"GT2"}]},{"id":100505565,"year":2006,"styles":[{"id":100654213,"name":"Carrera 4S 2dr Convertible AWD (3.8L 6cyl 6M)","submodel":{"body":"Convertible","modelName":"911 Convertible","niceName":"convertible"},"trim":"Carrera 4S"},{"id":100654216,"name":"Carrera 4 2dr Convertible AWD (3.6L 6cyl 6M)","submodel":{"body":"Convertible","modelName":"911 Convertible","niceName":"convertible"},"trim":"Carrera 4"},{"id":100653499,"name":"Carrera 4 2dr Coupe AWD (3.6L 6cyl 6M)","submodel":{"body":"Coupe","modelName":"911 Coupe","niceName":"coupe"},"trim":"Carrera 4"},{"id":100648426,"name":"Club Coupe 2dr Coupe (3.8L 6cyl 6M)","submodel":{"body":"Coupe","modelName":"911 Coupe","niceName":"coupe"},"trim":"Club Coupe"},{"id":100624916,"name":"Carrera S 2dr Convertible (3.8L 6cyl 6M)","submodel":{"body":"Convertible","modelName":"911 Convertible","niceName":"convertible"},"trim":"Carrera S"},{"id":100624915,"name":"Carrera 2dr Convertible (3.6L 6cyl 6M)","submodel":{"body":"Convertible","modelName":"911 Convertible","niceName":"convertible"},"trim":"Carrera"},{"id":100624914,"name":"Carrera S 2dr Coupe (3.8L 6cyl 6M)","submodel":{"body":"Coupe","modelName":"911 Coupe","niceName":"coupe"},"trim":"Carrera S"},{"id":100624913,"name":"Carrera 2dr Coupe (3.6L 6cyl 6M)","submodel":{"body":"Coupe","modelName":"911 Coupe","niceName":"coupe"},"trim":"Carrera"},{"id":100653511,"name":"Carrera 4S 2dr Coupe AWD (3.8L 6cyl 6M)","submodel":{"body":"Coupe","modelName":"911 Coupe","niceName":"coupe"},"trim":"Carrera 4S"}]},{"id":100507480,"year":2007,"styles":[{"id":100844869,"name":"Targa 4S 2dr Coupe AWD (3.8L 6cyl 6M)","submodel":{"body":"Coupe","modelName":"911 Coupe","niceName":"coupe"},"trim":"Targa 4S"},{"id":100792708,"name":"Carrera 2dr Coupe (3.6L 6cyl 6M)","submodel":{"body":"Coupe","modelName":"911 Coupe","niceName":"coupe"},"trim":"Carrera"},{"id":100792710,"name":"Carrera 4 2dr Coupe AWD (3.6L 6cyl 6M)","submodel":{"body":"Coupe","modelName":"911 Coupe","niceName":"coupe"},"trim":"Carrera 4"},{"id":100792709,"name":"Carrera S 2dr Coupe (3.8L 6cyl 6M)","submodel":{"body":"Coupe","modelName":"911 Coupe","niceName":"coupe"},"trim":"Carrera S"},{"id":100792712,"name":"Carrera 2dr Convertible (3.6L 6cyl 6M)","submodel":{"body":"Convertible","modelName":"911 Convertible","niceName":"convertible"},"trim":"Carrera"},{"id":100844868,"name":"Targa 4 2dr Coupe AWD (3.6L 6cyl 6M)","submodel":{"body":"Coupe","modelName":"911 Coupe","niceName":"coupe"},"trim":"Targa 4"},{"id":100792711,"name":"Carrera 4S 2dr Coupe AWD (3.8L 6cyl 6M)","submodel":{"body":"Coupe","modelName":"911 Coupe","niceName":"coupe"},"trim":"Carrera 4S"},{"id":100792714,"name":"Carrera 4 2dr Convertible AWD (3.6L 6cyl 6M)","submodel":{"body":"Convertible","modelName":"911 Convertible","niceName":"convertible"},"trim":"Carrera 4"},{"id":100792713,"name":"Carrera S 2dr Convertible (3.8L 6cyl 6M)","submodel":{"body":"Convertible","modelName":"911 Convertible","niceName":"convertible"},"trim":"Carrera S"},{"id":100792715,"name":"Carrera 4S 2dr Convertible AWD (3.8L 6cyl 6M)","submodel":{"body":"Convertible","modelName":"911 Convertible","niceName":"convertible"},"trim":"Carrera 4S"},{"id":100702449,"name":"Turbo 2dr Coupe AWD (3.6L 6cyl Turbo 6M)","submodel":{"body":"Coupe","modelName":"911 Coupe","niceName":"coupe"},"trim":"Turbo"},{"id":100793141,"name":"GT3 2dr Coupe (3.6L 6cyl 6M)","submodel":{"body":"Coupe","tuner":"GT3","modelName":"911 GT3","niceName":"gt3"},"trim":"GT3"}]},{"id":100506271,"year":2008,"styles":[{"id":100967872,"name":"Carrera 2dr Coupe (3.6L 6cyl 6M)","submodel":{"body":"Coupe","modelName":"911 Coupe","niceName":"coupe"},"trim":"Carrera"},{"id":100968288,"name":"GT3 2dr Coupe (3.6L 6cyl 6M)","submodel":{"body":"Coupe","tuner":"GT3","modelName":"911 GT3","niceName":"gt3"},"trim":"GT3"},{"id":100968287,"name":"Turbo 2dr Coupe AWD (3.6L 6cyl Turbo 6M)","submodel":{"body":"Coupe","modelName":"911 Coupe","niceName":"coupe"},"trim":"Turbo"},{"id":100968304,"name":"Turbo 2dr Convertible AWD (3.6L 6cyl Turbo 6M)","submodel":{"body":"Convertible","modelName":"911 Convertible","niceName":"convertible"},"trim":"Turbo"},{"id":100968301,"name":"GT2 2dr Coupe (3.6L 6cyl Turbo 6M)","submodel":{"body":"Coupe","tuner":"GT2","modelName":"911 GT2","niceName":"gt2"},"trim":"GT2"},{"id":100967882,"name":"Targa 4S 2dr Coupe AWD (3.8L 6cyl 6M)","submodel":{"body":"Coupe","modelName":"911 Coupe","niceName":"coupe"},"trim":"Targa 4S"},{"id":100967881,"name":"Targa 4 2dr Coupe AWD (3.6L 6cyl 6M)","submodel":{"body":"Coupe","modelName":"911 Coupe","niceName":"coupe"},"trim":"Targa 4"},{"id":100967878,"name":"Carrera 4 2dr Convertible AWD (3.6L 6cyl 6M)","submodel":{"body":"Convertible","modelName":"911 Convertible","niceName":"convertible"},"trim":"Carrera 4"},{"id":100967877,"name":"Carrera S 2dr Convertible (3.8L 6cyl 6M)","submodel":{"body":"Convertible","modelName":"911 Convertible","niceName":"convertible"},"trim":"Carrera S"},{"id":100967879,"name":"Carrera 4S 2dr Convertible AWD (3.8L 6cyl 6M)","submodel":{"body":"Convertible","modelName":"911 Convertible","niceName":"convertible"},"trim":"Carrera 4S"},{"id":100967874,"name":"Carrera 4 2dr Coupe AWD (3.6L 6cyl 6M)","submodel":{"body":"Coupe","modelName":"911 Coupe","niceName":"coupe"},"trim":"Carrera 4"},{"id":100968291,"name":"GT3 RS 2dr Coupe (3.6L 6cyl 6M)","submodel":{"body":"Coupe","tuner":"GT3 RS","modelName":"911 GT3 RS","niceName":"gt3-rs"},"trim":"GT3 RS"},{"id":100967873,"name":"Carrera S 2dr Coupe (3.8L 6cyl 6M)","submodel":{"body":"Coupe","modelName":"911 Coupe","niceName":"coupe"},"trim":"Carrera S"},{"id":100967876,"name":"Carrera 2dr Convertible (3.6L 6cyl 6M)","submodel":{"body":"Convertible","modelName":"911 Convertible","niceName":"convertible"},"trim":"Carrera"},{"id":100967875,"name":"Carrera 4S 2dr Coupe AWD (3.8L 6cyl 6M)","submodel":{"body":"Coupe","modelName":"911 Coupe","niceName":"coupe"},"trim":"Carrera 4S"}]},{"id":100525452,"year":2009,"styles":[{"id":101043039,"name":"Carrera S 2dr Convertible (3.8L 6cyl 6M)","submodel":{"body":"Convertible","modelName":"911 Convertible","niceName":"convertible"},"trim":"Carrera S"},{"id":101043037,"name":"Carrera S 2dr Coupe (3.8L 6cyl 6M)","submodel":{"body":"Coupe","modelName":"911 Coupe","niceName":"coupe"},"trim":"Carrera S"},{"id":101043038,"name":"Carrera 2dr Convertible (3.6L 6cyl 6M)","submodel":{"body":"Convertible","modelName":"911 Convertible","niceName":"convertible"},"trim":"Carrera"},{"id":101123233,"name":"Targa 4 2dr Coupe AWD (3.6L 6cyl 6M)","submodel":{"body":"Coupe","modelName":"911 Coupe","niceName":"coupe"},"trim":"Targa 4"},{"id":101123234,"name":"Targa 4S 2dr Coupe AWD (3.8L 6cyl 6M)","submodel":{"body":"Coupe","modelName":"911 Coupe","niceName":"coupe"},"trim":"Targa 4S"},{"id":101043036,"name":"Carrera 2dr Coupe (3.6L 6cyl 6M)","submodel":{"body":"Coupe","modelName":"911 Coupe","niceName":"coupe"},"trim":"Carrera"},{"id":101065684,"name":"Carrera 4 2dr Coupe AWD (3.6L 6cyl 6M)","submodel":{"body":"Coupe","modelName":"911 Coupe","niceName":"coupe"},"trim":"Carrera 4"},{"id":101065687,"name":"Carrera 4S 2dr Convertible AWD (3.8L 6cyl 6M)","submodel":{"body":"Convertible","modelName":"911 Convertible","niceName":"convertible"},"trim":"Carrera 4S"},{"id":101119955,"name":"Turbo 2dr Convertible AWD (3.6L 6cyl Turbo 6M)","submodel":{"body":"Convertible","modelName":"911 Convertible","niceName":"convertible"},"trim":"Turbo"},{"id":101119954,"name":"Turbo 2dr Coupe AWD (3.6L 6cyl Turbo 6M)","submodel":{"body":"Coupe","modelName":"911 Coupe","niceName":"coupe"},"trim":"Turbo"},{"id":101065685,"name":"Carrera 4S 2dr Coupe AWD (3.8L 6cyl 6M)","submodel":{"body":"Coupe","modelName":"911 Coupe","niceName":"coupe"},"trim":"Carrera 4S"},{"id":101065686,"name":"Carrera 4 2dr Convertible AWD (3.6L 6cyl 6M)","submodel":{"body":"Convertible","modelName":"911 Convertible","niceName":"convertible"},"trim":"Carrera 4"}]},{"id":100525570,"year":2010,"styles":[{"id":101282422,"name":"Carrera 2dr Coupe (3.6L 6cyl 6M)","submodel":{"body":"Coupe","modelName":"911 Coupe","niceName":"coupe"},"trim":"Carrera"},{"id":101282424,"name":"Carrera 4 2dr Coupe AWD (3.6L 6cyl 6M)","submodel":{"body":"Coupe","modelName":"911 Coupe","niceName":"coupe"},"trim":"Carrera 4"},{"id":101282423,"name":"Carrera S 2dr Coupe (3.8L 6cyl 6M)","submodel":{"body":"Coupe","modelName":"911 Coupe","niceName":"coupe"},"trim":"Carrera S"},{"id":101264862,"name":"Turbo 2dr Coupe AWD (3.8L 6cyl Turbo 6M)","submodel":{"body":"Coupe","modelName":"911 Coupe","niceName":"coupe"},"trim":"Turbo"},{"id":101165937,"name":"GT3 2dr Coupe (3.8L 6cyl 6M)","submodel":{"body":"Coupe","tuner":"GT3","modelName":"911 GT3","niceName":"gt3"},"trim":"GT3"},{"id":101264863,"name":"Turbo 2dr Convertible AWD (3.8L 6cyl Turbo 6M)","submodel":{"body":"Convertible","modelName":"911 Convertible","niceName":"convertible"},"trim":"Turbo"},{"id":101282430,"name":"Targa 4 2dr Coupe AWD (3.6L 6cyl 6M)","submodel":{"body":"Coupe","modelName":"911 Coupe","niceName":"coupe"},"trim":"Targa 4"},{"id":101282429,"name":"Carrera 4S 2dr Convertible AWD (3.8L 6cyl 6M)","submodel":{"body":"Convertible","modelName":"911 Convertible","niceName":"convertible"},"trim":"Carrera 4S"},{"id":101282431,"name":"Targa 4S 2dr Coupe AWD (3.8L 6cyl 6M)","submodel":{"body":"Coupe","modelName":"911 Coupe","niceName":"coupe"},"trim":"Targa 4S"},{"id":101282426,"name":"Carrera 2dr Convertible (3.6L 6cyl 6M)","submodel":{"body":"Convertible","modelName":"911 Convertible","niceName":"convertible"},"trim":"Carrera"},{"id":101282425,"name":"Carrera 4S 2dr Coupe AWD (3.8L 6cyl 6M)","submodel":{"body":"Coupe","modelName":"911 Coupe","niceName":"coupe"},"trim":"Carrera 4S"},{"id":101214740,"name":"GT3 RS 2dr Coupe (3.8L 6cyl 6M)","submodel":{"body":"Coupe","tuner":"GT3 RS","modelName":"911 GT3 RS","niceName":"gt3-rs"},"trim":"GT3 RS"},{"id":101282428,"name":"Carrera 4 2dr Convertible AWD (3.6L 6cyl 6M)","submodel":{"body":"Convertible","modelName":"911 Convertible","niceName":"convertible"},"trim":"Carrera 4"},{"id":101282427,"name":"Carrera S 2dr Convertible (3.8L 6cyl 6M)","submodel":{"body":"Convertible","modelName":"911 Convertible","niceName":"convertible"},"trim":"Carrera S"}]},{"id":100527151,"year":2011,"styles":[{"id":101380338,"name":"Targa 4S 2dr Coupe AWD (3.8L 6cyl 6M)","submodel":{"body":"Coupe","modelName":"911 Coupe","niceName":"coupe"},"trim":"Targa 4S"},{"id":101380337,"name":"Targa 4 2dr Coupe AWD (3.6L 6cyl 6M)","submodel":{"body":"Coupe","modelName":"911 Coupe","niceName":"coupe"},"trim":"Targa 4"},{"id":101380379,"name":"GT2 RS 2dr Coupe (3.6L 6cyl Turbo 6M)","submodel":{"body":"Coupe","tuner":"GT2 RS","modelName":"911 GT2 RS","niceName":"gt2-rs"},"trim":"GT2 RS"},{"id":101380378,"name":"Carrera GTS 2dr Convertible (3.8L 6cyl 6M)","submodel":{"body":"Convertible","tuner":"Carrera GTS","modelName":"911 Carrera GTS","niceName":"carrera-gts"},"trim":"Carrera GTS"},{"id":101356401,"name":"Carrera 4S 2dr Coupe AWD (3.8L 6cyl 6M)","submodel":{"body":"Coupe","modelName":"911 Coupe","niceName":"coupe"},"trim":"Carrera 4S"},{"id":101380348,"name":"GT3 RS 2dr Coupe (3.8L 6cyl 6M)","submodel":{"body":"Coupe","tuner":"GT3 RS","modelName":"911 GT3 RS","niceName":"gt3-rs"},"trim":"GT3 RS"},{"id":101380377,"name":"Carrera GTS 2dr Coupe (3.8L 6cyl 6M)","submodel":{"body":"Coupe","tuner":"Carrera GTS","modelName":"911 Carrera GTS","niceName":"carrera-gts"},"trim":"Carrera GTS"},{"id":101380347,"name":"GT3 2dr Coupe (3.8L 6cyl 6M)","submodel":{"body":"Coupe","tuner":"GT3","modelName":"911 GT3","niceName":"gt3"},"trim":"GT3"},{"id":101380384,"name":"Turbo S 2dr Coupe AWD (3.8L 6cyl Turbo 7AM)","submodel":{"body":"Coupe","modelName":"911 Coupe","niceName":"coupe"},"trim":"Turbo S"},{"id":101380350,"name":"Turbo 2dr Convertible AWD (3.8L 6cyl Turbo 6M)","submodel":{"body":"Convertible","modelName":"911 Convertible","niceName":"convertible"},"trim":"Turbo"},{"id":101380349,"name":"Turbo 2dr Coupe AWD (3.8L 6cyl Turbo 6M)","submodel":{"body":"Coupe","modelName":"911 Coupe","niceName":"coupe"},"trim":"Turbo"},{"id":101363572,"name":"Carrera 2dr Convertible (3.6L 6cyl 6M)","submodel":{"body":"Convertible","modelName":"911 Convertible","niceName":"convertible"},"trim":"Carrera"},{"id":101380385,"name":"Turbo S 2dr Convertible AWD (3.8L 6cyl Turbo 7AM)","submodel":{"body":"Convertible","modelName":"911 Convertible","niceName":"convertible"},"trim":"Turbo S"},{"id":101356400,"name":"Carrera 4 2dr Coupe AWD (3.6L 6cyl 6M)","submodel":{"body":"Coupe","modelName":"911 Coupe","niceName":"coupe"},"trim":"Carrera 4"},{"id":101320712,"name":"Carrera S 2dr Coupe (3.8L 6cyl 6M)","submodel":{"body":"Coupe","modelName":"911 Coupe","niceName":"coupe"},"trim":"Carrera S"},{"id":101363577,"name":"Carrera S 2dr Convertible (3.8L 6cyl 6M)","submodel":{"body":"Convertible","modelName":"911 Convertible","niceName":"convertible"},"trim":"Carrera S"},{"id":101386226,"name":"GT3 RS 4.0 2dr Coupe (4.0L 6cyl 6M)","submodel":{"body":"Coupe","tuner":"GT3 RS 4.0","modelName":"911 GT3 RS 4.0","niceName":"gt3-rs-40"},"trim":"GT3 RS 4.0"},{"id":101281933,"name":"Carrera 2dr Coupe (3.6L 6cyl 6M)","submodel":{"body":"Coupe","modelName":"911 Coupe","niceName":"coupe"},"trim":"Carrera"},{"id":101380335,"name":"Carrera 4 2dr Convertible AWD (3.6L 6cyl 6M)","submodel":{"body":"Convertible","modelName":"911 Convertible","niceName":"convertible"},"trim":"Carrera 4"},{"id":101380336,"name":"Carrera 4S 2dr Convertible AWD (3.8L 6cyl 6M)","submodel":{"body":"Convertible","modelName":"911 Convertible","niceName":"convertible"},"trim":"Carrera 4S"}]},{"id":100534249,"year":2012,"styles":[{"id":101403511,"name":"Turbo S 2dr Convertible AWD (3.8L 6cyl Turbo 7AM)","submodel":{"body":"Convertible","modelName":"911 Convertible","niceName":"convertible"},"trim":"Turbo S"},{"id":101403512,"name":"GT3 RS 4.0 2dr Coupe (4.0L 6cyl 6M)","submodel":{"body":"Coupe","tuner":"GT3 RS 4.0","modelName":"911 GT3 RS 4.0","niceName":"gt3-rs-40"},"trim":"GT3 RS 4.0"},{"id":101403509,"name":"Turbo S 2dr Coupe AWD (3.8L 6cyl Turbo 7AM)","submodel":{"body":"Coupe","modelName":"911 Coupe","niceName":"coupe"},"trim":"Turbo S"},{"id":101403510,"name":"Turbo 2dr Convertible AWD (3.8L 6cyl Turbo 6M)","submodel":{"body":"Convertible","modelName":"911 Convertible","niceName":"convertible"},"trim":"Turbo"},{"id":101386224,"name":"Carrera Black Edition 2dr Coupe (3.6L 6cyl 6M)","submodel":{"body":"Coupe","modelName":"911 Coupe","niceName":"coupe"},"trim":"Carrera Black Edition"},{"id":101403507,"name":"Targa 4S 2dr Coupe AWD (3.8L 6cyl 6M)","submodel":{"body":"Coupe","modelName":"911 Coupe","niceName":"coupe"},"trim":"Targa 4S"},{"id":101403508,"name":"Turbo 2dr Coupe AWD (3.8L 6cyl Turbo 6M)","submodel":{"body":"Coupe","modelName":"911 Coupe","niceName":"coupe"},"trim":"Turbo"},{"id":101403505,"name":"Carrera 4 GTS 2dr Convertible AWD (3.8L 6cyl 6M)","submodel":{"body":"Convertible","tuner":"Carrera 4 GTS","modelName":"911 Carrera 4 GTS","niceName":"carrera-4-gts"},"trim":"Carrera 4 GTS"},{"id":101403506,"name":"Targa 4 2dr Coupe AWD (3.6L 6cyl 6M)","submodel":{"body":"Coupe","modelName":"911 Coupe","niceName":"coupe"},"trim":"Targa 4"},{"id":101376919,"name":"Carrera 2dr Coupe (3.6L 6cyl 6M)","submodel":{"body":"Coupe","modelName":"911 Coupe","niceName":"coupe"},"trim":"Carrera"},{"id":101403513,"name":"GT2 RS 2dr Coupe (3.6L 6cyl Turbo 6M)","submodel":{"body":"Coupe","tuner":"GT2 RS","modelName":"911 GT2 RS","niceName":"gt2-rs"},"trim":"GT2 RS"},{"id":101403496,"name":"Carrera 4S 2dr Coupe AWD (3.8L 6cyl 6M)","submodel":{"body":"Coupe","modelName":"911 Coupe","niceName":"coupe"},"trim":"Carrera 4S"},{"id":101406651,"name":"Carrera S 2dr Coupe (3.8L 6cyl 7M)","submodel":{"body":"Coupe","modelName":"911 Coupe","niceName":"coupe"},"trim":"Carrera S (Midyear Redesign)"},{"id":101403495,"name":"Carrera 4 2dr Coupe AWD (3.6L 6cyl 6M)","submodel":{"body":"Coupe","modelName":"911 Coupe","niceName":"coupe"},"trim":"Carrera 4"},{"id":101406650,"name":"Carrera 2dr Coupe (3.4L 6cyl 7M)","submodel":{"body":"Coupe","modelName":"911 Coupe","niceName":"coupe"},"trim":"Carrera (Midyear Redesign)"},{"id":101403494,"name":"Carrera S 2dr Convertible (3.8L 6cyl 6M)","submodel":{"body":"Convertible","modelName":"911 Convertible","niceName":"convertible"},"trim":"Carrera S"},{"id":101403493,"name":"Carrera 2dr Convertible (3.6L 6cyl 6M)","submodel":{"body":"Convertible","modelName":"911 Convertible","niceName":"convertible"},"trim":"Carrera"},{"id":101403492,"name":"Carrera S 2dr Coupe (3.8L 6cyl 6M)","submodel":{"body":"Coupe","modelName":"911 Coupe","niceName":"coupe"},"trim":"Carrera S"},{"id":101403504,"name":"Carrera 4 GTS 2dr Coupe AWD (3.8L 6cyl 6M)","submodel":{"body":"Coupe","tuner":"Carrera 4 GTS","modelName":"911 Carrera 4 GTS","niceName":"carrera-4-gts"},"trim":"Carrera 4 GTS"},{"id":101403500,"name":"Carrera GTS 2dr Convertible (3.8L 6cyl 6M)","submodel":{"body":"Convertible","tuner":"Carrera GTS","modelName":"911 Carrera GTS","niceName":"carrera-gts"},"trim":"Carrera GTS"},{"id":101386225,"name":"Carrera Black Edition 2dr Convertible (3.6L 6cyl 6M)","submodel":{"body":"Convertible","modelName":"911 Convertible","niceName":"convertible"},"trim":"Carrera Black Edition"},{"id":101403499,"name":"Carrera GTS 2dr Coupe (3.8L 6cyl 6M)","submodel":{"body":"Coupe","tuner":"Carrera GTS","modelName":"911 Carrera GTS","niceName":"carrera-gts"},"trim":"Carrera GTS"},{"id":101403498,"name":"Carrera 4S 2dr Convertible AWD (3.8L 6cyl 6M)","submodel":{"body":"Convertible","modelName":"911 Convertible","niceName":"convertible"},"trim":"Carrera 4S"},{"id":101403497,"name":"Carrera 4 2dr Convertible AWD (3.6L 6cyl 6M)","submodel":{"body":"Convertible","modelName":"911 Convertible","niceName":"convertible"},"trim":"Carrera 4"}]},{"id":200444178,"year":2013,"styles":[{"id":200459093,"name":"Turbo S 2dr Convertible AWD (3.8L 6cyl Turbo 7AM)","submodel":{"body":"Convertible","modelName":"911 Convertible","niceName":"convertible"},"trim":"Turbo S"},{"id":200459080,"name":"Carrera S 2dr Coupe (3.8L 6cyl 7M)","submodel":{"body":"Coupe","modelName":"911 Coupe","niceName":"coupe"},"trim":"Carrera S"},{"id":200444179,"name":"Carrera 4S 2dr Coupe AWD (3.8L 6cyl 7M)","submodel":{"body":"Coupe","modelName":"911 Coupe","niceName":"coupe"},"trim":"Carrera 4S"},{"id":200459079,"name":"Carrera 2dr Coupe (3.4L 6cyl 7M)","submodel":{"body":"Coupe","modelName":"911 Coupe","niceName":"coupe"},"trim":"Carrera"},{"id":200459090,"name":"Turbo 2dr Coupe AWD (3.8L 6cyl Turbo 6M)","submodel":{"body":"Coupe","modelName":"911 Coupe","niceName":"coupe"},"trim":"Turbo"},{"id":200459091,"name":"Turbo S 2dr Coupe AWD (3.8L 6cyl Turbo 7AM)","submodel":{"body":"Coupe","modelName":"911 Coupe","niceName":"coupe"},"trim":"Turbo S"},{"id":200459092,"name":"Turbo 2dr Convertible AWD (3.8L 6cyl Turbo 6M)","submodel":{"body":"Convertible","modelName":"911 Convertible","niceName":"convertible"},"trim":"Turbo"},{"id":200459085,"name":"Carrera 4 2dr Convertible AWD (3.4L 6cyl 7M)","submodel":{"body":"Convertible","modelName":"911 Convertible","niceName":"convertible"},"trim":"Carrera 4"},{"id":200459082,"name":"Carrera S 2dr Convertible (3.8L 6cyl 7M)","submodel":{"body":"Convertible","modelName":"911 Convertible","niceName":"convertible"},"trim":"Carrera S"},{"id":200459081,"name":"Carrera 2dr Convertible (3.4L 6cyl 7M)","submodel":{"body":"Convertible","modelName":"911 Convertible","niceName":"convertible"},"trim":"Carrera"},{"id":200459084,"name":"Carrera 4S 2dr Convertible AWD (3.8L 6cyl 7M)","submodel":{"body":"Convertible","modelName":"911 Convertible","niceName":"convertible"},"trim":"Carrera 4S"},{"id":200459083,"name":"Carrera 4 2dr Coupe AWD (3.4L 6cyl 7M)","submodel":{"body":"Coupe","modelName":"911 Coupe","niceName":"coupe"},"trim":"Carrera 4"}]},{"id":200464123,"year":2014,"styles":[{"id":200474910,"name":"Carrera 2dr Coupe (3.4L 6cyl 7M)","submodel":{"body":"Coupe","modelName":"911 Coupe","niceName":"coupe"},"trim":"Carrera"},{"id":200674226,"name":"Targa 4 2dr Coupe AWD (3.4L 6cyl 7M)","submodel":{"body":"Coupe","modelName":"911 Coupe","niceName":"coupe"},"trim":"Targa 4"},{"id":200474912,"name":"Turbo 2dr Coupe AWD (3.8L 6cyl Turbo 7AM)","submodel":{"body":"Coupe","modelName":"911 Coupe","niceName":"coupe"},"trim":"Turbo"},{"id":200674225,"name":"Targa 4S 2dr Coupe AWD (3.8L 6cyl 7M)","submodel":{"body":"Coupe","modelName":"911 Coupe","niceName":"coupe"},"trim":"Targa 4S"},{"id":200474911,"name":"Carrera 4S 2dr Coupe AWD (3.8L 6cyl 7M)","submodel":{"body":"Coupe","modelName":"911 Coupe","niceName":"coupe"},"trim":"Carrera 4S"},{"id":200674175,"name":"Turbo S 2dr Convertible AWD (3.8L 6cyl Turbo 7AM)","submodel":{"body":"Convertible","modelName":"911 Convertible","niceName":"convertible"},"trim":"Turbo S"},{"id":200674174,"name":"Turbo 2dr Convertible AWD (3.8L 6cyl Turbo 7AM)","submodel":{"body":"Convertible","modelName":"911 Convertible","niceName":"convertible"},"trim":"Turbo"},{"id":200464124,"name":"GT3 2dr Coupe (3.8L 6cyl 7AM)","submodel":{"body":"Coupe","tuner":"GT3","modelName":"911 GT3","niceName":"gt3"},"trim":"GT3"},{"id":200474919,"name":"Carrera S 2dr Coupe (3.8L 6cyl 7M)","submodel":{"body":"Coupe","modelName":"911 Coupe","niceName":"coupe"},"trim":"Carrera S"},{"id":200474917,"name":"Carrera S 2dr Convertible (3.8L 6cyl 7M)","submodel":{"body":"Convertible","modelName":"911 Convertible","niceName":"convertible"},"trim":"Carrera S"},{"id":200474918,"name":"Carrera 2dr Convertible (3.4L 6cyl 7M)","submodel":{"body":"Convertible","modelName":"911 Convertible","niceName":"convertible"},"trim":"Carrera"},{"id":200474915,"name":"Carrera 4S 2dr Convertible AWD (3.8L 6cyl 7M)","submodel":{"body":"Convertible","modelName":"911 Convertible","niceName":"convertible"},"trim":"Carrera 4S"},{"id":200474916,"name":"Carrera 4 2dr Coupe AWD (3.4L 6cyl 7M)","submodel":{"body":"Coupe","modelName":"911 Coupe","niceName":"coupe"},"trim":"Carrera 4"},{"id":200475918,"name":"50th Anniversary Edition 2dr Coupe (3.8L 6cyl 7M)","submodel":{"body":"Coupe","modelName":"911 Coupe","niceName":"coupe"},"trim":"50th Anniversary Edition"},{"id":200474913,"name":"Turbo S 2dr Coupe AWD (3.8L 6cyl Turbo 7AM)","submodel":{"body":"Coupe","modelName":"911 Coupe","niceName":"coupe"},"trim":"Turbo S"},{"id":200474914,"name":"Carrera 4 2dr Convertible AWD (3.4L 6cyl 7M)","submodel":{"body":"Convertible","modelName":"911 Convertible","niceName":"convertible"},"trim":"Carrera 4"}]},{"id":200693821,"year":2015,"styles":[{"id":200693835,"name":"Carrera 2dr Convertible (3.4L 6cyl 7M)","submodel":{"body":"Convertible","modelName":"911 Convertible","niceName":"convertible"},"trim":"Carrera"},{"id":200693836,"name":"Carrera S 2dr Coupe (3.8L 6cyl 7M)","submodel":{"body":"Coupe","modelName":"911 Coupe","niceName":"coupe"},"trim":"Carrera S"},{"id":200693833,"name":"Carrera 4 2dr Coupe AWD (3.4L 6cyl 7M)","submodel":{"body":"Coupe","modelName":"911 Coupe","niceName":"coupe"},"trim":"Carrera 4"},{"id":200693834,"name":"Carrera S 2dr Convertible (3.8L 6cyl 7M)","submodel":{"body":"Convertible","modelName":"911 Convertible","niceName":"convertible"},"trim":"Carrera S"},{"id":200718948,"name":"Carrera 4 GTS 2dr Coupe AWD (3.8L 6cyl 7M)","submodel":{"body":"Coupe","modelName":"911 Coupe","niceName":"coupe"},"trim":"Carrera 4 GTS"},{"id":200693831,"name":"Carrera 4 2dr Convertible AWD (3.4L 6cyl 7M)","submodel":{"body":"Convertible","modelName":"911 Convertible","niceName":"convertible"},"trim":"Carrera 4"},{"id":200693832,"name":"Carrera 4S 2dr Convertible AWD (3.8L 6cyl 7M)","submodel":{"body":"Convertible","modelName":"911 Convertible","niceName":"convertible"},"trim":"Carrera 4S"},{"id":200693829,"name":"Turbo 2dr Coupe AWD (3.8L 6cyl Turbo 7AM)","submodel":{"body":"Coupe","modelName":"911 Coupe","niceName":"coupe"},"trim":"Turbo"},{"id":200693830,"name":"Turbo S 2dr Coupe AWD (3.8L 6cyl Turbo 7AM)","submodel":{"body":"Coupe","modelName":"911 Coupe","niceName":"coupe"},"trim":"Turbo S"},{"id":200693827,"name":"Carrera 2dr Coupe (3.4L 6cyl 7M)","submodel":{"body":"Coupe","modelName":"911 Coupe","niceName":"coupe"},"trim":"Carrera"},{"id":200718951,"name":"Carrera GTS 2dr Coupe (3.8L 6cyl 7M)","submodel":{"body":"Coupe","modelName":"911 Coupe","niceName":"coupe"},"trim":"Carrera GTS"},{"id":200693828,"name":"GT3 2dr Coupe (3.8L 6cyl 7AM)","submodel":{"body":"Coupe","tuner":"GT3","modelName":"911 GT3","niceName":"gt3"},"trim":"GT3"},{"id":200718950,"name":"Carrera 4 GTS 2dr Convertible AWD (3.8L 6cyl 7M)","submodel":{"body":"Convertible","modelName":"911 Convertible","niceName":"convertible"},"trim":"Carrera 4 GTS"},{"id":200693825,"name":"Turbo S 2dr Convertible AWD (3.8L 6cyl Turbo 7AM)","submodel":{"body":"Convertible","modelName":"911 Convertible","niceName":"convertible"},"trim":"Turbo S"},{"id":200718949,"name":"Carrera GTS 2dr Convertible (3.8L 6cyl 7M)","submodel":{"body":"Convertible","modelName":"911 Convertible","niceName":"convertible"},"trim":"Carrera GTS"},{"id":200693826,"name":"Carrera 4S 2dr Coupe AWD (3.8L 6cyl 7M)","submodel":{"body":"Coupe","modelName":"911 Coupe","niceName":"coupe"},"trim":"Carrera 4S"},{"id":200693822,"name":"Targa 4S 2dr Coupe AWD (3.8L 6cyl 7M)","submodel":{"body":"Coupe","modelName":"911 Coupe","niceName":"coupe"},"trim":"Targa 4S"},{"id":200693824,"name":"Targa 4 2dr Coupe AWD (3.4L 6cyl 7M)","submodel":{"body":"Coupe","modelName":"911 Coupe","niceName":"coupe"},"trim":"Targa 4"},{"id":200693823,"name":"Turbo 2dr Convertible AWD (3.8L 6cyl Turbo 7AM)","submodel":{"body":"Convertible","modelName":"911 Convertible","niceName":"convertible"},"trim":"Turbo"},{"id":200725130,"name":"Targa 4 GTS 2dr Coupe AWD (3.8L 6cyl 7M)","submodel":{"body":"Coupe","modelName":"911 Coupe","niceName":"coupe"},"trim":"Targa 4 GTS"}]},{"id":200729205,"year":2016,"styles":[{"id":200746171,"name":"Carrera S 2dr Convertible (3.8L 6cyl 7M)","submodel":{"body":"Convertible","modelName":"911 Convertible","niceName":"convertible"},"trim":"Carrera S"},{"id":200746172,"name":"Carrera 2dr Convertible (3.4L 6cyl 7M)","submodel":{"body":"Convertible","modelName":"911 Convertible","niceName":"convertible"},"trim":"Carrera"},{"id":200746169,"name":"Carrera 4S 2dr Convertible AWD (3.8L 6cyl 7M)","submodel":{"body":"Convertible","modelName":"911 Convertible","niceName":"convertible"},"trim":"Carrera 4S"},{"id":200746170,"name":"Carrera 4 2dr Coupe AWD (3.4L 6cyl 7M)","submodel":{"body":"Coupe","modelName":"911 Coupe","niceName":"coupe"},"trim":"Carrera 4"},{"id":200746175,"name":"Carrera 4 2dr Convertible AWD (3.4L 6cyl 7M)","submodel":{"body":"Convertible","modelName":"911 Convertible","niceName":"convertible"},"trim":"Carrera 4"},{"id":200746176,"name":"Targa 4 2dr Coupe AWD (3.4L 6cyl 7M)","submodel":{"body":"Coupe","modelName":"911 Coupe","niceName":"coupe"},"trim":"Targa 4"},{"id":200746173,"name":"Turbo 2dr Coupe AWD (3.8L 6cyl Turbo 7AM)","submodel":{"body":"Coupe","modelName":"911 Coupe","niceName":"coupe"},"trim":"Turbo"},{"id":200746174,"name":"Turbo S 2dr Coupe AWD (3.8L 6cyl Turbo 7AM)","submodel":{"body":"Coupe","modelName":"911 Coupe","niceName":"coupe"},"trim":"Turbo S"},{"id":200746164,"name":"Carrera 4 GTS 2dr Coupe AWD (3.8L 6cyl 7M)","submodel":{"body":"Coupe","modelName":"911 Coupe","niceName":"coupe"},"trim":"Carrera 4 GTS"},{"id":200746167,"name":"Carrera 4 GTS 2dr Convertible AWD (3.8L 6cyl 7M)","submodel":{"body":"Convertible","modelName":"911 Convertible","niceName":"convertible"},"trim":"Carrera 4 GTS"},{"id":200729560,"name":"Targa 4 GTS 2dr Coupe AWD (3.8L 6cyl 7M)","submodel":{"body":"Coupe","modelName":"911 Coupe","niceName":"coupe"},"trim":"Targa 4 GTS"},{"id":200746168,"name":"Carrera GTS 2dr Coupe (3.8L 6cyl 7M)","submodel":{"body":"Coupe","modelName":"911 Coupe","niceName":"coupe"},"trim":"Carrera GTS"},{"id":200746165,"name":"Carrera S 2dr Coupe (3.8L 6cyl Turbo 7M)","submodel":{"body":"Coupe","modelName":"911 Coupe","niceName":"coupe"},"trim":"Carrera S"},{"id":200746166,"name":"Carrera GTS 2dr Convertible (3.8L 6cyl 7M)","submodel":{"body":"Convertible","modelName":"911 Convertible","niceName":"convertible"},"trim":"Carrera GTS"},{"id":200746185,"name":"Carrera Black Edition 2dr Coupe (3.4L 6cyl 7M)","submodel":{"body":"Coupe","modelName":"911 Coupe","niceName":"coupe"},"trim":"Carrera Black Edition"},{"id":200746178,"name":"Carrera 4S 2dr Coupe AWD (3.8L 6cyl 7M)","submodel":{"body":"Coupe","modelName":"911 Coupe","niceName":"coupe"},"trim":"Carrera 4S"},{"id":200746177,"name":"Turbo S 2dr Convertible AWD (3.8L 6cyl Turbo 7AM)","submodel":{"body":"Convertible","modelName":"911 Convertible","niceName":"convertible"},"trim":"Turbo S"},{"id":200746180,"name":"Turbo 2dr Convertible AWD (3.8L 6cyl Turbo 7AM)","submodel":{"body":"Convertible","modelName":"911 Convertible","niceName":"convertible"},"trim":"Turbo"},{"id":401612842,"name":"GT3 2dr Coupe (3.8L 6cyl 7AM)","submodel":{"body":"Coupe","tuner":"GT3","modelName":"911 GT3","niceName":"gt3"},"trim":"GT3"},{"id":200746179,"name":"Carrera 2dr Coupe (3.4L 6cyl 7M)","submodel":{"body":"Coupe","modelName":"911 Coupe","niceName":"coupe"},"trim":"Carrera"},{"id":200746182,"name":"Carrera Black Edition 2dr Convertible (3.4L 6cyl 7M)","submodel":{"body":"Convertible","modelName":"911 Convertible","niceName":"convertible"},"trim":"Carrera Black Edition"},{"id":200746181,"name":"Targa 4S 2dr Coupe AWD (3.8L 6cyl 7M)","submodel":{"body":"Coupe","modelName":"911 Coupe","niceName":"coupe"},"trim":"Targa 4S"},{"id":200746184,"name":"Carrera 4 Black Edition 2dr Coupe AWD (3.4L 6cyl 7M)","submodel":{"body":"Coupe","modelName":"911 Coupe","niceName":"coupe"},"trim":"Carrera 4 Black Edition"},{"id":200746183,"name":"Carrera 4 Black Edition 2dr Convertible AWD (3.4L 6cyl 7M)","submodel":{"body":"Convertible","modelName":"911 Convertible","niceName":"convertible"},"trim":"Carrera 4 Black Edition"},{"id":200729263,"name":"GT3 RS 2dr Coupe (4.0L 6cyl 7AM)","submodel":{"body":"Coupe","tuner":"GT3 RS","modelName":"911 GT3 RS","niceName":"gt3-rs"},"trim":"GT3 RS"}]},{"id":401578403,"year":2017,"styles":[{"id":401614840,"name":"Carrera 4S 2dr Convertible AWD (3.0L 6cyl Turbo 7M)","submodel":{"body":"Convertible","modelName":"911 Convertible","niceName":"convertible"},"trim":"Carrera 4S"},{"id":401614839,"name":"Carrera 4 2dr Convertible AWD (3.0L 6cyl Turbo 7M)","submodel":{"body":"Convertible","modelName":"911 Convertible","niceName":"convertible"},"trim":"Carrera 4"},{"id":401614838,"name":"Carrera 4S 2dr Coupe AWD (3.0L 6cyl Turbo 7M)","submodel":{"body":"Coupe","modelName":"911 Coupe","niceName":"coupe"},"trim":"Carrera 4S"},{"id":401614837,"name":"Carrera 4 2dr Coupe AWD (3.0L 6cyl Turbo 7M)","submodel":{"body":"Coupe","modelName":"911 Coupe","niceName":"coupe"},"trim":"Carrera 4"},{"id":401614836,"name":"Carrera S 2dr Convertible (3.0L 6cyl Turbo 7M)","submodel":{"body":"Convertible","modelName":"911 Convertible","niceName":"convertible"},"trim":"Carrera S"},{"id":401614835,"name":"Carrera 2dr Convertible (3.0L 6cyl Turbo 7M)","submodel":{"body":"Convertible","modelName":"911 Convertible","niceName":"convertible"},"trim":"Carrera"},{"id":401614846,"name":"Turbo 2dr Convertible AWD (3.8L 6cyl Turbo 7AM)","submodel":{"body":"Convertible","modelName":"911 Convertible","niceName":"convertible"},"trim":"Turbo"},{"id":401614845,"name":"Turbo S 2dr Convertible AWD (3.8L 6cyl Turbo 7AM)","submodel":{"body":"Convertible","modelName":"911 Convertible","niceName":"convertible"},"trim":"Turbo S"},{"id":401578405,"name":"Carrera 2dr Coupe (3.0L 6cyl Turbo 7M)","submodel":{"body":"Coupe","modelName":"911 Coupe","niceName":"coupe"},"trim":"Carrera"},{"id":401614844,"name":"Turbo S 2dr Coupe AWD (3.8L 6cyl Turbo 7AM)","submodel":{"body":"Coupe","modelName":"911 Coupe","niceName":"coupe"},"trim":"Turbo S"},{"id":401614843,"name":"Turbo 2dr Coupe AWD (3.8L 6cyl Turbo 7AM)","submodel":{"body":"Coupe","modelName":"911 Coupe","niceName":"coupe"},"trim":"Turbo"},{"id":401614842,"name":"Targa 4S 2dr Coupe AWD (3.0L 6cyl Turbo 7M)","submodel":{"body":"Coupe","modelName":"911 Coupe","niceName":"coupe"},"trim":"Targa 4S"},{"id":401614841,"name":"Targa 4 2dr Coupe AWD (3.0L 6cyl Turbo 7M)","submodel":{"body":"Coupe","modelName":"911 Coupe","niceName":"coupe"},"trim":"Targa 4"},{"id":401614829,"name":"Carrera S 2dr Coupe (3.0L 6cyl Turbo 7M)","submodel":{"body":"Coupe","modelName":"911 Coupe","niceName":"coupe"},"trim":"Carrera S"}]}]},{"id":"Porsche_918_Spyder","name":"918 Spyder","niceName":"918-spyder","years":[{"id":200676633,"year":2015,"styles":[{"id":200491104,"name":"Weissach Package 2dr Convertible AWD (4.6L 8cyl gas/electric hybrid 7AM)","submodel":{"body":"Convertible","modelName":"918 Spyder Convertible","niceName":"convertible"},"trim":"Weissach Package"},{"id":200423248,"name":"2dr Convertible AWD (4.6L 8cyl gas/electric hybrid 7AM)","submodel":{"body":"Convertible","modelName":"918 Spyder Convertible","niceName":"convertible"},"trim":"Base"}]}]},{"id":"Porsche_928","name":"928","niceName":"928","years":[{"id":1400,"year":1990,"styles":[{"id":1378,"name":"2dr Coupe","submodel":{"body":"Hatchback","modelName":"928 Hatchback","niceName":"hatchback"},"trim":"Base"}]},{"id":554,"year":1991,"styles":[{"id":1368,"name":"2dr Coupe","submodel":{"body":"Hatchback","modelName":"928 Hatchback","niceName":"hatchback"},"trim":"Base"}]},{"id":1401,"year":1993,"styles":[{"id":1316,"name":"GTS 2dr Coupe","submodel":{"body":"Hatchback","modelName":"928 Hatchback","niceName":"hatchback"},"trim":"GTS"}]},{"id":1402,"year":1994,"styles":[{"id":1303,"name":"GTS 2dr Coupe","submodel":{"body":"Hatchback","modelName":"928 Hatchback","niceName":"hatchback"},"trim":"GTS"}]},{"id":555,"year":1995,"styles":[{"id":1294,"name":"GTS 2dr Coupe","submodel":{"body":"Hatchback","modelName":"928 Hatchback","niceName":"hatchback"},"trim":"GTS"}]}]},{"id":"Porsche_944","name":"944","niceName":"944","years":[{"id":1405,"year":1990,"styles":[{"id":1370,"name":"S2 2dr Convertible","submodel":{"body":"Convertible","modelName":"944 Convertible","niceName":"convertible"},"trim":"S2"},{"id":1371,"name":"S2 2dr Hatchback","submodel":{"body":"Hatchback","modelName":"944 Hatchback","niceName":"hatchback"},"trim":"S2"}]},{"id":1406,"year":1991,"styles":[{"id":1360,"name":"S2 2dr Convertible","submodel":{"body":"Convertible","modelName":"944 Convertible","niceName":"convertible"},"trim":"S2"},{"id":1361,"name":"S2 2dr Hatchback","submodel":{"body":"Hatchback","modelName":"944 Hatchback","niceName":"hatchback"},"trim":"S2"}]}]},{"id":"Porsche_968","name":"968","niceName":"968","years":[{"id":557,"year":1992,"styles":[{"id":1357,"name":"2dr Coupe","submodel":{"body":"Coupe","modelName":"968 Coupe","niceName":"coupe"},"trim":"Base"},{"id":1351,"name":"2dr Convertible","submodel":{"body":"Convertible","modelName":"968 Convertible","niceName":"convertible"},"trim":"Base"}]},{"id":1407,"year":1993,"styles":[{"id":1319,"name":"2dr Coupe","submodel":{"body":"Coupe","modelName":"968 Coupe","niceName":"coupe"},"trim":"Base"},{"id":1318,"name":"2dr Convertible","submodel":{"body":"Convertible","modelName":"968 Convertible","niceName":"convertible"},"trim":"Base"}]},{"id":558,"year":1994,"styles":[{"id":1306,"name":"2dr Coupe","submodel":{"body":"Coupe","modelName":"968 Coupe","niceName":"coupe"},"trim":"Base"},{"id":1298,"name":"2dr Convertible","submodel":{"body":"Convertible","modelName":"968 Convertible","niceName":"convertible"},"trim":"Base"}]},{"id":1408,"year":1995,"styles":[{"id":1295,"name":"2dr Convertible","submodel":{"body":"Convertible","modelName":"968 Convertible","niceName":"convertible"},"trim":"Base"},{"id":1296,"name":"2dr Coupe","submodel":{"body":"Coupe","modelName":"968 Coupe","niceName":"coupe"},"trim":"Base"}]}]},{"id":"Porsche_Boxster","name":"Boxster","niceName":"boxster","years":[{"id":1409,"year":1997,"styles":[{"id":1335,"name":"2dr Convertible","submodel":{"body":"Convertible","modelName":"Boxster Convertible","niceName":"convertible"},"trim":"Base"}]},{"id":559,"year":1998,"styles":[{"id":13052,"name":"2dr Convertible","submodel":{"body":"Convertible","modelName":"Boxster Convertible","niceName":"convertible"},"trim":"Base"}]},{"id":3625,"year":1999,"styles":[{"id":11484,"name":"2dr Convertible","submodel":{"body":"Convertible","modelName":"Boxster Convertible","niceName":"convertible"},"trim":"Base"}]},{"id":416,"year":2000,"styles":[{"id":11702,"name":"2dr Convertible","submodel":{"body":"Convertible","modelName":"Boxster Convertible","niceName":"convertible"},"trim":"Base"},{"id":7188,"name":"S 2dr Convertible","submodel":{"body":"Convertible","modelName":"Boxster Convertible","niceName":"convertible"},"trim":"S"}]},{"id":100000221,"year":2001,"styles":[{"id":100001689,"name":"S 2dr Convertible (3.2L 6cyl 6M)","submodel":{"body":"Convertible","modelName":"Boxster Convertible","niceName":"convertible"},"trim":"S"},{"id":100001688,"name":"2dr Convertible (2.7L 6cyl 5M)","submodel":{"body":"Convertible","modelName":"Boxster Convertible","niceName":"convertible"},"trim":"Base"}]},{"id":100000483,"year":2002,"styles":[{"id":100069370,"name":"S 2dr Convertible (3.2L 6cyl 6M)","submodel":{"body":"Convertible","modelName":"Boxster Convertible","niceName":"convertible"},"trim":"S"},{"id":100069371,"name":"2dr Convertible (2.7L 6cyl 5M)","submodel":{"body":"Convertible","modelName":"Boxster Convertible","niceName":"convertible"},"trim":"Base"}]},{"id":100502886,"year":2003,"styles":[{"id":100183118,"name":"S 2dr Convertible (3.2L 6cyl 6M)","submodel":{"body":"Convertible","modelName":"Boxster Convertible","niceName":"convertible"},"trim":"S"},{"id":100183117,"name":"2dr Convertible (2.7L 6cyl 5M)","submodel":{"body":"Convertible","modelName":"Boxster Convertible","niceName":"convertible"},"trim":"Base"}]},{"id":100503316,"year":2004,"styles":[{"id":100375974,"name":"S Anniversary Edition 2dr Roadster (3.2L 6cyl 6M)","submodel":{"body":"Convertible","modelName":"Boxster Convertible","niceName":"convertible"},"trim":"S Anniversary Edition"},{"id":100368955,"name":"S 2dr Roadster (3.2L 6cyl 6M)","submodel":{"body":"Convertible","modelName":"Boxster Convertible","niceName":"convertible"},"trim":"S"},{"id":100368954,"name":"2dr Roadster (2.7L 6cyl 5M)","submodel":{"body":"Convertible","modelName":"Boxster Convertible","niceName":"convertible"},"trim":"Base"}]},{"id":100505207,"year":2005,"styles":[{"id":100510881,"name":"S 2dr Roadster (3.2L 6cyl 6M)","submodel":{"body":"Convertible","modelName":"Boxster Convertible","niceName":"convertible"},"trim":"S"},{"id":100510880,"name":"2dr Roadster (2.7L 6cyl 5M)","submodel":{"body":"Convertible","modelName":"Boxster Convertible","niceName":"convertible"},"trim":"Base"}]},{"id":100506759,"year":2006,"styles":[{"id":100633449,"name":"S 2dr Convertible (3.2L 6cyl 6M)","submodel":{"body":"Convertible","modelName":"Boxster Convertible","niceName":"convertible"},"trim":"S"},{"id":100633448,"name":"2dr Convertible (2.7L 6cyl 5M)","submodel":{"body":"Convertible","modelName":"Boxster Convertible","niceName":"convertible"},"trim":"Base"}]},{"id":100519321,"year":2007,"styles":[{"id":100793215,"name":"2dr Convertible (2.7L 6cyl 5M)","submodel":{"body":"Convertible","modelName":"Boxster Convertible","niceName":"convertible"},"trim":"Base"},{"id":100793216,"name":"S 2dr Convertible (3.4L 6cyl 6M)","submodel":{"body":"Convertible","modelName":"Boxster Convertible","niceName":"convertible"},"trim":"S"}]},{"id":100524853,"year":2008,"styles":[{"id":100984309,"name":"Limited Edition 2dr Convertible (2.7L 6cyl 5M)","submodel":{"body":"Convertible","modelName":"Boxster Convertible","niceName":"convertible"},"trim":"Limited Edition"},{"id":101032615,"name":"RS 60 Spyder 2dr Convertible (3.4L 6cyl 6M)","submodel":{"body":"Convertible","tuner":"RS 60 Spyder","modelName":"Boxster RS 60 Spyder","niceName":"rs-60-spyder"},"trim":"RS 60 Spyder"},{"id":100983806,"name":"2dr Convertible (2.7L 6cyl 5M)","submodel":{"body":"Convertible","modelName":"Boxster Convertible","niceName":"convertible"},"trim":"Base"},{"id":100984383,"name":"Limited Edition S 2dr Convertible (3.4L 6cyl 6M)","submodel":{"body":"Convertible","modelName":"Boxster Convertible","niceName":"convertible"},"trim":"Limited Edition S"},{"id":100983807,"name":"S 2dr Convertible (3.4L 6cyl 6M)","submodel":{"body":"Convertible","modelName":"Boxster Convertible","niceName":"convertible"},"trim":"S"}]},{"id":100527189,"year":2009,"styles":[{"id":101141782,"name":"2dr Convertible (2.9L 6cyl 6M)","submodel":{"body":"Convertible","modelName":"Boxster Convertible","niceName":"convertible"},"trim":"Base"},{"id":101141783,"name":"S 2dr Convertible (3.4L 6cyl 6M)","submodel":{"body":"Convertible","modelName":"Boxster Convertible","niceName":"convertible"},"trim":"S"}]},{"id":100531069,"year":2010,"styles":[{"id":101276847,"name":"2dr Convertible (2.9L 6cyl 6M)","submodel":{"body":"Convertible","modelName":"Boxster Convertible","niceName":"convertible"},"trim":"Base"},{"id":101276848,"name":"S 2dr Convertible (3.4L 6cyl 6M)","submodel":{"body":"Convertible","modelName":"Boxster Convertible","niceName":"convertible"},"trim":"S"}]},{"id":100534569,"year":2011,"styles":[{"id":101380355,"name":"S 2dr Convertible (3.4L 6cyl 6M)","submodel":{"body":"Convertible","modelName":"Boxster Convertible","niceName":"convertible"},"trim":"S"},{"id":101380354,"name":"2dr Convertible (2.9L 6cyl 6M)","submodel":{"body":"Convertible","modelName":"Boxster Convertible","niceName":"convertible"},"trim":"Base"},{"id":101380363,"name":"Spyder 2dr Convertible (3.4L 6cyl 6M)","submodel":{"body":"Convertible","modelName":"Boxster Convertible","niceName":"convertible"},"trim":"Spyder"}]},{"id":100527153,"year":2012,"styles":[{"id":101386239,"name":"S Black Edition 2dr Convertible (3.4L 6cyl 6M)","submodel":{"body":"Convertible","modelName":"Boxster Convertible","niceName":"convertible"},"trim":"S Black Edition"},{"id":200438857,"name":"2dr Convertible (2.9L 6cyl 6M)","submodel":{"body":"Convertible","modelName":"Boxster Convertible","niceName":"convertible"},"trim":"Base"},{"id":200438858,"name":"S 2dr Convertible (3.4L 6cyl 6M)","submodel":{"body":"Convertible","modelName":"Boxster Convertible","niceName":"convertible"},"trim":"S"},{"id":200438859,"name":"Spyder 2dr Convertible (3.4L 6cyl 6M)","submodel":{"body":"Convertible","modelName":"Boxster Convertible","niceName":"convertible"},"trim":"Spyder"}]},{"id":100539161,"year":2013,"styles":[{"id":200418352,"name":"S 2dr Convertible (3.4L 6cyl 6M)","submodel":{"body":"Convertible","modelName":"Boxster Convertible","niceName":"convertible"},"trim":"S"},{"id":101420410,"name":"2dr Convertible (2.7L 6cyl 6M)","submodel":{"body":"Convertible","modelName":"Boxster Convertible","niceName":"convertible"},"trim":"Base"}]},{"id":200469909,"year":2014,"styles":[{"id":200469911,"name":"S 2dr Convertible (3.4L 6cyl 6M)","submodel":{"body":"Convertible","modelName":"Boxster Convertible","niceName":"convertible"},"trim":"S"},{"id":200469910,"name":"2dr Convertible (2.7L 6cyl 6M)","submodel":{"body":"Convertible","modelName":"Boxster Convertible","niceName":"convertible"},"trim":"Base"},{"id":200691957,"name":"GTS 2dr Convertible (3.4L 6cyl 6M)","submodel":{"body":"Convertible","modelName":"Boxster Convertible","niceName":"convertible"},"trim":"GTS"}]},{"id":200696624,"year":2015,"styles":[{"id":200696625,"name":"S 2dr Convertible (3.4L 6cyl 6M)","submodel":{"body":"Convertible","modelName":"Boxster Convertible","niceName":"convertible"},"trim":"S"},{"id":200696626,"name":"2dr Convertible (2.7L 6cyl 6M)","submodel":{"body":"Convertible","modelName":"Boxster Convertible","niceName":"convertible"},"trim":"Base"},{"id":200696627,"name":"GTS 2dr Convertible (3.4L 6cyl 6M)","submodel":{"body":"Convertible","modelName":"Boxster Convertible","niceName":"convertible"},"trim":"GTS"}]},{"id":200731946,"year":2016,"styles":[{"id":200731950,"name":"Spyder 2dr Convertible (3.8L 6cyl 6M)","submodel":{"body":"Convertible","modelName":"Boxster Convertible","niceName":"convertible"},"trim":"Spyder"},{"id":200731949,"name":"S 2dr Convertible (3.4L 6cyl 6M)","submodel":{"body":"Convertible","modelName":"Boxster Convertible","niceName":"convertible"},"trim":"S"},{"id":200731948,"name":"GTS 2dr Convertible (3.4L 6cyl 6M)","submodel":{"body":"Convertible","modelName":"Boxster Convertible","niceName":"convertible"},"trim":"GTS"},{"id":200731947,"name":"2dr Convertible (2.7L 6cyl 6M)","submodel":{"body":"Convertible","modelName":"Boxster Convertible","niceName":"convertible"},"trim":"Base"}]}]},{"id":"Porsche_Carrera_GT","name":"Carrera GT","niceName":"carrera-gt","years":[{"id":100502929,"year":2004,"styles":[{"id":100366715,"name":"2dr Convertible (5.7L 10cyl 6M)","submodel":{"body":"Convertible","modelName":"Carrera GT Convertible","niceName":"convertible"},"trim":"Base"}]},{"id":100505208,"year":2005,"styles":[{"id":100500350,"name":"2dr Convertible (5.7L 10cyl 6M)","submodel":{"body":"Convertible","modelName":"Carrera GT Convertible","niceName":"convertible"},"trim":"Base"}]}]},{"id":"Porsche_Cayenne","name":"Cayenne","niceName":"cayenne","years":[{"id":100502669,"year":2003,"styles":[{"id":100215823,"name":"S Tiptronic 4WD 4dr SUV (4.5L 8cyl 6A)","submodel":{"body":"SUV","modelName":"Cayenne SUV","niceName":"suv"},"trim":"S Tiptronic"},{"id":100215824,"name":"Turbo Tiptronic 4WD 4dr SUV (4.5L 8cyl Turbo 6A)","submodel":{"body":"SUV","modelName":"Cayenne SUV","niceName":"suv"},"trim":"Turbo Tiptronic"}]},{"id":100503317,"year":2004,"styles":[{"id":100342776,"name":"S AWD 4dr SUV (4.5L 8cyl 6A)","submodel":{"body":"SUV","modelName":"Cayenne SUV","niceName":"suv"},"trim":"S"},{"id":100379981,"name":"Tiptronic AWD 4dr SUV (3.2L 6cyl 6A)","submodel":{"body":"SUV","modelName":"Cayenne SUV","niceName":"suv"},"trim":"Tiptronic"},{"id":100342777,"name":"Turbo AWD 4dr SUV (4.5L 8cyl Turbo 6A)","submodel":{"body":"SUV","modelName":"Cayenne SUV","niceName":"suv"},"trim":"Turbo"}]},{"id":100505209,"year":2005,"styles":[{"id":100497981,"name":"Turbo AWD 4dr SUV (4.5L 8cyl Turbo 6A)","submodel":{"body":"SUV","modelName":"Cayenne SUV","niceName":"suv"},"trim":"Turbo"},{"id":100497979,"name":"Tiptronic AWD 4dr SUV (3.2L 6cyl 6A)","submodel":{"body":"SUV","modelName":"Cayenne SUV","niceName":"suv"},"trim":"Tiptronic"},{"id":100497980,"name":"S AWD 4dr SUV (4.5L 8cyl 6A)","submodel":{"body":"SUV","modelName":"Cayenne SUV","niceName":"suv"},"trim":"S"},{"id":100497978,"name":"AWD 4dr SUV (3.2L 6cyl 6M)","submodel":{"body":"SUV","modelName":"Cayenne SUV","niceName":"suv"},"trim":"Base"}]},{"id":100505567,"year":2006,"styles":[{"id":100541901,"name":"Tiptronic 4dr SUV AWD (3.2L 6cyl 6A)","submodel":{"body":"SUV","modelName":"Cayenne SUV","niceName":"suv"},"trim":"Tiptronic"},{"id":100541903,"name":"Turbo 4dr SUV AWD (4.5L 8cyl Turbo 6A)","submodel":{"body":"SUV","modelName":"Cayenne SUV","niceName":"suv"},"trim":"Turbo"},{"id":100541904,"name":"S 4dr SUV AWD (4.5L 8cyl 6A)","submodel":{"body":"SUV","modelName":"Cayenne SUV","niceName":"suv"},"trim":"S"},{"id":100541900,"name":"4dr SUV AWD (3.2L 6cyl 6M)","submodel":{"body":"SUV","modelName":"Cayenne SUV","niceName":"suv"},"trim":"Base"},{"id":100684771,"name":"Turbo S 4dr SUV AWD (4.5L 8cyl Turbo 6A)","submodel":{"body":"SUV","tuner":"Turbo S","modelName":"Cayenne Turbo S","niceName":"turbo-s"},"trim":"Turbo S"},{"id":100766198,"name":"S Titanium Edition 4dr SUV AWD (4.5L 8cyl 6A)","submodel":{"body":"SUV","modelName":"Cayenne SUV","niceName":"suv"},"trim":"S Titanium Edition"}]},{"id":100505569,"year":2008,"styles":[{"id":100987167,"name":"GTS 4dr SUV AWD (4.8L 8cyl 6M)","submodel":{"body":"SUV","modelName":"Cayenne SUV","niceName":"suv"},"trim":"GTS"},{"id":100851229,"name":"4dr SUV AWD (3.6L 6cyl 6M)","submodel":{"body":"SUV","modelName":"Cayenne SUV","niceName":"suv"},"trim":"Base"},{"id":100851230,"name":"Tiptronic 4dr SUV AWD (3.6L 6cyl 6A)","submodel":{"body":"SUV","modelName":"Cayenne SUV","niceName":"suv"},"trim":"Tiptronic"},{"id":100851261,"name":"S 4dr SUV AWD (4.8L 8cyl 6A)","submodel":{"body":"SUV","modelName":"Cayenne SUV","niceName":"suv"},"trim":"S"},{"id":100988776,"name":"GTS Tiptronic 4dr SUV AWD (4.8L 8cyl 6A)","submodel":{"body":"SUV","modelName":"Cayenne SUV","niceName":"suv"},"trim":"GTS Tiptronic"},{"id":100851262,"name":"Turbo 4dr SUV AWD (4.8L 8cyl Turbo 6A)","submodel":{"body":"SUV","modelName":"Cayenne SUV","niceName":"suv"},"trim":"Turbo"}]},{"id":100525783,"year":2009,"styles":[{"id":101037678,"name":"Turbo S 4dr SUV AWD (4.8L 8cyl Turbo 6A)","submodel":{"body":"SUV","tuner":"Turbo S","modelName":"Cayenne Turbo S","niceName":"turbo-s"},"trim":"Turbo S"},{"id":101037450,"name":"Turbo 4dr SUV AWD (4.8L 8cyl Turbo 6A)","submodel":{"body":"SUV","modelName":"Cayenne SUV","niceName":"suv"},"trim":"Turbo"},{"id":101037449,"name":"S 4dr SUV AWD (4.8L 8cyl 6A)","submodel":{"body":"SUV","modelName":"Cayenne SUV","niceName":"suv"},"trim":"S"},{"id":101037452,"name":"GTS Tiptronic 4dr SUV AWD (4.8L 8cyl 6A)","submodel":{"body":"SUV","modelName":"Cayenne SUV","niceName":"suv"},"trim":"GTS Tiptronic"},{"id":101037451,"name":"GTS 4dr SUV AWD (4.8L 8cyl 6M)","submodel":{"body":"SUV","modelName":"Cayenne SUV","niceName":"suv"},"trim":"GTS"},{"id":101037448,"name":"Tiptronic 4dr SUV AWD (3.6L 6cyl 6A)","submodel":{"body":"SUV","modelName":"Cayenne SUV","niceName":"suv"},"trim":"Tiptronic"},{"id":101037447,"name":"4dr SUV AWD (3.6L 6cyl 6M)","submodel":{"body":"SUV","modelName":"Cayenne SUV","niceName":"suv"},"trim":"Base"}]},{"id":100522811,"year":2010,"styles":[{"id":101266482,"name":"4dr SUV 4WD (3.6L 6cyl 6M)","submodel":{"body":"SUV","modelName":"Cayenne SUV","niceName":"suv"},"trim":"Base"},{"id":101266483,"name":"Tiptronic 4dr SUV 4WD (3.6L 6cyl 6A)","submodel":{"body":"SUV","modelName":"Cayenne SUV","niceName":"suv"},"trim":"Tiptronic"},{"id":101266484,"name":"S 4dr SUV 4WD (4.8L 8cyl 6A)","submodel":{"body":"SUV","modelName":"Cayenne SUV","niceName":"suv"},"trim":"S"},{"id":101266485,"name":"GTS 4dr SUV 4WD (4.8L 8cyl 6M)","submodel":{"body":"SUV","modelName":"Cayenne SUV","niceName":"suv"},"trim":"GTS"},{"id":101286368,"name":"S Transsyberia Tiptronic 4dr SUV 4WD (4.8L 8cyl 6A)","submodel":{"body":"SUV","modelName":"Cayenne SUV","niceName":"suv"},"trim":"S Transsyberia Tiptronic"},{"id":101266486,"name":"GTS Tiptronic 4dr SUV 4WD (4.8L 8cyl 6A)","submodel":{"body":"SUV","modelName":"Cayenne SUV","niceName":"suv"},"trim":"GTS Tiptronic"},{"id":101266487,"name":"Turbo 4dr SUV 4WD (4.8L 8cyl Turbo 6A)","submodel":{"body":"SUV","modelName":"Cayenne SUV","niceName":"suv"},"trim":"Turbo"},{"id":101266488,"name":"Turbo S 4dr SUV 4WD (4.8L 8cyl Turbo 6A)","submodel":{"body":"SUV","tuner":"Turbo S","modelName":"Cayenne Turbo S","niceName":"turbo-s"},"trim":"Turbo S"}]},{"id":100531109,"year":2011,"styles":[{"id":101352262,"name":"Tiptronic 4dr SUV 4WD (3.6L 6cyl 8A)","submodel":{"body":"SUV","modelName":"Cayenne SUV","niceName":"suv"},"trim":"Tiptronic"},{"id":101352264,"name":"Turbo 4dr SUV 4WD (4.8L 8cyl Turbo 8A)","submodel":{"body":"SUV","modelName":"Cayenne SUV","niceName":"suv"},"trim":"Turbo"},{"id":101352263,"name":"S 4dr SUV 4WD (4.8L 8cyl 8A)","submodel":{"body":"SUV","modelName":"Cayenne SUV","niceName":"suv"},"trim":"S"},{"id":101352235,"name":"S Hybrid 4dr SUV 4WD (3.0L 6cyl S/C gas/electric hybrid 8A)","submodel":{"body":"SUV","fuel":"Hybrid","modelName":"Cayenne Hybrid","niceName":"hybrid"},"trim":"S Hybrid"},{"id":101277417,"name":"4dr SUV 4WD (3.6L 6cyl 6M)","submodel":{"body":"SUV","modelName":"Cayenne SUV","niceName":"suv"},"trim":"Base"}]},{"id":100536609,"year":2012,"styles":[{"id":101401015,"name":"S 4dr SUV 4WD (4.8L 8cyl 8A)","submodel":{"body":"SUV","modelName":"Cayenne SUV","niceName":"suv"},"trim":"S"},{"id":101401014,"name":"Tiptronic 4dr SUV 4WD (3.6L 6cyl 8A)","submodel":{"body":"SUV","modelName":"Cayenne SUV","niceName":"suv"},"trim":"Tiptronic"},{"id":101400983,"name":"4dr SUV 4WD (3.6L 6cyl 6M)","submodel":{"body":"SUV","modelName":"Cayenne SUV","niceName":"suv"},"trim":"Base"},{"id":101401024,"name":"Turbo 4dr SUV 4WD (4.8L 8cyl Turbo 8A)","submodel":{"body":"SUV","modelName":"Cayenne SUV","niceName":"suv"},"trim":"Turbo"},{"id":101401019,"name":"S Hybrid 4dr SUV 4WD (3.0L 6cyl S/C gas/electric hybrid 8A)","submodel":{"body":"SUV","fuel":"Hybrid","modelName":"Cayenne Hybrid","niceName":"hybrid"},"trim":"S Hybrid"}]},{"id":100539509,"year":2013,"styles":[{"id":101426989,"name":"Diesel 4dr SUV AWD (3.0L 6cyl Turbodiesel 8A)","submodel":{"body":"SUV","fuel":"Diesel","modelName":"Cayenne Diesel","niceName":"diesel"},"trim":"Diesel"},{"id":200427035,"name":"S 4dr SUV AWD (4.8L 8cyl 8A)","submodel":{"body":"SUV","modelName":"Cayenne SUV","niceName":"suv"},"trim":"S"},{"id":200427358,"name":"GTS 4dr SUV AWD (4.8L 8cyl 8A)","submodel":{"body":"SUV","modelName":"Cayenne SUV","niceName":"suv"},"trim":"GTS"},{"id":200427036,"name":"S Hybrid 4dr SUV AWD (3.0L 6cyl S/C gas/electric hybrid 8A)","submodel":{"body":"SUV","fuel":"Hybrid","modelName":"Cayenne Hybrid","niceName":"hybrid"},"trim":"S Hybrid"},{"id":200427191,"name":"Tiptronic 4dr SUV AWD (3.6L 6cyl 8A)","submodel":{"body":"SUV","modelName":"Cayenne SUV","niceName":"suv"},"trim":"Tiptronic"},{"id":200427034,"name":"4dr SUV AWD (3.6L 6cyl 6M)","submodel":{"body":"SUV","modelName":"Cayenne SUV","niceName":"suv"},"trim":"Base"},{"id":200427037,"name":"Turbo 4dr SUV AWD (4.8L 8cyl Turbo 8A)","submodel":{"body":"SUV","modelName":"Cayenne SUV","niceName":"suv"},"trim":"Turbo"}]},{"id":200465905,"year":2014,"styles":[{"id":200465916,"name":"4dr SUV AWD (3.6L 6cyl 6M)","submodel":{"body":"SUV","modelName":"Cayenne SUV","niceName":"suv"},"trim":"Base"},{"id":200465918,"name":"S 4dr SUV AWD (4.8L 8cyl 8A)","submodel":{"body":"SUV","modelName":"Cayenne SUV","niceName":"suv"},"trim":"S"},{"id":200465917,"name":"Diesel 4dr SUV AWD (3.0L 6cyl Turbodiesel 8A)","submodel":{"body":"SUV","fuel":"Diesel","modelName":"Cayenne Diesel","niceName":"diesel"},"trim":"Diesel"},{"id":200465920,"name":"Turbo 4dr SUV AWD (4.8L 8cyl Turbo 8A)","submodel":{"body":"SUV","modelName":"Cayenne SUV","niceName":"suv"},"trim":"Turbo"},{"id":200465919,"name":"S Hybrid 4dr SUV AWD (3.0L 6cyl S/C gas/electric hybrid 8A)","submodel":{"body":"SUV","fuel":"Hybrid","modelName":"Cayenne Hybrid","niceName":"hybrid"},"trim":"S Hybrid"},{"id":200675666,"name":"Platinum Edition 4dr SUV AWD (3.6L 6cyl 8A)","submodel":{"body":"SUV","modelName":"Cayenne SUV","niceName":"suv"},"trim":"Platinum Edition"},{"id":200465906,"name":"Turbo S 4dr SUV AWD (4.8L 8cyl Turbo 8A)","submodel":{"body":"SUV","modelName":"Cayenne SUV","niceName":"suv"},"trim":"Turbo S"},{"id":200465921,"name":"GTS 4dr SUV AWD (4.8L 8cyl 8A)","submodel":{"body":"SUV","modelName":"Cayenne SUV","niceName":"suv"},"trim":"GTS"},{"id":200675667,"name":"Diesel Platinum Edition 4dr SUV AWD (3.0L 6cyl Turbodiesel 8A)","submodel":{"body":"SUV","fuel":"Diesel","modelName":"Cayenne Diesel","niceName":"diesel"},"trim":"Diesel Platinum Edition"}]},{"id":200707124,"year":2015,"styles":[{"id":200720863,"name":"GTS 4dr SUV AWD (3.6L 6cyl Turbo 8A)","submodel":{"body":"SUV","modelName":"Cayenne SUV","niceName":"suv"},"trim":"GTS"},{"id":200707134,"name":"S E-Hybrid 4dr SUV AWD (3.0L 6cyl S/C gas/electric hybrid 8A)","submodel":{"body":"SUV","fuel":"Hybrid","modelName":"Cayenne Hybrid","niceName":"hybrid"},"trim":"S E-Hybrid"},{"id":200707125,"name":"Turbo 4dr SUV AWD (4.8L 8cyl Turbo 8A)","submodel":{"body":"SUV","modelName":"Cayenne SUV","niceName":"suv"},"trim":"Turbo"},{"id":200707126,"name":"Diesel 4dr SUV AWD (3.0L 6cyl Turbodiesel 8A)","submodel":{"body":"SUV","fuel":"Diesel","modelName":"Cayenne Diesel","niceName":"diesel"},"trim":"Diesel"},{"id":200707127,"name":"S 4dr SUV AWD (3.6L 6cyl Turbo 8A)","submodel":{"body":"SUV","modelName":"Cayenne SUV","niceName":"suv"},"trim":"S"}]},{"id":200732826,"year":2016,"styles":[{"id":200733292,"name":"Turbo S 4dr SUV AWD (4.8L 8cyl Turbo 8A)","submodel":{"body":"SUV","modelName":"Cayenne SUV","niceName":"suv"},"trim":"Turbo S"},{"id":200733291,"name":"4dr SUV AWD (3.6L 6cyl 8A)","submodel":{"body":"SUV","modelName":"Cayenne SUV","niceName":"suv"},"trim":"Base"},{"id":200733287,"name":"Turbo 4dr SUV AWD (4.8L 8cyl Turbo 8A)","submodel":{"body":"SUV","modelName":"Cayenne SUV","niceName":"suv"},"trim":"Turbo"},{"id":200733286,"name":"S 4dr SUV AWD (3.6L 6cyl Turbo 8A)","submodel":{"body":"SUV","modelName":"Cayenne SUV","niceName":"suv"},"trim":"S"},{"id":200733285,"name":"Diesel 4dr SUV AWD (3.0L 6cyl Turbodiesel 8A)","submodel":{"body":"SUV","fuel":"Diesel","modelName":"Cayenne Diesel","niceName":"diesel"},"trim":"Diesel"},{"id":200733284,"name":"S E-Hybrid 4dr SUV AWD (3.0L 6cyl S/C gas/electric hybrid 8A)","submodel":{"body":"SUV","fuel":"Hybrid","modelName":"Cayenne Hybrid","niceName":"hybrid"},"trim":"S E-Hybrid"},{"id":200733283,"name":"GTS 4dr SUV AWD (3.6L 6cyl Turbo 8A)","submodel":{"body":"SUV","modelName":"Cayenne SUV","niceName":"suv"},"trim":"GTS"}]},{"id":401633797,"year":2017,"styles":[{"id":401633798,"name":"GTS 4dr SUV AWD (3.6L 6cyl Turbo 8A)","submodel":{"body":"SUV","modelName":"Cayenne SUV","niceName":"suv"},"trim":"GTS"},{"id":401633800,"name":"S 4dr SUV AWD (3.6L 6cyl Turbo 8A)","submodel":{"body":"SUV","modelName":"Cayenne SUV","niceName":"suv"},"trim":"S"},{"id":401633799,"name":"S E-Hybrid 4dr SUV AWD (3.0L 6cyl S/C gas/electric hybrid 8A)","submodel":{"body":"SUV","fuel":"Hybrid","modelName":"Cayenne Hybrid","niceName":"hybrid"},"trim":"S E-Hybrid"},{"id":401633802,"name":"4dr SUV AWD (3.6L 6cyl 8A)","submodel":{"body":"SUV","modelName":"Cayenne SUV","niceName":"suv"},"trim":"Base"},{"id":401633801,"name":"Turbo 4dr SUV AWD (4.8L 8cyl Turbo 8A)","submodel":{"body":"SUV","modelName":"Cayenne SUV","niceName":"suv"},"trim":"Turbo"},{"id":401633803,"name":"Turbo S 4dr SUV AWD (4.8L 8cyl Turbo 8A)","submodel":{"body":"SUV","modelName":"Cayenne SUV","niceName":"suv"},"trim":"Turbo S"}]}]},{"id":"Porsche_Cayman","name":"Cayman","niceName":"cayman","years":[{"id":100515460,"year":2007,"styles":[{"id":100796766,"name":"S 2dr Coupe (3.4L 6cyl 6M)","submodel":{"body":"Coupe","modelName":"Cayman Coupe","niceName":"coupe"},"trim":"S"},{"id":100744162,"name":"2dr Coupe (2.7L 6cyl 5M)","submodel":{"body":"Coupe","modelName":"Cayman Coupe","niceName":"coupe"},"trim":"Base"}]},{"id":100524754,"year":2008,"styles":[{"id":100979248,"name":"S 2dr Coupe (3.4L 6cyl 6M)","submodel":{"body":"Coupe","modelName":"Cayman Coupe","niceName":"coupe"},"trim":"S"},{"id":100981378,"name":"S Porsche Design Edition 1 2dr Coupe (3.4L 6cyl 6M)","submodel":{"body":"Coupe","modelName":"Cayman Coupe","niceName":"coupe"},"trim":"S Porsche Design Edition 1"},{"id":100979247,"name":"2dr Coupe (2.7L 6cyl 5M)","submodel":{"body":"Coupe","modelName":"Cayman Coupe","niceName":"coupe"},"trim":"Base"}]},{"id":100527190,"year":2009,"styles":[{"id":101141224,"name":"2dr Coupe (2.9L 6cyl 6M)","submodel":{"body":"Coupe","modelName":"Cayman Coupe","niceName":"coupe"},"trim":"Base"},{"id":101141225,"name":"S 2dr Coupe (3.4L 6cyl 6M)","submodel":{"body":"Coupe","modelName":"Cayman Coupe","niceName":"coupe"},"trim":"S"}]},{"id":100531070,"year":2010,"styles":[{"id":101280408,"name":"2dr Coupe (2.9L 6cyl 6M)","submodel":{"body":"Coupe","modelName":"Cayman Coupe","niceName":"coupe"},"trim":"Base"},{"id":101280409,"name":"S 2dr Coupe (3.4L 6cyl 6M)","submodel":{"body":"Coupe","modelName":"Cayman Coupe","niceName":"coupe"},"trim":"S"}]},{"id":100529576,"year":2011,"styles":[{"id":101380339,"name":"S 2dr Coupe (3.4L 6cyl 6M)","submodel":{"body":"Coupe","modelName":"Cayman Coupe","niceName":"coupe"},"trim":"S"},{"id":101213341,"name":"2dr Coupe (2.9L 6cyl 6M)","submodel":{"body":"Coupe","modelName":"Cayman Coupe","niceName":"coupe"},"trim":"Base"}]},{"id":100532954,"year":2012,"styles":[{"id":101351641,"name":"2dr Coupe (2.9L 6cyl 6M)","submodel":{"body":"Coupe","modelName":"Cayman Coupe","niceName":"coupe"},"trim":"Base"},{"id":101386234,"name":"S Black Edition 2dr Coupe (3.4L 6cyl 6M)","submodel":{"body":"Coupe","modelName":"Cayman Coupe","niceName":"coupe"},"trim":"S Black Edition"},{"id":101402327,"name":"S 2dr Coupe (3.4L 6cyl 6M)","submodel":{"body":"Coupe","modelName":"Cayman Coupe","niceName":"coupe"},"trim":"S"},{"id":101402328,"name":"R 2dr Coupe (3.4L 6cyl 6M)","submodel":{"body":"Coupe","modelName":"Cayman Coupe","niceName":"coupe"},"trim":"R"}]},{"id":200460094,"year":2014,"styles":[{"id":200465389,"name":"S 2dr Coupe (3.4L 6cyl 6M)","submodel":{"body":"Coupe","modelName":"Cayman Coupe","niceName":"coupe"},"trim":"S"},{"id":200692707,"name":"GTS 2dr Coupe (3.4L 6cyl 6M)","submodel":{"body":"Coupe","modelName":"Cayman Coupe","niceName":"coupe"},"trim":"GTS"},{"id":101421568,"name":"2dr Coupe (2.7L 6cyl 6M)","submodel":{"body":"Coupe","modelName":"Cayman Coupe","niceName":"coupe"},"trim":"Base"}]},{"id":200698739,"year":2015,"styles":[{"id":200698742,"name":"GTS 2dr Coupe (3.4L 6cyl 6M)","submodel":{"body":"Coupe","modelName":"Cayman Coupe","niceName":"coupe"},"trim":"GTS"},{"id":200698741,"name":"2dr Coupe (2.7L 6cyl 6M)","submodel":{"body":"Coupe","modelName":"Cayman Coupe","niceName":"coupe"},"trim":"Base"},{"id":200726817,"name":"GT4 2dr Coupe (3.8L 6cyl 6M)","submodel":{"body":"Coupe","modelName":"Cayman Coupe","niceName":"coupe"},"trim":"GT4"},{"id":200698740,"name":"S 2dr Coupe (3.4L 6cyl 6M)","submodel":{"body":"Coupe","modelName":"Cayman Coupe","niceName":"coupe"},"trim":"S"}]},{"id":200729980,"year":2016,"styles":[{"id":200729982,"name":"GTS 2dr Coupe (3.4L 6cyl 6M)","submodel":{"body":"Coupe","modelName":"Cayman Coupe","niceName":"coupe"},"trim":"GTS"},{"id":200729981,"name":"GT4 2dr Coupe (3.8L 6cyl 6M)","submodel":{"body":"Coupe","modelName":"Cayman Coupe","niceName":"coupe"},"trim":"GT4"},{"id":200729984,"name":"2dr Coupe (2.7L 6cyl 6M)","submodel":{"body":"Coupe","modelName":"Cayman Coupe","niceName":"coupe"},"trim":"Base"},{"id":200729983,"name":"S 2dr Coupe (3.4L 6cyl 6M)","submodel":{"body":"Coupe","modelName":"Cayman Coupe","niceName":"coupe"},"trim":"S"}]}]},{"id":"Porsche_Cayman_S","name":"Cayman S","niceName":"cayman-s","years":[{"id":100503989,"year":2006,"styles":[{"id":100634486,"name":"2dr Coupe (3.4L 6cyl 6M)","submodel":{"body":"Coupe","modelName":"Cayman S Coupe","niceName":"coupe"},"trim":"Base"}]}]},{"id":"Porsche_Macan","name":"Macan","niceName":"macan","years":[{"id":200497476,"year":2015,"styles":[{"id":200499010,"name":"Turbo 4dr SUV AWD (3.6L 6cyl Turbo 7AM)","submodel":{"body":"SUV","modelName":"Macan SUV","niceName":"suv"},"trim":"Turbo"},{"id":101422464,"name":"S 4dr SUV AWD (3.0L 6cyl Turbo 7AM)","submodel":{"body":"SUV","modelName":"Macan SUV","niceName":"suv"},"trim":"S"}]},{"id":200731398,"year":2016,"styles":[{"id":200731400,"name":"S 4dr SUV AWD (3.0L 6cyl Turbo 7AM)","submodel":{"body":"SUV","modelName":"Macan SUV","niceName":"suv"},"trim":"S"},{"id":200731399,"name":"Turbo 4dr SUV AWD (3.6L 6cyl Turbo 7AM)","submodel":{"body":"SUV","modelName":"Macan SUV","niceName":"suv"},"trim":"Turbo"}]},{"id":401597832,"year":2017,"styles":[{"id":401626681,"name":"S 4dr SUV AWD (3.0L 6cyl Turbo 7AM)","submodel":{"body":"SUV","modelName":"Macan SUV","niceName":"suv"},"trim":"S"},{"id":401597833,"name":"GTS 4dr SUV AWD (3.0L 6cyl Turbo 7AM)","submodel":{"body":"SUV","modelName":"Macan SUV","niceName":"suv"},"trim":"GTS"},{"id":401626680,"name":"Turbo 4dr SUV AWD (3.6L 6cyl Turbo 7AM)","submodel":{"body":"SUV","modelName":"Macan SUV","niceName":"suv"},"trim":"Turbo"}]}]},{"id":"Porsche_Panamera","name":"Panamera","niceName":"panamera","years":[{"id":100506011,"year":2010,"styles":[{"id":101158932,"name":"S 4dr Sedan (4.8L 8cyl 7AM)","submodel":{"body":"Sedan","modelName":"Panamera Sedan","niceName":"sedan"},"trim":"S"},{"id":101158930,"name":"4S 4dr Sedan AWD (4.8L 8cyl 7AM)","submodel":{"body":"Sedan","modelName":"Panamera Sedan","niceName":"sedan"},"trim":"4S"},{"id":101155093,"name":"Turbo 4dr Sedan AWD (4.8L 8cyl Turbo 7AM)","submodel":{"body":"Sedan","modelName":"Panamera Sedan","niceName":"sedan"},"trim":"Turbo"}]},{"id":100530513,"year":2011,"styles":[{"id":101380376,"name":"Turbo 4dr Sedan AWD (4.8L 8cyl Turbo 7AM)","submodel":{"body":"Sedan","modelName":"Panamera Sedan","niceName":"sedan"},"trim":"Turbo"},{"id":101380375,"name":"4S 4dr Sedan AWD (4.8L 8cyl 7AM)","submodel":{"body":"Sedan","modelName":"Panamera Sedan","niceName":"sedan"},"trim":"4S"},{"id":101336402,"name":"4 4dr Sedan AWD (3.6L 6cyl 7AM)","submodel":{"body":"Sedan","modelName":"Panamera Sedan","niceName":"sedan"},"trim":"4"},{"id":101380374,"name":"S 4dr Sedan (4.8L 8cyl 7AM)","submodel":{"body":"Sedan","modelName":"Panamera Sedan","niceName":"sedan"},"trim":"S"},{"id":101336396,"name":"4dr Sedan (3.6L 6cyl 7AM)","submodel":{"body":"Sedan","modelName":"Panamera Sedan","niceName":"sedan"},"trim":"Base"}]},{"id":100535329,"year":2012,"styles":[{"id":101401433,"name":"Turbo 4dr Sedan AWD (4.8L 8cyl Turbo 7AM)","submodel":{"body":"Sedan","modelName":"Panamera Sedan","niceName":"sedan"},"trim":"Turbo"},{"id":101386254,"name":"Turbo S 4dr Sedan AWD (4.8L 8cyl Turbo 7AM)","submodel":{"body":"Sedan","modelName":"Panamera Sedan","niceName":"sedan"},"trim":"Turbo S"},{"id":101401430,"name":"4 4dr Sedan AWD (3.6L 6cyl 7AM)","submodel":{"body":"Sedan","modelName":"Panamera Sedan","niceName":"sedan"},"trim":"4"},{"id":101401429,"name":"4dr Sedan (3.6L 6cyl 7AM)","submodel":{"body":"Sedan","modelName":"Panamera Sedan","niceName":"sedan"},"trim":"Base"},{"id":101386259,"name":"S Hybrid 4dr Sedan (3.0L 6cyl S/C gas/electric hybrid 8A)","submodel":{"body":"Sedan","fuel":"Hybrid","modelName":"Panamera Hybrid","niceName":"hybrid"},"trim":"S Hybrid"},{"id":101401432,"name":"4S 4dr Sedan AWD (4.8L 8cyl 7AM)","submodel":{"body":"Sedan","modelName":"Panamera Sedan","niceName":"sedan"},"trim":"4S"},{"id":101401431,"name":"S 4dr Sedan (4.8L 8cyl 7AM)","submodel":{"body":"Sedan","modelName":"Panamera Sedan","niceName":"sedan"},"trim":"S"}]},{"id":200419840,"year":2013,"styles":[{"id":200428821,"name":"4dr Sedan (3.6L 6cyl 7AM)","submodel":{"body":"Sedan","modelName":"Panamera Sedan","niceName":"sedan"},"trim":"Base"},{"id":200428822,"name":"S 4dr Sedan (4.8L 8cyl 7AM)","submodel":{"body":"Sedan","modelName":"Panamera Sedan","niceName":"sedan"},"trim":"S"},{"id":200428823,"name":"4 4dr Sedan AWD (3.6L 6cyl 7AM)","submodel":{"body":"Sedan","modelName":"Panamera Sedan","niceName":"sedan"},"trim":"4"},{"id":200428824,"name":"4S 4dr Sedan AWD (4.8L 8cyl 7AM)","submodel":{"body":"Sedan","modelName":"Panamera Sedan","niceName":"sedan"},"trim":"4S"},{"id":200444172,"name":"4 Platinum Edition 4dr Sedan AWD (3.6L 6cyl 7AM)","submodel":{"body":"Sedan","modelName":"Panamera Sedan","niceName":"sedan"},"trim":"4 Platinum Edition"},{"id":200444171,"name":"Platinum Edition 4dr Sedan (3.6L 6cyl 7AM)","submodel":{"body":"Sedan","modelName":"Panamera Sedan","niceName":"sedan"},"trim":"Platinum Edition"},{"id":200428825,"name":"S Hybrid 4dr Sedan (3.0L 6cyl S/C gas/electric hybrid 7AM)","submodel":{"body":"Sedan","fuel":"Hybrid","modelName":"Panamera Hybrid","niceName":"hybrid"},"trim":"S Hybrid"},{"id":200428826,"name":"Turbo 4dr Sedan AWD (4.8L 8cyl Turbo 7AM)","submodel":{"body":"Sedan","modelName":"Panamera Sedan","niceName":"sedan"},"trim":"Turbo"},{"id":200419841,"name":"GTS 4dr Sedan AWD (4.8L 8cyl 7AM)","submodel":{"body":"Sedan","modelName":"Panamera Sedan","niceName":"sedan"},"trim":"GTS"},{"id":200428827,"name":"Turbo S 4dr Sedan AWD (4.8L 8cyl Turbo 7AM)","submodel":{"body":"Sedan","modelName":"Panamera Sedan","niceName":"sedan"},"trim":"Turbo S"}]},{"id":200466953,"year":2014,"styles":[{"id":200466961,"name":"4S Executive 4dr Sedan AWD (3.0L 6cyl Turbo 7AM)","submodel":{"body":"Sedan","modelName":"Panamera Sedan","niceName":"sedan"},"trim":"4S Executive"},{"id":200466962,"name":"Turbo Executive 4dr Sedan AWD (4.8L 8cyl Turbo 7AM)","submodel":{"body":"Sedan","modelName":"Panamera Sedan","niceName":"sedan"},"trim":"Turbo Executive"},{"id":200466954,"name":"4dr Sedan (3.6L 6cyl 7AM)","submodel":{"body":"Sedan","modelName":"Panamera Sedan","niceName":"sedan"},"trim":"Base"},{"id":200466956,"name":"4S 4dr Sedan AWD (3.0L 6cyl Turbo 7AM)","submodel":{"body":"Sedan","modelName":"Panamera Sedan","niceName":"sedan"},"trim":"4S"},{"id":200466955,"name":"4 4dr Sedan AWD (3.6L 6cyl 7AM)","submodel":{"body":"Sedan","modelName":"Panamera Sedan","niceName":"sedan"},"trim":"4"},{"id":200466958,"name":"GTS 4dr Sedan AWD (4.8L 8cyl 7AM)","submodel":{"body":"Sedan","modelName":"Panamera Sedan","niceName":"sedan"},"trim":"GTS"},{"id":200466957,"name":"S 4dr Sedan (3.0L 6cyl Turbo 7AM)","submodel":{"body":"Sedan","modelName":"Panamera Sedan","niceName":"sedan"},"trim":"S"},{"id":200466960,"name":"S E-Hybrid 4dr Sedan (3.0L 6cyl S/C gas/electric hybrid 8A)","submodel":{"body":"Sedan","fuel":"Hybrid","modelName":"Panamera Hybrid","niceName":"hybrid"},"trim":"S E-Hybrid"},{"id":200466959,"name":"Turbo 4dr Sedan AWD (4.8L 8cyl Turbo 7AM)","submodel":{"body":"Sedan","modelName":"Panamera Sedan","niceName":"sedan"},"trim":"Turbo"}]},{"id":200695255,"year":2015,"styles":[{"id":200695261,"name":"Turbo 4dr Sedan AWD (4.8L 8cyl Turbo 7AM)","submodel":{"body":"Sedan","modelName":"Panamera Sedan","niceName":"sedan"},"trim":"Turbo"},{"id":200695262,"name":"GTS 4dr Sedan AWD (4.8L 8cyl 7AM)","submodel":{"body":"Sedan","modelName":"Panamera Sedan","niceName":"sedan"},"trim":"GTS"},{"id":200695263,"name":"S 4dr Sedan (3.0L 6cyl Turbo 7AM)","submodel":{"body":"Sedan","modelName":"Panamera Sedan","niceName":"sedan"},"trim":"S"},{"id":200695264,"name":"4S 4dr Sedan AWD (3.0L 6cyl Turbo 7AM)","submodel":{"body":"Sedan","modelName":"Panamera Sedan","niceName":"sedan"},"trim":"4S"},{"id":200695265,"name":"Turbo S 4dr Sedan AWD (4.8L 8cyl Turbo 7AM)","submodel":{"body":"Sedan","modelName":"Panamera Sedan","niceName":"sedan"},"trim":"Turbo S"},{"id":200695257,"name":"S E-Hybrid 4dr Sedan (3.0L 6cyl S/C gas/electric hybrid 8A)","submodel":{"body":"Sedan","fuel":"Hybrid","modelName":"Panamera Hybrid","niceName":"hybrid"},"trim":"S E-Hybrid"},{"id":200695266,"name":"Turbo S Executive 4dr Sedan AWD (4.8L 8cyl Turbo 7AM)","submodel":{"body":"Sedan","modelName":"Panamera Sedan","niceName":"sedan"},"trim":"Turbo S Executive"},{"id":200695258,"name":"4S Executive 4dr Sedan AWD (3.0L 6cyl Turbo 7AM)","submodel":{"body":"Sedan","modelName":"Panamera Sedan","niceName":"sedan"},"trim":"4S Executive"},{"id":200695259,"name":"4 4dr Sedan AWD (3.6L 6cyl 7AM)","submodel":{"body":"Sedan","modelName":"Panamera Sedan","niceName":"sedan"},"trim":"4"},{"id":200695260,"name":"4dr Sedan (3.6L 6cyl 7AM)","submodel":{"body":"Sedan","modelName":"Panamera Sedan","niceName":"sedan"},"trim":"Base"},{"id":200695256,"name":"Turbo Executive 4dr Sedan AWD (4.8L 8cyl Turbo 7AM)","submodel":{"body":"Sedan","modelName":"Panamera Sedan","niceName":"sedan"},"trim":"Turbo Executive"}]},{"id":200734259,"year":2016,"styles":[{"id":200734268,"name":"Turbo 4dr Sedan AWD (4.8L 8cyl Turbo 7AM)","submodel":{"body":"Sedan","modelName":"Panamera Sedan","niceName":"sedan"},"trim":"Turbo"},{"id":200734267,"name":"4dr Sedan (3.6L 6cyl 7AM)","submodel":{"body":"Sedan","modelName":"Panamera Sedan","niceName":"sedan"},"trim":"Base"},{"id":200734266,"name":"S 4dr Sedan (3.0L 6cyl Turbo 7AM)","submodel":{"body":"Sedan","modelName":"Panamera Sedan","niceName":"sedan"},"trim":"S"},{"id":200734265,"name":"GTS 4dr Sedan AWD (4.8L 8cyl 7AM)","submodel":{"body":"Sedan","modelName":"Panamera Sedan","niceName":"sedan"},"trim":"GTS"},{"id":200734272,"name":"S E-Hybrid 4dr Sedan (3.0L 6cyl S/C gas/electric hybrid 8A)","submodel":{"body":"Sedan","fuel":"Hybrid","modelName":"Panamera Hybrid","niceName":"hybrid"},"trim":"S E-Hybrid"},{"id":200734271,"name":"Turbo Executive 4dr Sedan AWD (4.8L 8cyl Turbo 7AM)","submodel":{"body":"Sedan","modelName":"Panamera Sedan","niceName":"sedan"},"trim":"Turbo Executive"},{"id":200734270,"name":"4 4dr Sedan AWD (3.6L 6cyl 7AM)","submodel":{"body":"Sedan","modelName":"Panamera Sedan","niceName":"sedan"},"trim":"4"},{"id":200734269,"name":"4S Executive 4dr Sedan AWD (3.0L 6cyl Turbo 7AM)","submodel":{"body":"Sedan","modelName":"Panamera Sedan","niceName":"sedan"},"trim":"4S Executive"},{"id":200734283,"name":"Edition 4dr Sedan (3.6L 6cyl 7AM)","submodel":{"body":"Sedan","modelName":"Panamera Sedan","niceName":"sedan"},"trim":"Edition"},{"id":200734288,"name":"4 Edition 4dr Sedan AWD (3.6L 6cyl 7AM)","submodel":{"body":"Sedan","modelName":"Panamera Sedan","niceName":"sedan"},"trim":"4 Edition"},{"id":200734273,"name":"Turbo S 4dr Sedan AWD (4.8L 8cyl Turbo 7AM)","submodel":{"body":"Sedan","modelName":"Panamera Sedan","niceName":"sedan"},"trim":"Turbo S"},{"id":200734274,"name":"4S 4dr Sedan AWD (3.0L 6cyl Turbo 7AM)","submodel":{"body":"Sedan","modelName":"Panamera Sedan","niceName":"sedan"},"trim":"4S"},{"id":200734275,"name":"Turbo S Executive 4dr Sedan AWD (4.8L 8cyl Turbo 7AM)","submodel":{"body":"Sedan","modelName":"Panamera Sedan","niceName":"sedan"},"trim":"Turbo S Executive"}]}]}],"modelsCount":14,"make":"Porsche"}