{"models":[{"id":"Saturn_Astra","name":"Astra","niceName":"astra","years":[{"id":100512960,"year":2008,"styles":[{"id":100913114,"name":"XE 4dr Hatchback (1.8L 4cyl 5M)","submodel":{"body":"Hatchback","modelName":"Astra Hatchback","niceName":"hatchback"},"trim":"XE"},{"id":100913116,"name":"XR 2dr Hatchback (1.8L 4cyl 5M)","submodel":{"body":"Hatchback","modelName":"Astra Hatchback","niceName":"hatchback"},"trim":"XR"},{"id":100913115,"name":"XR 4dr Hatchback (1.8L 4cyl 5M)","submodel":{"body":"Hatchback","modelName":"Astra Hatchback","niceName":"hatchback"},"trim":"XR"}]}]},{"id":"Saturn_Aura","name":"Aura","niceName":"aura","years":[{"id":100505067,"year":2007,"styles":[{"id":100715082,"name":"XE 4dr Sedan (3.5L 6cyl 4A)","submodel":{"body":"Sedan","modelName":"Aura Sedan","niceName":"sedan"},"trim":"XE"},{"id":100715083,"name":"XR 4dr Sedan (3.6L 6cyl 6A)","submodel":{"body":"Sedan","modelName":"Aura Sedan","niceName":"sedan"},"trim":"XR"},{"id":100860084,"name":"Green Line 4dr Sedan (2.4L 4cyl gas/electric hybrid 4A)","submodel":{"body":"Sedan","fuel":"Hybrid","modelName":"Aura Hybrid","niceName":"hybrid"},"trim":"Green Line"}]},{"id":100522352,"year":2008,"styles":[{"id":100900431,"name":"XE 4dr Sedan (3.5L 6cyl 4A)","submodel":{"body":"Sedan","modelName":"Aura Sedan","niceName":"sedan"},"trim":"XE"},{"id":100939856,"name":"XE 4dr Sedan (2.4L 4cyl 4A)","submodel":{"body":"Sedan","modelName":"Aura Sedan","niceName":"sedan"},"trim":"XE"},{"id":100900432,"name":"XR 4dr Sedan (3.6L 6cyl 6A)","submodel":{"body":"Sedan","modelName":"Aura Sedan","niceName":"sedan"},"trim":"XR"}]},{"id":100525655,"year":2009,"styles":[{"id":101031326,"name":"XE 4dr Sedan (2.4L 4cyl 6A)","submodel":{"body":"Sedan","modelName":"Aura Sedan","niceName":"sedan"},"trim":"XE"},{"id":101031367,"name":"XR 4dr Sedan (3.6L 6cyl 6A)","submodel":{"body":"Sedan","modelName":"Aura Sedan","niceName":"sedan"},"trim":"XR"},{"id":101031366,"name":"XR 4dr Sedan (2.4L 4cyl 6A)","submodel":{"body":"Sedan","modelName":"Aura Sedan","niceName":"sedan"},"trim":"XR"}]}]},{"id":"Saturn_Aura_Hybrid","name":"Aura Hybrid","niceName":"aura-hybrid","years":[{"id":100524316,"year":2008,"styles":[{"id":100900433,"name":"Green Line 4dr Sedan (2.4L 4cyl gas/electric hybrid 4A)","submodel":{"body":"Sedan","modelName":"Aura Hybrid Sedan","niceName":"sedan"},"trim":"Green Line"}]},{"id":100525656,"year":2009,"styles":[{"id":101031468,"name":"4dr Sedan (2.4L 4cyl gas/electric hybrid 4A)","submodel":{"body":"Sedan","modelName":"Aura Hybrid Sedan","niceName":"sedan"},"trim":"Base"}]}]},{"id":"Saturn_ION","name":"ION","niceName":"ion","years":[{"id":100502670,"year":2003,"styles":[{"id":100184116,"name":"2 4dr Sedan (2.2L 4cyl 5A)","submodel":{"body":"Sedan","modelName":"ION Sedan","niceName":"sedan"},"trim":"2"},{"id":100180668,"name":"1 4dr Sedan (2.2L 4cyl 5M)","submodel":{"body":"Sedan","modelName":"ION Sedan","niceName":"sedan"},"trim":"1"},{"id":100184104,"name":"1 4dr Sedan (2.2L 4cyl 5A)","submodel":{"body":"Sedan","modelName":"ION Sedan","niceName":"sedan"},"trim":"1"},{"id":100184118,"name":"2 4dr Sedan (2.2L 4cyl 5M)","submodel":{"body":"Sedan","modelName":"ION Sedan","niceName":"sedan"},"trim":"2"},{"id":100184136,"name":"3 4dr Sedan (2.2L 4cyl 5A)","submodel":{"body":"Sedan","modelName":"ION Sedan","niceName":"sedan"},"trim":"3"},{"id":100184137,"name":"3 4dr Sedan (2.2L 4cyl 5M)","submodel":{"body":"Sedan","modelName":"ION Sedan","niceName":"sedan"},"trim":"3"},{"id":100276377,"name":"2 4dr Coupe (2.2L 4cyl 5M)","submodel":{"body":"Coupe","modelName":"ION Coupe","niceName":"coupe"},"trim":"2"},{"id":100276378,"name":"2 4dr Coupe (2.2L 4cyl CVT)","submodel":{"body":"Coupe","modelName":"ION Coupe","niceName":"coupe"},"trim":"2"},{"id":100276379,"name":"3 4dr Coupe (2.2L 4cyl 5M)","submodel":{"body":"Coupe","modelName":"ION Coupe","niceName":"coupe"},"trim":"3"},{"id":100276380,"name":"3 4dr Coupe (2.2L 4cyl CVT)","submodel":{"body":"Coupe","modelName":"ION Coupe","niceName":"coupe"},"trim":"3"}]},{"id":100503726,"year":2004,"styles":[{"id":100363966,"name":"1 4dr Sedan (2.2L 4cyl 5M)","submodel":{"body":"Sedan","modelName":"ION Sedan","niceName":"sedan"},"trim":"1"},{"id":100363967,"name":"1 4dr Sedan (2.2L 4cyl 5A)","submodel":{"body":"Sedan","modelName":"ION Sedan","niceName":"sedan"},"trim":"1"},{"id":100363968,"name":"2 4dr Sedan (2.2L 4cyl 5A)","submodel":{"body":"Sedan","modelName":"ION Sedan","niceName":"sedan"},"trim":"2"},{"id":100393754,"name":"Red Line 4dr Coupe (2.0L 4cyl S/C 5M)","submodel":{"body":"Coupe","tuner":"Red Line","modelName":"ION Red Line","niceName":"red-line"},"trim":"Red Line"},{"id":100392141,"name":"3 4dr Coupe (2.2L 4cyl 5A)","submodel":{"body":"Coupe","modelName":"ION Coupe","niceName":"coupe"},"trim":"3"},{"id":100363972,"name":"2 4dr Coupe (2.2L 4cyl 5M)","submodel":{"body":"Coupe","modelName":"ION Coupe","niceName":"coupe"},"trim":"2"},{"id":100363971,"name":"3 4dr Sedan (2.2L 4cyl 5M)","submodel":{"body":"Sedan","modelName":"ION Sedan","niceName":"sedan"},"trim":"3"},{"id":100363970,"name":"3 4dr Sedan (2.2L 4cyl 5A)","submodel":{"body":"Sedan","modelName":"ION Sedan","niceName":"sedan"},"trim":"3"},{"id":100363969,"name":"2 4dr Sedan (2.2L 4cyl 5M)","submodel":{"body":"Sedan","modelName":"ION Sedan","niceName":"sedan"},"trim":"2"},{"id":100363975,"name":"3 4dr Coupe (2.2L 4cyl CVT)","submodel":{"body":"Coupe","modelName":"ION Coupe","niceName":"coupe"},"trim":"3"},{"id":100363974,"name":"3 4dr Coupe (2.2L 4cyl 5M)","submodel":{"body":"Coupe","modelName":"ION Coupe","niceName":"coupe"},"trim":"3"},{"id":100363973,"name":"2 4dr Coupe (2.2L 4cyl CVT)","submodel":{"body":"Coupe","modelName":"ION Coupe","niceName":"coupe"},"trim":"2"},{"id":100392140,"name":"2 4dr Coupe (2.2L 4cyl 5A)","submodel":{"body":"Coupe","modelName":"ION Coupe","niceName":"coupe"},"trim":"2"}]},{"id":100505210,"year":2005,"styles":[{"id":100488947,"name":"Red Line 4dr Quad Coupe (2.0L 4cyl S/C 5M)","submodel":{"body":"Coupe","tuner":"Red Line","modelName":"ION Red Line","niceName":"red-line"},"trim":"Red Line"},{"id":100487694,"name":"3 4dr Sedan (2.2L 4cyl 4A)","submodel":{"body":"Sedan","modelName":"ION Sedan","niceName":"sedan"},"trim":"3"},{"id":100487680,"name":"1 4dr Sedan (2.2L 4cyl 5M)","submodel":{"body":"Sedan","modelName":"ION Sedan","niceName":"sedan"},"trim":"1"},{"id":100487684,"name":"2 4dr Sedan (2.2L 4cyl 4A)","submodel":{"body":"Sedan","modelName":"ION Sedan","niceName":"sedan"},"trim":"2"},{"id":100487683,"name":"2 4dr Sedan (2.2L 4cyl 5M)","submodel":{"body":"Sedan","modelName":"ION Sedan","niceName":"sedan"},"trim":"2"},{"id":100487681,"name":"1 4dr Sedan (2.2L 4cyl 4A)","submodel":{"body":"Sedan","modelName":"ION Sedan","niceName":"sedan"},"trim":"1"},{"id":100487704,"name":"2 4dr Quad Coupe (2.2L 4cyl 4A)","submodel":{"body":"Coupe","modelName":"ION Coupe","niceName":"coupe"},"trim":"2"},{"id":100487839,"name":"3 4dr Quad Coupe (2.2L 4cyl 5M)","submodel":{"body":"Coupe","modelName":"ION Coupe","niceName":"coupe"},"trim":"3"},{"id":100487701,"name":"2 4dr Quad Coupe (2.2L 4cyl 5M)","submodel":{"body":"Coupe","modelName":"ION Coupe","niceName":"coupe"},"trim":"2"},{"id":100487838,"name":"3 4dr Quad Coupe (2.2L 4cyl 4A)","submodel":{"body":"Coupe","modelName":"ION Coupe","niceName":"coupe"},"trim":"3"},{"id":100487685,"name":"3 4dr Sedan (2.2L 4cyl 5M)","submodel":{"body":"Sedan","modelName":"ION Sedan","niceName":"sedan"},"trim":"3"}]},{"id":100506465,"year":2006,"styles":[{"id":100595931,"name":"3 4dr Sedan (2.2L 4cyl 5M)","submodel":{"body":"Sedan","modelName":"ION Sedan","niceName":"sedan"},"trim":"3"},{"id":100595929,"name":"2 4dr Sedan (2.2L 4cyl 5M)","submodel":{"body":"Sedan","modelName":"ION Sedan","niceName":"sedan"},"trim":"2"},{"id":100595930,"name":"2 4dr Sedan (2.2L 4cyl 4A)","submodel":{"body":"Sedan","modelName":"ION Sedan","niceName":"sedan"},"trim":"2"},{"id":100595935,"name":"2 4dr Coupe (2.2L 4cyl 5M)","submodel":{"body":"Coupe","modelName":"ION Coupe","niceName":"coupe"},"trim":"2"},{"id":100595936,"name":"2 4dr Coupe (2.2L 4cyl 4A)","submodel":{"body":"Coupe","modelName":"ION Coupe","niceName":"coupe"},"trim":"2"},{"id":100595937,"name":"3 4dr Coupe (2.2L 4cyl 5M)","submodel":{"body":"Coupe","modelName":"ION Coupe","niceName":"coupe"},"trim":"3"},{"id":100595934,"name":"3 4dr Sedan (2.2L 4cyl 4A)","submodel":{"body":"Sedan","modelName":"ION Sedan","niceName":"sedan"},"trim":"3"},{"id":100595938,"name":"3 4dr Coupe (2.2L 4cyl 4A)","submodel":{"body":"Coupe","modelName":"ION Coupe","niceName":"coupe"},"trim":"3"},{"id":100595788,"name":"Red Line 4dr Coupe (2.0L 4cyl S/C 5M)","submodel":{"body":"Coupe","tuner":"Red Line","modelName":"ION Red Line","niceName":"red-line"},"trim":"Red Line"}]},{"id":100512920,"year":2007,"styles":[{"id":100727731,"name":"3 4dr Coupe (2.2L 4cyl 4A)","submodel":{"body":"Coupe","modelName":"ION Coupe","niceName":"coupe"},"trim":"3"},{"id":100727730,"name":"3 4dr Coupe (2.2L 4cyl 5M)","submodel":{"body":"Coupe","modelName":"ION Coupe","niceName":"coupe"},"trim":"3"},{"id":100727729,"name":"2 4dr Coupe (2.2L 4cyl 4A)","submodel":{"body":"Coupe","modelName":"ION Coupe","niceName":"coupe"},"trim":"2"},{"id":100742928,"name":"Red Line 4dr Coupe (2.0L 4cyl S/C 5M)","submodel":{"body":"Coupe","tuner":"Red Line","modelName":"ION Red Line","niceName":"red-line"},"trim":"Red Line"},{"id":100727724,"name":"2 4dr Sedan (2.2L 4cyl 5M)","submodel":{"body":"Sedan","modelName":"ION Sedan","niceName":"sedan"},"trim":"2"},{"id":100727727,"name":"3 4dr Sedan (2.2L 4cyl 4A)","submodel":{"body":"Sedan","modelName":"ION Sedan","niceName":"sedan"},"trim":"3"},{"id":100727728,"name":"2 4dr Coupe (2.2L 4cyl 5M)","submodel":{"body":"Coupe","modelName":"ION Coupe","niceName":"coupe"},"trim":"2"},{"id":100727725,"name":"2 4dr Sedan (2.2L 4cyl 4A)","submodel":{"body":"Sedan","modelName":"ION Sedan","niceName":"sedan"},"trim":"2"},{"id":100727726,"name":"3 4dr Sedan (2.2L 4cyl 5M)","submodel":{"body":"Sedan","modelName":"ION Sedan","niceName":"sedan"},"trim":"3"}]}]},{"id":"Saturn_L_Series","name":"L-Series","niceName":"l-series","years":[{"id":1065,"year":2000,"styles":[{"id":1645,"name":"LW2 4dr Wagon","submodel":{"body":"Wagon","modelName":"L-Series Wagon","niceName":"wagon"},"trim":"LW2"},{"id":17822,"name":"LW1 4dr Wagon","submodel":{"body":"Wagon","modelName":"L-Series Wagon","niceName":"wagon"},"trim":"LW1"},{"id":17818,"name":"LS 4dr Sedan","submodel":{"body":"Sedan","modelName":"L-Series Sedan","niceName":"sedan"},"trim":"LS"},{"id":17819,"name":"LS1 4dr Sedan","submodel":{"body":"Sedan","modelName":"L-Series Sedan","niceName":"sedan"},"trim":"LS1"},{"id":17820,"name":"LS2 4dr Sedan","submodel":{"body":"Sedan","modelName":"L-Series Sedan","niceName":"sedan"},"trim":"LS2"}]},{"id":100000226,"year":2001,"styles":[{"id":100001709,"name":"L200 4dr Sedan (2.2L 4cyl 5M)","submodel":{"body":"Sedan","modelName":"L-Series Sedan","niceName":"sedan"},"trim":"L200"},{"id":100001710,"name":"L300 4dr Sedan (3.0L 6cyl 4A)","submodel":{"body":"Sedan","modelName":"L-Series Sedan","niceName":"sedan"},"trim":"L300"},{"id":100001711,"name":"LW200 4dr Wagon (2.2L 4cyl 4A)","submodel":{"body":"Wagon","modelName":"L-Series Wagon","niceName":"wagon"},"trim":"LW200"},{"id":100001712,"name":"LW300 4dr Wagon (3.0L 6cyl 4A)","submodel":{"body":"Wagon","modelName":"L-Series Wagon","niceName":"wagon"},"trim":"LW300"},{"id":100001706,"name":"L100 4dr Sedan (2.2L 4cyl 4A)","submodel":{"body":"Sedan","modelName":"L-Series Sedan","niceName":"sedan"},"trim":"L100"},{"id":100001707,"name":"L100 4dr Sedan (2.2L 4cyl 5M)","submodel":{"body":"Sedan","modelName":"L-Series Sedan","niceName":"sedan"},"trim":"L100"},{"id":100001708,"name":"L200 4dr Sedan (2.2L 4cyl 4A)","submodel":{"body":"Sedan","modelName":"L-Series Sedan","niceName":"sedan"},"trim":"L200"}]},{"id":100000440,"year":2002,"styles":[{"id":100003465,"name":"L200 4dr Sedan (2.2L 4cyl 4A)","submodel":{"body":"Sedan","modelName":"L-Series Sedan","niceName":"sedan"},"trim":"L200"},{"id":100003466,"name":"L200 4dr Sedan (2.2L 4cyl 5M)","submodel":{"body":"Sedan","modelName":"L-Series Sedan","niceName":"sedan"},"trim":"L200"},{"id":100003467,"name":"L300 4dr Sedan (3.0L 6cyl 4A)","submodel":{"body":"Sedan","modelName":"L-Series Sedan","niceName":"sedan"},"trim":"L300"},{"id":100003468,"name":"LW200 4dr Wagon (2.2L 4cyl 4A)","submodel":{"body":"Wagon","modelName":"L-Series Wagon","niceName":"wagon"},"trim":"LW200"},{"id":100003469,"name":"LW200 4dr Wagon (2.2L 4cyl 5M)","submodel":{"body":"Wagon","modelName":"L-Series Wagon","niceName":"wagon"},"trim":"LW200"},{"id":100003470,"name":"LW300 4dr Wagon (3.0L 6cyl 4A)","submodel":{"body":"Wagon","modelName":"L-Series Wagon","niceName":"wagon"},"trim":"LW300"},{"id":100003464,"name":"L100 4dr Sedan (2.2L 4cyl 4A)","submodel":{"body":"Sedan","modelName":"L-Series Sedan","niceName":"sedan"},"trim":"L100"}]},{"id":100502888,"year":2003,"styles":[{"id":100086191,"name":"L200 4dr Sedan (2.2 L 4cyl 5M)","submodel":{"body":"Sedan","modelName":"L-Series Sedan","niceName":"sedan"},"trim":"L200"},{"id":100086306,"name":"L300 4dr Sedan (3.0L 6cyl 4A)","submodel":{"body":"Sedan","modelName":"L-Series Sedan","niceName":"sedan"},"trim":"L300"},{"id":100087157,"name":"LW200 4dr Station Wagon (2.2 L 4cyl 4A)","submodel":{"body":"Wagon","modelName":"L-Series Wagon","niceName":"wagon"},"trim":"LW200"},{"id":100168076,"name":"L200 4dr Sedan (2.2 L 4cyl 4A)","submodel":{"body":"Sedan","modelName":"L-Series Sedan","niceName":"sedan"},"trim":"L200"},{"id":100093521,"name":"LW300 4dr Station Wagon (3.0L 6cyl 4A)","submodel":{"body":"Wagon","modelName":"L-Series Wagon","niceName":"wagon"},"trim":"LW300"}]}]},{"id":"Saturn_L300","name":"L300","niceName":"l300","years":[{"id":100503728,"year":2004,"styles":[{"id":100366797,"name":"1 4dr Station Wagon (2.2L 4cyl 4A)","submodel":{"body":"Wagon","modelName":"L300 Wagon","niceName":"wagon"},"trim":"1"},{"id":100366798,"name":"2 4dr Station Wagon (3.0L 6cyl 4A)","submodel":{"body":"Wagon","modelName":"L300 Wagon","niceName":"wagon"},"trim":"2"},{"id":100366799,"name":"3 4dr Station Wagon (3.0L 6cyl 4A)","submodel":{"body":"Wagon","modelName":"L300 Wagon","niceName":"wagon"},"trim":"3"},{"id":100366793,"name":"1 4dr Sedan (2.2L 4cyl 4A)","submodel":{"body":"Sedan","modelName":"L300 Sedan","niceName":"sedan"},"trim":"1"},{"id":100366794,"name":"2 4dr Sedan (3.0L 6cyl 4A)","submodel":{"body":"Sedan","modelName":"L300 Sedan","niceName":"sedan"},"trim":"2"},{"id":100366795,"name":"3 4dr Sedan (3.0L 6cyl 4A)","submodel":{"body":"Sedan","modelName":"L300 Sedan","niceName":"sedan"},"trim":"3"}]},{"id":100505213,"year":2005,"styles":[{"id":100487076,"name":"4dr Sedan (3.0L 6cyl 4A)","submodel":{"body":"Sedan","modelName":"L300 Sedan","niceName":"sedan"},"trim":"Base"}]}]},{"id":"Saturn_Outlook","name":"Outlook","niceName":"outlook","years":[{"id":100506572,"year":2007,"styles":[{"id":100788370,"name":"XR 4dr SUV AWD (3.6L 6cyl 6A)","submodel":{"body":"SUV","modelName":"Outlook SUV","niceName":"suv"},"trim":"XR"},{"id":100788369,"name":"XR 4dr SUV (3.6L 6cyl 6A)","submodel":{"body":"SUV","modelName":"Outlook SUV","niceName":"suv"},"trim":"XR"},{"id":100788367,"name":"XE 4dr SUV (3.6L 6cyl 6A)","submodel":{"body":"SUV","modelName":"Outlook SUV","niceName":"suv"},"trim":"XE"},{"id":100788368,"name":"XE 4dr SUV AWD (3.6L 6cyl 6A)","submodel":{"body":"SUV","modelName":"Outlook SUV","niceName":"suv"},"trim":"XE"}]},{"id":100523476,"year":2008,"styles":[{"id":100891695,"name":"XR 4dr SUV (3.6L 6cyl 6A)","submodel":{"body":"SUV","modelName":"Outlook SUV","niceName":"suv"},"trim":"XR"},{"id":100891696,"name":"XR 4dr SUV AWD (3.6L 6cyl 6A)","submodel":{"body":"SUV","modelName":"Outlook SUV","niceName":"suv"},"trim":"XR"},{"id":100891693,"name":"XE 4dr SUV (3.6L 6cyl 6A)","submodel":{"body":"SUV","modelName":"Outlook SUV","niceName":"suv"},"trim":"XE"},{"id":100891694,"name":"XE 4dr SUV AWD (3.6L 6cyl 6A)","submodel":{"body":"SUV","modelName":"Outlook SUV","niceName":"suv"},"trim":"XE"}]},{"id":100525785,"year":2009,"styles":[{"id":101037195,"name":"XR 4dr SUV AWD (3.6L 6cyl 6A)","submodel":{"body":"SUV","modelName":"Outlook SUV","niceName":"suv"},"trim":"XR"},{"id":101037194,"name":"XR 4dr SUV (3.6L 6cyl 6A)","submodel":{"body":"SUV","modelName":"Outlook SUV","niceName":"suv"},"trim":"XR"},{"id":101037193,"name":"XE 4dr SUV AWD (3.6L 6cyl 6A)","submodel":{"body":"SUV","modelName":"Outlook SUV","niceName":"suv"},"trim":"XE"},{"id":101037192,"name":"XE 4dr SUV (3.6L 6cyl 6A)","submodel":{"body":"SUV","modelName":"Outlook SUV","niceName":"suv"},"trim":"XE"}]}]},{"id":"Saturn_Relay","name":"Relay","niceName":"relay","years":[{"id":100503226,"year":2005,"styles":[{"id":100489179,"name":"3 AWD 4dr Minivan (3.5L 6cyl 4A)","submodel":{"body":"Minivan","modelName":"Relay Minivan","niceName":"minivan"},"trim":"3"},{"id":100489125,"name":"3 Fwd 4dr Minivan (3.5L 6cyl 4A)","submodel":{"body":"Minivan","modelName":"Relay Minivan","niceName":"minivan"},"trim":"3"},{"id":100489124,"name":"2 Fwd 4dr Minivan (3.5L 6cyl 4A)","submodel":{"body":"Minivan","modelName":"Relay Minivan","niceName":"minivan"},"trim":"2"}]},{"id":100506372,"year":2006,"styles":[{"id":100578548,"name":"3 4dr Minivan AWD (3.5L 6cyl 4A)","submodel":{"body":"Minivan","modelName":"Relay Minivan","niceName":"minivan"},"trim":"3"},{"id":100578547,"name":"3 4dr Minivan (3.5L 6cyl 4A)","submodel":{"body":"Minivan","modelName":"Relay Minivan","niceName":"minivan"},"trim":"3"},{"id":100578546,"name":"2 4dr Minivan (3.5L 6cyl 4A)","submodel":{"body":"Minivan","modelName":"Relay Minivan","niceName":"minivan"},"trim":"2"}]},{"id":100507519,"year":2007,"styles":[{"id":100701765,"name":"2 4dr Minivan (3.9L 6cyl 4A)","submodel":{"body":"Minivan","modelName":"Relay Minivan","niceName":"minivan"},"trim":"2"},{"id":100701764,"name":"1 4dr Minivan (3.9L 6cyl 4A)","submodel":{"body":"Minivan","modelName":"Relay Minivan","niceName":"minivan"},"trim":"1"},{"id":100701805,"name":"3 4dr Minivan (3.9L 6cyl 4A)","submodel":{"body":"Minivan","modelName":"Relay Minivan","niceName":"minivan"},"trim":"3"}]}]},{"id":"Saturn_S_Series","name":"S-Series","niceName":"s-series","years":[{"id":565,"year":1991,"styles":[{"id":5887,"name":"SL 4dr Sedan","submodel":{"body":"Sedan","modelName":"S-Series Sedan","niceName":"sedan"},"trim":"SL"},{"id":5885,"name":"SL2 4dr Sedan","submodel":{"body":"Sedan","modelName":"S-Series Sedan","niceName":"sedan"},"trim":"SL2"},{"id":5886,"name":"SC 2dr Coupe","submodel":{"body":"Coupe","modelName":"S-Series Coupe","niceName":"coupe"},"trim":"SC"},{"id":5884,"name":"SL1 4dr Sedan","submodel":{"body":"Sedan","modelName":"S-Series Sedan","niceName":"sedan"},"trim":"SL1"}]},{"id":1425,"year":1992,"styles":[{"id":5883,"name":"SL 4dr Sedan","submodel":{"body":"Sedan","modelName":"S-Series Sedan","niceName":"sedan"},"trim":"SL"},{"id":5881,"name":"SL1 4dr Sedan","submodel":{"body":"Sedan","modelName":"S-Series Sedan","niceName":"sedan"},"trim":"SL1"},{"id":5882,"name":"SL2 4dr Sedan","submodel":{"body":"Sedan","modelName":"S-Series Sedan","niceName":"sedan"},"trim":"SL2"},{"id":5880,"name":"SC 2dr Coupe","submodel":{"body":"Coupe","modelName":"S-Series Coupe","niceName":"coupe"},"trim":"SC"}]},{"id":1426,"year":1993,"styles":[{"id":993,"name":"SC1 2dr Coupe","submodel":{"body":"Coupe","modelName":"S-Series Coupe","niceName":"coupe"},"trim":"SC1"},{"id":5879,"name":"SL 4dr Sedan","submodel":{"body":"Sedan","modelName":"S-Series Sedan","niceName":"sedan"},"trim":"SL"},{"id":994,"name":"SC2 2dr Coupe","submodel":{"body":"Coupe","modelName":"S-Series Coupe","niceName":"coupe"},"trim":"SC2"},{"id":5877,"name":"SW1 4dr Wagon","submodel":{"body":"Wagon","modelName":"S-Series Wagon","niceName":"wagon"},"trim":"SW1"},{"id":5878,"name":"SW2 4dr Wagon","submodel":{"body":"Wagon","modelName":"S-Series Wagon","niceName":"wagon"},"trim":"SW2"},{"id":5875,"name":"SL1 4dr Sedan","submodel":{"body":"Sedan","modelName":"S-Series Sedan","niceName":"sedan"},"trim":"SL1"},{"id":5876,"name":"SL2 4dr Sedan","submodel":{"body":"Sedan","modelName":"S-Series Sedan","niceName":"sedan"},"trim":"SL2"}]},{"id":566,"year":1994,"styles":[{"id":986,"name":"SC1 2dr Coupe","submodel":{"body":"Coupe","modelName":"S-Series Coupe","niceName":"coupe"},"trim":"SC1"},{"id":987,"name":"SC2 2dr Coupe","submodel":{"body":"Coupe","modelName":"S-Series Coupe","niceName":"coupe"},"trim":"SC2"},{"id":988,"name":"SL1 4dr Sedan","submodel":{"body":"Sedan","modelName":"S-Series Sedan","niceName":"sedan"},"trim":"SL1"},{"id":989,"name":"SL2 4dr Sedan","submodel":{"body":"Sedan","modelName":"S-Series Sedan","niceName":"sedan"},"trim":"SL2"},{"id":990,"name":"SW1 4dr Wagon","submodel":{"body":"Wagon","modelName":"S-Series Wagon","niceName":"wagon"},"trim":"SW1"},{"id":991,"name":"SW2 4dr Wagon","submodel":{"body":"Wagon","modelName":"S-Series Wagon","niceName":"wagon"},"trim":"SW2"},{"id":992,"name":"SL 4dr Sedan","submodel":{"body":"Sedan","modelName":"S-Series Sedan","niceName":"sedan"},"trim":"SL"}]},{"id":1427,"year":1995,"styles":[{"id":985,"name":"SL 4dr Sedan","submodel":{"body":"Sedan","modelName":"S-Series Sedan","niceName":"sedan"},"trim":"SL"},{"id":979,"name":"SC1 2dr Coupe","submodel":{"body":"Coupe","modelName":"S-Series Coupe","niceName":"coupe"},"trim":"SC1"},{"id":980,"name":"SC2 2dr Coupe","submodel":{"body":"Coupe","modelName":"S-Series Coupe","niceName":"coupe"},"trim":"SC2"},{"id":981,"name":"SL1 4dr Sedan","submodel":{"body":"Sedan","modelName":"S-Series Sedan","niceName":"sedan"},"trim":"SL1"},{"id":982,"name":"SL2 4dr Sedan","submodel":{"body":"Sedan","modelName":"S-Series Sedan","niceName":"sedan"},"trim":"SL2"},{"id":983,"name":"SW1 4dr Wagon","submodel":{"body":"Wagon","modelName":"S-Series Wagon","niceName":"wagon"},"trim":"SW1"},{"id":984,"name":"SW2 4dr Wagon","submodel":{"body":"Wagon","modelName":"S-Series Wagon","niceName":"wagon"},"trim":"SW2"}]},{"id":1428,"year":1996,"styles":[{"id":972,"name":"SC1 2dr Coupe","submodel":{"body":"Coupe","modelName":"S-Series Coupe","niceName":"coupe"},"trim":"SC1"},{"id":974,"name":"SL1 4dr Sedan","submodel":{"body":"Sedan","modelName":"S-Series Sedan","niceName":"sedan"},"trim":"SL1"},{"id":973,"name":"SC2 2dr Coupe","submodel":{"body":"Coupe","modelName":"S-Series Coupe","niceName":"coupe"},"trim":"SC2"},{"id":976,"name":"SW1 4dr Wagon","submodel":{"body":"Wagon","modelName":"S-Series Wagon","niceName":"wagon"},"trim":"SW1"},{"id":975,"name":"SL2 4dr Sedan","submodel":{"body":"Sedan","modelName":"S-Series Sedan","niceName":"sedan"},"trim":"SL2"},{"id":977,"name":"SW2 4dr Wagon","submodel":{"body":"Wagon","modelName":"S-Series Wagon","niceName":"wagon"},"trim":"SW2"},{"id":978,"name":"SL 4dr Sedan","submodel":{"body":"Sedan","modelName":"S-Series Sedan","niceName":"sedan"},"trim":"SL"}]},{"id":567,"year":1997,"styles":[{"id":396,"name":"SW1 4dr Wagon","submodel":{"body":"Wagon","modelName":"S-Series Wagon","niceName":"wagon"},"trim":"SW1"},{"id":383,"name":"SL2 4dr Sedan","submodel":{"body":"Sedan","modelName":"S-Series Sedan","niceName":"sedan"},"trim":"SL2"},{"id":400,"name":"SW2 4dr Wagon","submodel":{"body":"Wagon","modelName":"S-Series Wagon","niceName":"wagon"},"trim":"SW2"},{"id":349,"name":"SL 4dr Sedan","submodel":{"body":"Sedan","modelName":"S-Series Sedan","niceName":"sedan"},"trim":"SL"},{"id":351,"name":"SL1 4dr Sedan","submodel":{"body":"Sedan","modelName":"S-Series Sedan","niceName":"sedan"},"trim":"SL1"},{"id":387,"name":"SC1 2dr Coupe","submodel":{"body":"Coupe","modelName":"S-Series Coupe","niceName":"coupe"},"trim":"SC1"},{"id":391,"name":"SC2 2dr Coupe","submodel":{"body":"Coupe","modelName":"S-Series Coupe","niceName":"coupe"},"trim":"SC2"}]},{"id":1429,"year":1998,"styles":[{"id":14458,"name":"SW2 4dr Wagon","submodel":{"body":"Wagon","modelName":"S-Series Wagon","niceName":"wagon"},"trim":"SW2"},{"id":14447,"name":"SC2 2dr Coupe","submodel":{"body":"Coupe","modelName":"S-Series Coupe","niceName":"coupe"},"trim":"SC2"},{"id":14445,"name":"SC1 2dr Coupe","submodel":{"body":"Coupe","modelName":"S-Series Coupe","niceName":"coupe"},"trim":"SC1"},{"id":14451,"name":"SL1 4dr Sedan","submodel":{"body":"Sedan","modelName":"S-Series Sedan","niceName":"sedan"},"trim":"SL1"},{"id":14449,"name":"SL 4dr Sedan","submodel":{"body":"Sedan","modelName":"S-Series Sedan","niceName":"sedan"},"trim":"SL"},{"id":14456,"name":"SW1 4dr Wagon","submodel":{"body":"Wagon","modelName":"S-Series Wagon","niceName":"wagon"},"trim":"SW1"},{"id":14454,"name":"SL2 4dr Sedan","submodel":{"body":"Sedan","modelName":"S-Series Sedan","niceName":"sedan"},"trim":"SL2"}]},{"id":3332,"year":1999,"styles":[{"id":7072,"name":"SC2 3dr Coupe","submodel":{"body":"Coupe","modelName":"S-Series Coupe","niceName":"coupe"},"trim":"SC2"},{"id":6178,"name":"SC1 3dr Coupe","submodel":{"body":"Coupe","modelName":"S-Series Coupe","niceName":"coupe"},"trim":"SC1"},{"id":13518,"name":"SC2 2dr Coupe","submodel":{"body":"Coupe","modelName":"S-Series Coupe","niceName":"coupe"},"trim":"SC2"},{"id":13519,"name":"SL 4dr Sedan","submodel":{"body":"Sedan","modelName":"S-Series Sedan","niceName":"sedan"},"trim":"SL"},{"id":13378,"name":"SL1 4dr Sedan","submodel":{"body":"Sedan","modelName":"S-Series Sedan","niceName":"sedan"},"trim":"SL1"},{"id":13304,"name":"SW2 4dr Wagon","submodel":{"body":"Wagon","modelName":"S-Series Wagon","niceName":"wagon"},"trim":"SW2"},{"id":13301,"name":"SL2 4dr Sedan","submodel":{"body":"Sedan","modelName":"S-Series Sedan","niceName":"sedan"},"trim":"SL2"},{"id":13302,"name":"SW1 4dr Wagon","submodel":{"body":"Wagon","modelName":"S-Series Wagon","niceName":"wagon"},"trim":"SW1"},{"id":13516,"name":"SC1 2dr Coupe","submodel":{"body":"Coupe","modelName":"S-Series Coupe","niceName":"coupe"},"trim":"SC1"}]},{"id":1077,"year":2000,"styles":[{"id":1337,"name":"SW2 4dr Wagon","submodel":{"body":"Wagon","modelName":"S-Series Wagon","niceName":"wagon"},"trim":"SW2"},{"id":1336,"name":"SC2 3dr Coupe","submodel":{"body":"Coupe","modelName":"S-Series Coupe","niceName":"coupe"},"trim":"SC2"},{"id":1333,"name":"SC1 3dr Coupe","submodel":{"body":"Coupe","modelName":"S-Series Coupe","niceName":"coupe"},"trim":"SC1"},{"id":1332,"name":"SL2 4dr Sedan","submodel":{"body":"Sedan","modelName":"S-Series Sedan","niceName":"sedan"},"trim":"SL2"},{"id":1331,"name":"SL1 4dr Sedan","submodel":{"body":"Sedan","modelName":"S-Series Sedan","niceName":"sedan"},"trim":"SL1"},{"id":1330,"name":"SL 4dr Sedan","submodel":{"body":"Sedan","modelName":"S-Series Sedan","niceName":"sedan"},"trim":"SL"}]},{"id":100000225,"year":2001,"styles":[{"id":100001722,"name":"SW2 4dr Wagon (1.9L 4cyl 4A)","submodel":{"body":"Wagon","modelName":"S-Series Wagon","niceName":"wagon"},"trim":"SW2"},{"id":100001721,"name":"SL2 4dr Sedan (1.9L 4cyl 5M)","submodel":{"body":"Sedan","modelName":"S-Series Sedan","niceName":"sedan"},"trim":"SL2"},{"id":100001723,"name":"SW2 4dr Wagon (1.9L 4cyl 5M)","submodel":{"body":"Wagon","modelName":"S-Series Wagon","niceName":"wagon"},"trim":"SW2"},{"id":100001718,"name":"SL1 4dr Sedan (1.9L 4cyl 4A)","submodel":{"body":"Sedan","modelName":"S-Series Sedan","niceName":"sedan"},"trim":"SL1"},{"id":100001717,"name":"SL 4dr Sedan (1.9L 4cyl 5M)","submodel":{"body":"Sedan","modelName":"S-Series Sedan","niceName":"sedan"},"trim":"SL"},{"id":100001720,"name":"SL2 4dr Sedan (1.9L 4cyl 4A)","submodel":{"body":"Sedan","modelName":"S-Series Sedan","niceName":"sedan"},"trim":"SL2"},{"id":100001719,"name":"SL1 4dr Sedan (1.9L 4cyl 5M)","submodel":{"body":"Sedan","modelName":"S-Series Sedan","niceName":"sedan"},"trim":"SL1"},{"id":100001714,"name":"SC1 3dr Coupe (1.9L 4cyl 5M)","submodel":{"body":"Coupe","modelName":"S-Series Coupe","niceName":"coupe"},"trim":"SC1"},{"id":100001713,"name":"SC1 3dr Coupe (1.9L 4cyl 4A)","submodel":{"body":"Coupe","modelName":"S-Series Coupe","niceName":"coupe"},"trim":"SC1"},{"id":100001716,"name":"SC2 3dr Coupe (1.9L 4cyl 5M)","submodel":{"body":"Coupe","modelName":"S-Series Coupe","niceName":"coupe"},"trim":"SC2"},{"id":100001715,"name":"SC2 3dr Coupe (1.9L 4cyl 4A)","submodel":{"body":"Coupe","modelName":"S-Series Coupe","niceName":"coupe"},"trim":"SC2"}]},{"id":100000439,"year":2002,"styles":[{"id":100003456,"name":"SC1 3dr Coupe (1.9L 4cyl 5M)","submodel":{"body":"Coupe","modelName":"S-Series Coupe","niceName":"coupe"},"trim":"SC1"},{"id":100003455,"name":"SC1 3dr Coupe (1.9L 4cyl 4A)","submodel":{"body":"Coupe","modelName":"S-Series Coupe","niceName":"coupe"},"trim":"SC1"},{"id":100003457,"name":"SC2 3dr Coupe (1.9L 4cyl 4A)","submodel":{"body":"Coupe","modelName":"S-Series Coupe","niceName":"coupe"},"trim":"SC2"},{"id":100003458,"name":"SC2 3dr Coupe (1.9L 4cyl 5M)","submodel":{"body":"Coupe","modelName":"S-Series Coupe","niceName":"coupe"},"trim":"SC2"},{"id":100003459,"name":"SL 4dr Sedan (1.9L 4cyl 5M)","submodel":{"body":"Sedan","modelName":"S-Series Sedan","niceName":"sedan"},"trim":"SL"},{"id":100003460,"name":"SL1 4dr Sedan (1.9L 4cyl 4A)","submodel":{"body":"Sedan","modelName":"S-Series Sedan","niceName":"sedan"},"trim":"SL1"},{"id":100003461,"name":"SL1 4dr Sedan (1.9L 4cyl 5M)","submodel":{"body":"Sedan","modelName":"S-Series Sedan","niceName":"sedan"},"trim":"SL1"},{"id":100003462,"name":"SL2 4dr Sedan (1.9L 4cyl 4A)","submodel":{"body":"Sedan","modelName":"S-Series Sedan","niceName":"sedan"},"trim":"SL2"},{"id":100003463,"name":"SL2 4dr Sedan (1.9L 4cyl 5M)","submodel":{"body":"Sedan","modelName":"S-Series Sedan","niceName":"sedan"},"trim":"SL2"}]}]},{"id":"Saturn_Sky","name":"Sky","niceName":"sky","years":[{"id":100505387,"year":2007,"styles":[{"id":100743154,"name":"Red Line 2dr Convertible (2.0L 4cyl Turbo 5M)","submodel":{"body":"Convertible","tuner":"Red Line","modelName":"Sky Red Line","niceName":"red-line"},"trim":"Red Line"},{"id":100681571,"name":"2dr Convertible (2.4L 4cyl 5M)","submodel":{"body":"Convertible","modelName":"Sky Convertible","niceName":"convertible"},"trim":"Base"}]},{"id":100507719,"year":2008,"styles":[{"id":100889400,"name":"2dr Convertible (2.4L 4cyl 5M)","submodel":{"body":"Convertible","modelName":"Sky Convertible","niceName":"convertible"},"trim":"Base"},{"id":100996843,"name":"Carbon Flash SE 2dr Convertible (2.4L 4cyl 5M)","submodel":{"body":"Convertible","modelName":"Sky Convertible","niceName":"convertible"},"trim":"Carbon Flash SE"},{"id":100996844,"name":"Red Line Carbon Flash SE 2dr Convertible (2.0L 4cyl Turbo 5M)","submodel":{"body":"Convertible","tuner":"Red Line Carbon Flash SE","modelName":"Sky Red Line Carbon Flash SE","niceName":"red-line-carbon-flash-se"},"trim":"Red Line Carbon Flash SE"},{"id":100889401,"name":"Red Line 2dr Convertible (2.0L 4cyl Turbo 5M)","submodel":{"body":"Convertible","tuner":"Red Line","modelName":"Sky Red Line","niceName":"red-line"},"trim":"Red Line"}]},{"id":100525586,"year":2009,"styles":[{"id":101027144,"name":"Ruby Red SE 2dr Convertible (2.4L 4cyl 5M)","submodel":{"body":"Convertible","modelName":"Sky Convertible","niceName":"convertible"},"trim":"Ruby Red SE"},{"id":101027143,"name":"Red Line 2dr Convertible (2.0L 4cyl Turbo 5M)","submodel":{"body":"Convertible","tuner":"Red Line","modelName":"Sky Red Line","niceName":"red-line"},"trim":"Red Line"},{"id":101027142,"name":"2dr Convertible (2.4L 4cyl 5M)","submodel":{"body":"Convertible","modelName":"Sky Convertible","niceName":"convertible"},"trim":"Base"},{"id":101148213,"name":"Red Line Hydro Blue Ltd Ed 2dr Convertible (2.0L 4cyl Turbo 5M)","submodel":{"body":"Convertible","tuner":"Red Line Hydro Blue Limited Edition","modelName":"Sky Red Line Hydro Blue Limited Edition","niceName":"red-line-hydro-blue-limited-edition"},"trim":"Red Line Hydro Blue Limited Edition"},{"id":101148212,"name":"Hydro Blue Ltd Ed 2dr Convertible (2.4L 4cyl 5M)","submodel":{"body":"Convertible","modelName":"Sky Convertible","niceName":"convertible"},"trim":"Hydro Blue Limited Edition"},{"id":101027145,"name":"Red Line Ruby Red SE 2dr Convertible (2.0L 4cyl Turbo 5M)","submodel":{"body":"Convertible","tuner":"Red Line Ruby Red SE","modelName":"Sky Red Line Ruby Red SE","niceName":"red-line-ruby-red-se"},"trim":"Red Line Ruby Red SE"}]}]},{"id":"Saturn_VUE","name":"VUE","niceName":"vue","years":[{"id":100000593,"year":2002,"styles":[{"id":100073850,"name":"Fwd 4dr SUV (2.2L 4cyl CVT)","submodel":{"body":"SUV","modelName":"VUE SUV","niceName":"suv"},"trim":"Base"},{"id":100073849,"name":"AWD 4dr SUV (2.2L 4cyl CVT)","submodel":{"body":"SUV","modelName":"VUE SUV","niceName":"suv"},"trim":"Base"},{"id":100073851,"name":"Fwd 4dr SUV (2.2L 4cyl 5M)","submodel":{"body":"SUV","modelName":"VUE SUV","niceName":"suv"},"trim":"Base"},{"id":100073863,"name":"AWD 4dr SUV (3.0L 6cyl 5A)","submodel":{"body":"SUV","modelName":"VUE SUV","niceName":"suv"},"trim":"Base"}]},{"id":100502890,"year":2003,"styles":[{"id":100093712,"name":"AWD 4dr SUV (2.2L 4cyl CVT)","submodel":{"body":"SUV","modelName":"VUE SUV","niceName":"suv"},"trim":"Base"},{"id":100093715,"name":"AWD 4dr SUV (3.0L 6cyl 5A)","submodel":{"body":"SUV","modelName":"VUE SUV","niceName":"suv"},"trim":"Base"},{"id":100093713,"name":"Fwd 4dr SUV (2.2L 4cyl 5M)","submodel":{"body":"SUV","modelName":"VUE SUV","niceName":"suv"},"trim":"Base"},{"id":100093714,"name":"Fwd 4dr SUV (3.0L 6cyl 5A)","submodel":{"body":"SUV","modelName":"VUE SUV","niceName":"suv"},"trim":"Base"},{"id":100203206,"name":"Fwd 4dr SUV (2.2L 4cyl CVT)","submodel":{"body":"SUV","modelName":"VUE SUV","niceName":"suv"},"trim":"Base"}]},{"id":100503727,"year":2004,"styles":[{"id":100363996,"name":"Fwd 4dr SUV (2.2L 4cyl 5M)","submodel":{"body":"SUV","modelName":"VUE SUV","niceName":"suv"},"trim":"Base"},{"id":100363999,"name":"Fwd 4dr SUV (3.5L 6cyl 5A)","submodel":{"body":"SUV","tuner":"Base","modelName":"VUE Base","niceName":"base"},"trim":"Base"},{"id":100364000,"name":"AWD 4dr SUV (3.5L 6cyl 5A)","submodel":{"body":"SUV","tuner":"Base","modelName":"VUE Base","niceName":"base"},"trim":"Base"},{"id":100363997,"name":"Fwd 4dr SUV (2.2L 4cyl CVT)","submodel":{"body":"SUV","modelName":"VUE SUV","niceName":"suv"},"trim":"Base"},{"id":100363998,"name":"AWD 4dr SUV (2.2L 4cyl CVT)","submodel":{"body":"SUV","modelName":"VUE SUV","niceName":"suv"},"trim":"Base"}]},{"id":100505212,"year":2005,"styles":[{"id":100487227,"name":"Fwd 4dr SUV (3.5L 6cyl 5A)","submodel":{"body":"SUV","tuner":"Base","modelName":"VUE Base","niceName":"base"},"trim":"Base"},{"id":100487161,"name":"AWD 4dr SUV (2.2L 4cyl CVT)","submodel":{"body":"SUV","modelName":"VUE SUV","niceName":"suv"},"trim":"Base"},{"id":100487230,"name":"AWD 4dr SUV (3.5L 6cyl 5A)","submodel":{"body":"SUV","tuner":"Base","modelName":"VUE Base","niceName":"base"},"trim":"Base"},{"id":100487138,"name":"Fwd 4dr SUV (2.2L 4cyl 5M)","submodel":{"body":"SUV","modelName":"VUE SUV","niceName":"suv"},"trim":"Base"},{"id":100487139,"name":"Fwd 4dr SUV (2.2L 4cyl 4A)","submodel":{"body":"SUV","modelName":"VUE SUV","niceName":"suv"},"trim":"Base"}]},{"id":100506085,"year":2006,"styles":[{"id":100564159,"name":"4dr SUV (2.2L 4cyl 5M)","submodel":{"body":"SUV","modelName":"VUE SUV","niceName":"suv"},"trim":"Base"},{"id":100564160,"name":"4dr SUV (2.2L 4cyl 4A)","submodel":{"body":"SUV","modelName":"VUE SUV","niceName":"suv"},"trim":"Base"},{"id":100564162,"name":"4dr SUV AWD (3.5L 6cyl 5A)","submodel":{"body":"SUV","tuner":"Base","modelName":"VUE Base","niceName":"base"},"trim":"Base"},{"id":100564161,"name":"4dr SUV (3.5L 6cyl 5A)","submodel":{"body":"SUV","tuner":"Base","modelName":"VUE Base","niceName":"base"},"trim":"Base"}]},{"id":100507739,"year":2007,"styles":[{"id":100715965,"name":"4dr SUV AWD (3.5L 6cyl 5A)","submodel":{"body":"SUV","tuner":"Base","modelName":"VUE Base","niceName":"base"},"trim":"Base"},{"id":100715918,"name":"4dr SUV (2.2L 4cyl 4A)","submodel":{"body":"SUV","modelName":"VUE SUV","niceName":"suv"},"trim":"Base"},{"id":100715963,"name":"Green Line 4dr SUV (2.4L 4cyl gas/electric hybrid 4A)","submodel":{"body":"SUV","fuel":"Hybrid","modelName":"VUE Hybrid","niceName":"hybrid"},"trim":"Green Line"},{"id":100715917,"name":"4dr SUV (2.2L 4cyl 5M)","submodel":{"body":"SUV","modelName":"VUE SUV","niceName":"suv"},"trim":"Base"},{"id":100715964,"name":"4dr SUV (3.5L 6cyl 5A)","submodel":{"body":"SUV","tuner":"Base","modelName":"VUE Base","niceName":"base"},"trim":"Base"}]},{"id":100506999,"year":2008,"styles":[{"id":100872241,"name":"XE 4dr SUV AWD (3.5L 6cyl 6A)","submodel":{"body":"SUV","modelName":"VUE SUV","niceName":"suv"},"trim":"XE"},{"id":100872261,"name":"XR 4dr SUV (3.6L 6cyl 6A)","submodel":{"body":"SUV","modelName":"VUE SUV","niceName":"suv"},"trim":"XR"},{"id":100872262,"name":"XR 4dr SUV AWD (3.6L 6cyl 6A)","submodel":{"body":"SUV","modelName":"VUE SUV","niceName":"suv"},"trim":"XR"},{"id":100872263,"name":"Red Line 4dr SUV (3.6L 6cyl 6A)","submodel":{"body":"SUV","modelName":"VUE SUV","niceName":"suv"},"trim":"Red Line"},{"id":100872264,"name":"Red Line 4dr SUV AWD (3.6L 6cyl 6A)","submodel":{"body":"SUV","modelName":"VUE SUV","niceName":"suv"},"trim":"Red Line"},{"id":100872240,"name":"XE 4dr SUV (2.4L 4cyl 4A)","submodel":{"body":"SUV","modelName":"VUE SUV","niceName":"suv"},"trim":"XE"}]},{"id":100522470,"year":2009,"styles":[{"id":101042818,"name":"XE 4dr SUV (2.4L 4cyl 4A)","submodel":{"body":"SUV","modelName":"VUE SUV","niceName":"suv"},"trim":"XE"},{"id":101042819,"name":"XE 4dr SUV AWD (3.5L 6cyl 6A)","submodel":{"body":"SUV","modelName":"VUE SUV","niceName":"suv"},"trim":"XE"},{"id":101042820,"name":"XR 4dr SUV (3.6L 6cyl 6A)","submodel":{"body":"SUV","modelName":"VUE SUV","niceName":"suv"},"trim":"XR"},{"id":101042821,"name":"XR 4dr SUV AWD (3.6L 6cyl 6A)","submodel":{"body":"SUV","modelName":"VUE SUV","niceName":"suv"},"trim":"XR"},{"id":101042822,"name":"Red Line 4dr SUV (3.6L 6cyl 6A)","submodel":{"body":"SUV","modelName":"VUE SUV","niceName":"suv"},"trim":"Red Line"},{"id":101042823,"name":"Red Line 4dr SUV AWD (3.6L 6cyl 6A)","submodel":{"body":"SUV","modelName":"VUE SUV","niceName":"suv"},"trim":"Red Line"},{"id":101134999,"name":"XR 4dr SUV (2.4L 4cyl 4A)","submodel":{"body":"SUV","modelName":"VUE SUV","niceName":"suv"},"trim":"XR"}]}]},{"id":"Saturn_VUE_Hybrid","name":"VUE Hybrid","niceName":"vue-hybrid","years":[{"id":100524451,"year":2008,"styles":[{"id":100951659,"name":"Green Line 4dr SUV (2.4L 4cyl gas/electric hybrid 4A)","submodel":{"body":"SUV","modelName":"VUE Hybrid SUV","niceName":"suv"},"trim":"Green Line"}]},{"id":100524807,"year":2009,"styles":[{"id":101042769,"name":"4dr SUV (2.4L 4cyl gas/electric hybrid 4A)","submodel":{"body":"SUV","modelName":"VUE Hybrid SUV","niceName":"suv"},"trim":"Base"}]}]}],"modelsCount":12,"make":"Saturn"}