{"models":[{"id":"Scion_FR_S","name":"FR-S","niceName":"fr-s","years":[{"id":100539211,"year":2013,"styles":[{"id":101426310,"name":"2dr Coupe (2.0L 4cyl 6A)","submodel":{"body":"Coupe","modelName":"FR-S Coupe","niceName":"coupe"},"trim":"Base"},{"id":200471241,"name":"Scion 10 Series 2dr Coupe (2.0L 4cyl 6A)","submodel":{"body":"Coupe","modelName":"FR-S Coupe","niceName":"coupe"},"trim":"Scion 10 Series"},{"id":101323929,"name":"2dr Coupe (2.0L 4cyl 6M)","submodel":{"body":"Coupe","modelName":"FR-S Coupe","niceName":"coupe"},"trim":"Base"},{"id":200471240,"name":"Scion 10 Series 2dr Coupe (2.0L 4cyl 6M)","submodel":{"body":"Coupe","modelName":"FR-S Coupe","niceName":"coupe"},"trim":"Scion 10 Series"}]},{"id":200486319,"year":2014,"styles":[{"id":200486320,"name":"2dr Coupe (2.0L 4cyl 6A)","submodel":{"body":"Coupe","modelName":"FR-S Coupe","niceName":"coupe"},"trim":"Base"},{"id":200674811,"name":"Monogram Series 2dr Coupe (2.0L 4cyl 6A)","submodel":{"body":"Coupe","modelName":"FR-S Coupe","niceName":"coupe"},"trim":"Monogram Series"},{"id":200674812,"name":"Monogram Series 2dr Coupe (2.0L 4cyl 6M)","submodel":{"body":"Coupe","modelName":"FR-S Coupe","niceName":"coupe"},"trim":"Monogram Series"},{"id":200486321,"name":"2dr Coupe (2.0L 4cyl 6M)","submodel":{"body":"Coupe","modelName":"FR-S Coupe","niceName":"coupe"},"trim":"Base"}]},{"id":200696271,"year":2015,"styles":[{"id":200696274,"name":"2dr Coupe (2.0L 4cyl 6M)","submodel":{"body":"Coupe","modelName":"FR-S Coupe","niceName":"coupe"},"trim":"Base"},{"id":200696273,"name":"2dr Coupe (2.0L 4cyl 6A)","submodel":{"body":"Coupe","modelName":"FR-S Coupe","niceName":"coupe"},"trim":"Base"},{"id":200706811,"name":"Release Series 1.0 2dr Coupe (2.0L 4cyl 6A)","submodel":{"body":"Coupe","modelName":"FR-S Coupe","niceName":"coupe"},"trim":"Release Series 1.0"},{"id":200706812,"name":"Release Series 1.0 2dr Coupe (2.0L 4cyl 6M)","submodel":{"body":"Coupe","modelName":"FR-S Coupe","niceName":"coupe"},"trim":"Release Series 1.0"}]},{"id":200734751,"year":2016,"styles":[{"id":401613789,"name":"Release Series 2.0 2dr Coupe (2.0L 4cyl 6A)","submodel":{"body":"Coupe","modelName":"FR-S Coupe","niceName":"coupe"},"trim":"Release Series 2.0"},{"id":401613790,"name":"Release Series 2.0 2dr Coupe (2.0L 4cyl 6M)","submodel":{"body":"Coupe","modelName":"FR-S Coupe","niceName":"coupe"},"trim":"Release Series 2.0"},{"id":200734753,"name":"2dr Coupe (2.0L 4cyl 6M)","submodel":{"body":"Coupe","modelName":"FR-S Coupe","niceName":"coupe"},"trim":"Base"},{"id":200734752,"name":"2dr Coupe (2.0L 4cyl 6A)","submodel":{"body":"Coupe","modelName":"FR-S Coupe","niceName":"coupe"},"trim":"Base"}]}]},{"id":"Scion_iA","name":"iA","niceName":"ia","years":[{"id":200730054,"year":2016,"styles":[{"id":200730056,"name":"4dr Sedan (1.5L 4cyl 6M)","submodel":{"body":"Sedan","modelName":"iA Sedan","niceName":"sedan"},"trim":"Base"},{"id":200742456,"name":"4dr Sedan (1.5L 4cyl 6A)","submodel":{"body":"Sedan","modelName":"iA Sedan","niceName":"sedan"},"trim":"Base"}]}]},{"id":"Scion_iM","name":"iM","niceName":"im","years":[{"id":200722068,"year":2016,"styles":[{"id":200722069,"name":"4dr Hatchback (1.8L 4cyl 6M)","submodel":{"body":"Hatchback","modelName":"iM Hatchback","niceName":"hatchback"},"trim":"Base"},{"id":200742459,"name":"4dr Hatchback (1.8L 4cyl CVT)","submodel":{"body":"Hatchback","modelName":"iM Hatchback","niceName":"hatchback"},"trim":"Base"}]}]},{"id":"Scion_iQ","name":"iQ","niceName":"iq","years":[{"id":100535309,"year":2012,"styles":[{"id":101225901,"name":"2dr Hatchback (1.3L 4cyl CVT)","submodel":{"body":"Hatchback","modelName":"iQ Hatchback","niceName":"hatchback"},"trim":"Base"}]},{"id":200427367,"year":2013,"styles":[{"id":200427368,"name":"2dr Hatchback (1.3L 4cyl CVT)","submodel":{"body":"Hatchback","modelName":"iQ Hatchback","niceName":"hatchback"},"trim":"Base"}]},{"id":200471221,"year":2014,"styles":[{"id":200471223,"name":"Scion 10 Series 2dr Hatchback (1.3L 4cyl CVT)","submodel":{"body":"Hatchback","modelName":"iQ Hatchback","niceName":"hatchback"},"trim":"Scion 10 Series"},{"id":200471222,"name":"2dr Hatchback (1.3L 4cyl CVT)","submodel":{"body":"Hatchback","modelName":"iQ Hatchback","niceName":"hatchback"},"trim":"Base"}]},{"id":200709073,"year":2015,"styles":[{"id":200709074,"name":"2dr Hatchback (1.3L 4cyl CVT)","submodel":{"body":"Hatchback","modelName":"iQ Hatchback","niceName":"hatchback"},"trim":"Base"}]}]},{"id":"Scion_tC","name":"tC","niceName":"tc","years":[{"id":100503867,"year":2005,"styles":[{"id":100394782,"name":"2dr Hatchback (2.4L 4cyl 5M)","submodel":{"body":"Hatchback","modelName":"tC Hatchback","niceName":"hatchback"},"trim":"Base"},{"id":100394783,"name":"2dr Hatchback (2.4L 4cyl 4A)","submodel":{"body":"Hatchback","modelName":"tC Hatchback","niceName":"hatchback"},"trim":"Base"}]},{"id":100506065,"year":2006,"styles":[{"id":100543677,"name":"2dr Hatchback (2.4L 4cyl 5M)","submodel":{"body":"Hatchback","modelName":"tC Hatchback","niceName":"hatchback"},"trim":"Base"},{"id":100543676,"name":"2dr Hatchback (2.4L 4cyl 4A)","submodel":{"body":"Hatchback","modelName":"tC Hatchback","niceName":"hatchback"},"trim":"Base"}]},{"id":100512980,"year":2007,"styles":[{"id":100728687,"name":"2dr Hatchback (2.4L 4cyl 4A)","submodel":{"body":"Hatchback","modelName":"tC Hatchback","niceName":"hatchback"},"trim":"Base"},{"id":100728688,"name":"2dr Hatchback (2.4L 4cyl 5M)","submodel":{"body":"Hatchback","modelName":"tC Hatchback","niceName":"hatchback"},"trim":"Base"},{"id":100729213,"name":"Spec 2dr Hatchback (2.4L 4cyl 4A)","submodel":{"body":"Hatchback","modelName":"tC Hatchback","niceName":"hatchback"},"trim":"Spec"},{"id":100729358,"name":"Spec 2dr Hatchback (2.4L 4cyl 5M)","submodel":{"body":"Hatchback","modelName":"tC Hatchback","niceName":"hatchback"},"trim":"Spec"}]},{"id":100523289,"year":2008,"styles":[{"id":100886209,"name":"Spec 2dr Hatchback (2.4L 4cyl 5M)","submodel":{"body":"Hatchback","modelName":"tC Hatchback","niceName":"hatchback"},"trim":"Spec"},{"id":100886208,"name":"Spec 2dr Hatchback (2.4L 4cyl 4A)","submodel":{"body":"Hatchback","modelName":"tC Hatchback","niceName":"hatchback"},"trim":"Spec"},{"id":100886207,"name":"2dr Hatchback (2.4L 4cyl 5M)","submodel":{"body":"Hatchback","modelName":"tC Hatchback","niceName":"hatchback"},"trim":"Base"},{"id":100886206,"name":"2dr Hatchback (2.4L 4cyl 4A)","submodel":{"body":"Hatchback","modelName":"tC Hatchback","niceName":"hatchback"},"trim":"Base"}]},{"id":100525069,"year":2009,"styles":[{"id":100997044,"name":"2dr Hatchback (2.4L 4cyl 4A)","submodel":{"body":"Hatchback","modelName":"tC Hatchback","niceName":"hatchback"},"trim":"Base"},{"id":100997045,"name":"2dr Hatchback (2.4L 4cyl 5M)","submodel":{"body":"Hatchback","modelName":"tC Hatchback","niceName":"hatchback"},"trim":"Base"}]},{"id":100527930,"year":2010,"styles":[{"id":101277084,"name":"Release Series 6.0 2dr Hatchback (2.4L 4cyl 4A)","submodel":{"body":"Hatchback","modelName":"tC Hatchback","niceName":"hatchback"},"trim":"Release Series 6.0"},{"id":101277085,"name":"Release Series 6.0 2dr Hatchback (2.4L 4cyl 5M)","submodel":{"body":"Hatchback","modelName":"tC Hatchback","niceName":"hatchback"},"trim":"Release Series 6.0"},{"id":101163228,"name":"2dr Hatchback (2.4L 4cyl 5M)","submodel":{"body":"Hatchback","modelName":"tC Hatchback","niceName":"hatchback"},"trim":"Base"},{"id":101163227,"name":"2dr Hatchback (2.4L 4cyl 4A)","submodel":{"body":"Hatchback","modelName":"tC Hatchback","niceName":"hatchback"},"trim":"Base"}]},{"id":100529829,"year":2011,"styles":[{"id":101226438,"name":"2dr Hatchback (2.5L 4cyl 6A)","submodel":{"body":"Hatchback","modelName":"tC Hatchback","niceName":"hatchback"},"trim":"Base"},{"id":101352785,"name":"2dr Hatchback (2.5L 4cyl 6M)","submodel":{"body":"Hatchback","modelName":"tC Hatchback","niceName":"hatchback"},"trim":"Base"}]},{"id":100531829,"year":2012,"styles":[{"id":101313332,"name":"2dr Hatchback (2.5L 4cyl 6M)","submodel":{"body":"Hatchback","modelName":"tC Hatchback","niceName":"hatchback"},"trim":"Base"},{"id":101394329,"name":"2dr Hatchback (2.5L 4cyl 6A)","submodel":{"body":"Hatchback","modelName":"tC Hatchback","niceName":"hatchback"},"trim":"Base"},{"id":101394330,"name":"Release Series 7.0 2dr Hatchback (2.5L 4cyl 6M)","submodel":{"body":"Hatchback","modelName":"tC Hatchback","niceName":"hatchback"},"trim":"Release Series 7.0"},{"id":101394374,"name":"Release Series 7.0 2dr Hatchback (2.5L 4cyl 6A)","submodel":{"body":"Hatchback","modelName":"tC Hatchback","niceName":"hatchback"},"trim":"Release Series 7.0"}]},{"id":200423139,"year":2013,"styles":[{"id":200423141,"name":"2dr Hatchback (2.5L 4cyl 6A)","submodel":{"body":"Hatchback","modelName":"tC Hatchback","niceName":"hatchback"},"trim":"Base"},{"id":200426753,"name":"Release Series 8.0 2dr Hatchback (2.5L 4cyl 6M)","submodel":{"body":"Hatchback","modelName":"tC Hatchback","niceName":"hatchback"},"trim":"Release Series 8.0"},{"id":200423140,"name":"2dr Hatchback (2.5L 4cyl 6M)","submodel":{"body":"Hatchback","modelName":"tC Hatchback","niceName":"hatchback"},"trim":"Base"},{"id":200426752,"name":"Release Series 8.0 2dr Hatchback (2.5L 4cyl 6A)","submodel":{"body":"Hatchback","modelName":"tC Hatchback","niceName":"hatchback"},"trim":"Release Series 8.0"}]},{"id":200466852,"year":2014,"styles":[{"id":200472497,"name":"2dr Hatchback (2.5L 4cyl 6A)","submodel":{"body":"Hatchback","modelName":"tC Hatchback","niceName":"hatchback"},"trim":"Base"},{"id":200472498,"name":"Scion 10 Series 2dr Hatchback (2.5L 4cyl 6A)","submodel":{"body":"Hatchback","modelName":"tC Hatchback","niceName":"hatchback"},"trim":"Scion 10 Series"},{"id":200472499,"name":"Scion 10 Series 2dr Hatchback (2.5L 4cyl 6M)","submodel":{"body":"Hatchback","modelName":"tC Hatchback","niceName":"hatchback"},"trim":"Scion 10 Series"},{"id":200674808,"name":"Monogram Series 2dr Hatchback (2.5L 4cyl 6A)","submodel":{"body":"Hatchback","modelName":"tC Hatchback","niceName":"hatchback"},"trim":"Monogram Series"},{"id":200674809,"name":"Monogram Series 2dr Hatchback (2.5L 4cyl 6M)","submodel":{"body":"Hatchback","modelName":"tC Hatchback","niceName":"hatchback"},"trim":"Monogram Series"},{"id":200466853,"name":"2dr Hatchback (2.5L 4cyl 6M)","submodel":{"body":"Hatchback","modelName":"tC Hatchback","niceName":"hatchback"},"trim":"Base"}]},{"id":200696272,"year":2015,"styles":[{"id":200722950,"name":"Release Series 9.0 2dr Hatchback (2.5L 4cyl 6A)","submodel":{"body":"Hatchback","modelName":"tC Hatchback","niceName":"hatchback"},"trim":"Release Series 9.0"},{"id":200696276,"name":"2dr Hatchback (2.5L 4cyl 6M)","submodel":{"body":"Hatchback","modelName":"tC Hatchback","niceName":"hatchback"},"trim":"Base"},{"id":200722948,"name":"Release Series 9.0 2dr Hatchback (2.5L 4cyl 6M)","submodel":{"body":"Hatchback","modelName":"tC Hatchback","niceName":"hatchback"},"trim":"Release Series 9.0"},{"id":200696275,"name":"2dr Hatchback (2.5L 4cyl 6A)","submodel":{"body":"Hatchback","modelName":"tC Hatchback","niceName":"hatchback"},"trim":"Base"}]},{"id":200745612,"year":2016,"styles":[{"id":401642439,"name":"Release Series 10.0 2dr Hatchback (2.5L 4cyl 6A)","submodel":{"body":"Hatchback","modelName":"tC Hatchback","niceName":"hatchback"},"trim":"Release Series 10.0"},{"id":401642440,"name":"Release Series 10.0 2dr Hatchback (2.5L 4cyl 6M)","submodel":{"body":"Hatchback","modelName":"tC Hatchback","niceName":"hatchback"},"trim":"Release Series 10.0"},{"id":200745614,"name":"2dr Hatchback (2.5L 4cyl 6A)","submodel":{"body":"Hatchback","modelName":"tC Hatchback","niceName":"hatchback"},"trim":"Base"},{"id":200745613,"name":"2dr Hatchback (2.5L 4cyl 6M)","submodel":{"body":"Hatchback","modelName":"tC Hatchback","niceName":"hatchback"},"trim":"Base"}]}]},{"id":"Scion_xA","name":"xA","niceName":"xa","years":[{"id":100503102,"year":2004,"styles":[{"id":100257480,"name":"4dr Hatchback (1.5L 4cyl 4A)","submodel":{"body":"Hatchback","modelName":"xA Hatchback","niceName":"hatchback"},"trim":"Base"},{"id":100257479,"name":"4dr Hatchback (1.5L 4cyl 5M)","submodel":{"body":"Hatchback","modelName":"xA Hatchback","niceName":"hatchback"},"trim":"Base"}]},{"id":100503983,"year":2005,"styles":[{"id":100380483,"name":"4dr Hatchback (1.5L 4cyl 4A)","submodel":{"body":"Hatchback","modelName":"xA Hatchback","niceName":"hatchback"},"trim":"Base"},{"id":100380484,"name":"4dr Hatchback (1.5L 4cyl 5M)","submodel":{"body":"Hatchback","modelName":"xA Hatchback","niceName":"hatchback"},"trim":"Base"}]},{"id":100506312,"year":2006,"styles":[{"id":100570405,"name":"4dr Hatchback (1.5L 4cyl 5M)","submodel":{"body":"Hatchback","modelName":"xA Hatchback","niceName":"hatchback"},"trim":"Base"},{"id":100570404,"name":"4dr Hatchback (1.5L 4cyl 4A)","submodel":{"body":"Hatchback","modelName":"xA Hatchback","niceName":"hatchback"},"trim":"Base"}]}]},{"id":"Scion_xB","name":"xB","niceName":"xb","years":[{"id":100503162,"year":2004,"styles":[{"id":100257481,"name":"4dr Wagon (1.5L 4cyl 4A)","submodel":{"body":"Wagon","modelName":"xB Wagon","niceName":"wagon"},"trim":"Base"},{"id":100257487,"name":"4dr Wagon (1.5L 4cyl 5M)","submodel":{"body":"Wagon","modelName":"xB Wagon","niceName":"wagon"},"trim":"Base"}]},{"id":100503984,"year":2005,"styles":[{"id":100393202,"name":"4dr Wagon (1.5L 4cyl 5M)","submodel":{"body":"Wagon","modelName":"xB Wagon","niceName":"wagon"},"trim":"Base"},{"id":100394908,"name":"4dr Wagon (1.5L 4cyl 4A)","submodel":{"body":"Wagon","modelName":"xB Wagon","niceName":"wagon"},"trim":"Base"}]},{"id":100506313,"year":2006,"styles":[{"id":100570418,"name":"4dr Wagon (1.5L 4cyl 4A)","submodel":{"body":"Wagon","modelName":"xB Wagon","niceName":"wagon"},"trim":"Base"},{"id":100570417,"name":"4dr Wagon (1.5L 4cyl 5M)","submodel":{"body":"Wagon","modelName":"xB Wagon","niceName":"wagon"},"trim":"Base"}]},{"id":100522349,"year":2008,"styles":[{"id":100868014,"name":"4dr Wagon (2.4L 4cyl 5M)","submodel":{"body":"Wagon","modelName":"xB Wagon","niceName":"wagon"},"trim":"Base"},{"id":100868013,"name":"4dr Wagon (2.4L 4cyl 4A)","submodel":{"body":"Wagon","modelName":"xB Wagon","niceName":"wagon"},"trim":"Base"}]},{"id":100525049,"year":2009,"styles":[{"id":100996738,"name":"4dr Wagon (2.4L 4cyl 4A)","submodel":{"body":"Wagon","modelName":"xB Wagon","niceName":"wagon"},"trim":"Base"},{"id":100996739,"name":"4dr Wagon (2.4L 4cyl 5M)","submodel":{"body":"Wagon","modelName":"xB Wagon","niceName":"wagon"},"trim":"Base"}]},{"id":100527790,"year":2010,"styles":[{"id":101160988,"name":"4dr Wagon (2.4L 4cyl 5M)","submodel":{"body":"Wagon","modelName":"xB Wagon","niceName":"wagon"},"trim":"Base"},{"id":101160987,"name":"4dr Wagon (2.4L 4cyl 4A)","submodel":{"body":"Wagon","modelName":"xB Wagon","niceName":"wagon"},"trim":"Base"},{"id":101266677,"name":"Release Series 7.0 4dr Wagon (2.4L 4cyl 4A)","submodel":{"body":"Wagon","modelName":"xB Wagon","niceName":"wagon"},"trim":"Release Series 7.0"},{"id":101266678,"name":"Release Series 7.0 4dr Wagon (2.4L 4cyl 5M)","submodel":{"body":"Wagon","modelName":"xB Wagon","niceName":"wagon"},"trim":"Release Series 7.0"}]},{"id":100531509,"year":2011,"styles":[{"id":101372500,"name":"Release Series 8.0 4dr Wagon (2.4L 4cyl 4A)","submodel":{"body":"Wagon","modelName":"xB Wagon","niceName":"wagon"},"trim":"Release Series 8.0"},{"id":101372499,"name":"Release Series 8.0 4dr Wagon (2.4L 4cyl 5M)","submodel":{"body":"Wagon","modelName":"xB Wagon","niceName":"wagon"},"trim":"Release Series 8.0"},{"id":101295556,"name":"4dr Wagon (2.4L 4cyl 5M)","submodel":{"body":"Wagon","modelName":"xB Wagon","niceName":"wagon"},"trim":"Base"},{"id":101295805,"name":"4dr Wagon (2.4L 4cyl 4A)","submodel":{"body":"Wagon","modelName":"xB Wagon","niceName":"wagon"},"trim":"Base"}]},{"id":100535870,"year":2012,"styles":[{"id":101412589,"name":"Release Series 9.0 4dr Wagon (2.4L 4cyl 5M)","submodel":{"body":"Wagon","modelName":"xB Wagon","niceName":"wagon"},"trim":"Release Series 9.0"},{"id":101412590,"name":"Release Series 9.0 4dr Wagon (2.4L 4cyl 4A)","submodel":{"body":"Wagon","modelName":"xB Wagon","niceName":"wagon"},"trim":"Release Series 9.0"},{"id":101394234,"name":"4dr Wagon (2.4L 4cyl 5M)","submodel":{"body":"Wagon","modelName":"xB Wagon","niceName":"wagon"},"trim":"Base"},{"id":101394235,"name":"4dr Wagon (2.4L 4cyl 4A)","submodel":{"body":"Wagon","modelName":"xB Wagon","niceName":"wagon"},"trim":"Base"}]},{"id":200461782,"year":2013,"styles":[{"id":200471246,"name":"Scion 10 Series 4dr Wagon (2.4L 4cyl 5M)","submodel":{"body":"Wagon","modelName":"xB Wagon","niceName":"wagon"},"trim":"Scion 10 Series"},{"id":200471245,"name":"Scion 10 Series 4dr Wagon (2.4L 4cyl 4A)","submodel":{"body":"Wagon","modelName":"xB Wagon","niceName":"wagon"},"trim":"Scion 10 Series"},{"id":200461784,"name":"4dr Wagon (2.4L 4cyl 5M)","submodel":{"body":"Wagon","modelName":"xB Wagon","niceName":"wagon"},"trim":"Base"},{"id":200461783,"name":"4dr Wagon (2.4L 4cyl 4A)","submodel":{"body":"Wagon","modelName":"xB Wagon","niceName":"wagon"},"trim":"Base"}]},{"id":200497115,"year":2014,"styles":[{"id":200497117,"name":"4dr Wagon (2.4L 4cyl 5M)","submodel":{"body":"Wagon","modelName":"xB Wagon","niceName":"wagon"},"trim":"Base"},{"id":200497116,"name":"4dr Wagon (2.4L 4cyl 4A)","submodel":{"body":"Wagon","modelName":"xB Wagon","niceName":"wagon"},"trim":"Base"},{"id":200695327,"name":"Release Series 10.0 4dr Wagon (2.4L 4cyl 4A)","submodel":{"body":"Wagon","modelName":"xB Wagon","niceName":"wagon"},"trim":"Release Series 10.0"}]},{"id":200722132,"year":2015,"styles":[{"id":401582492,"name":"686 Parklan Edition 4dr Wagon (2.4L 4cyl 4A)","submodel":{"body":"Wagon","modelName":"xB Wagon","niceName":"wagon"},"trim":"686 Parklan Edition"},{"id":200722134,"name":"4dr Wagon (2.4L 4cyl 4A)","submodel":{"body":"Wagon","modelName":"xB Wagon","niceName":"wagon"},"trim":"Base"},{"id":200722133,"name":"4dr Wagon (2.4L 4cyl 5M)","submodel":{"body":"Wagon","modelName":"xB Wagon","niceName":"wagon"},"trim":"Base"}]}]},{"id":"Scion_xD","name":"xD","niceName":"xd","years":[{"id":100522350,"year":2008,"styles":[{"id":100903479,"name":"4dr Hatchback (1.8L 4cyl 4A)","submodel":{"body":"Hatchback","modelName":"xD Hatchback","niceName":"hatchback"},"trim":"Base"},{"id":100903480,"name":"4dr Hatchback (1.8L 4cyl 5M)","submodel":{"body":"Hatchback","modelName":"xD Hatchback","niceName":"hatchback"},"trim":"Base"}]},{"id":100525791,"year":2009,"styles":[{"id":101039112,"name":"4dr Hatchback (1.8L 4cyl 4A)","submodel":{"body":"Hatchback","modelName":"xD Hatchback","niceName":"hatchback"},"trim":"Base"},{"id":101039113,"name":"4dr Hatchback (1.8L 4cyl 5M)","submodel":{"body":"Hatchback","modelName":"xD Hatchback","niceName":"hatchback"},"trim":"Base"}]},{"id":100528529,"year":2010,"styles":[{"id":101185137,"name":"4dr Hatchback (1.8L 4cyl 4A)","submodel":{"body":"Hatchback","modelName":"xD Hatchback","niceName":"hatchback"},"trim":"Base"},{"id":101185138,"name":"4dr Hatchback (1.8L 4cyl 5M)","submodel":{"body":"Hatchback","modelName":"xD Hatchback","niceName":"hatchback"},"trim":"Base"}]},{"id":100533529,"year":2011,"styles":[{"id":101365393,"name":"4dr Hatchback (1.8L 4cyl 4A)","submodel":{"body":"Hatchback","modelName":"xD Hatchback","niceName":"hatchback"},"trim":"Base"},{"id":101365394,"name":"Release Series 3.0 4dr Hatchback (1.8L 4cyl 5M)","submodel":{"body":"Hatchback","modelName":"xD Hatchback","niceName":"hatchback"},"trim":"Release Series 3.0"},{"id":101365395,"name":"Release Series 3.0 4dr Hatchback (1.8L 4cyl 4A)","submodel":{"body":"Hatchback","modelName":"xD Hatchback","niceName":"hatchback"},"trim":"Release Series 3.0"},{"id":101365382,"name":"4dr Hatchback (1.8L 4cyl 5M)","submodel":{"body":"Hatchback","modelName":"xD Hatchback","niceName":"hatchback"},"trim":"Base"}]},{"id":100538429,"year":2012,"styles":[{"id":101414937,"name":"Release Series 4.0 4dr Hatchback (1.8L 4cyl 4A)","submodel":{"body":"Hatchback","modelName":"xD Hatchback","niceName":"hatchback"},"trim":"Release Series 4.0"},{"id":101414934,"name":"4dr Hatchback (1.8L 4cyl 5M)","submodel":{"body":"Hatchback","modelName":"xD Hatchback","niceName":"hatchback"},"trim":"Base"},{"id":101414935,"name":"4dr Hatchback (1.8L 4cyl 4A)","submodel":{"body":"Hatchback","modelName":"xD Hatchback","niceName":"hatchback"},"trim":"Base"},{"id":101414936,"name":"Release Series 4.0 4dr Hatchback (1.8L 4cyl 5M)","submodel":{"body":"Hatchback","modelName":"xD Hatchback","niceName":"hatchback"},"trim":"Release Series 4.0"}]},{"id":200442985,"year":2013,"styles":[{"id":200442986,"name":"4dr Hatchback (1.8L 4cyl 4A)","submodel":{"body":"Hatchback","modelName":"xD Hatchback","niceName":"hatchback"},"trim":"Base"},{"id":200442987,"name":"4dr Hatchback (1.8L 4cyl 5M)","submodel":{"body":"Hatchback","modelName":"xD Hatchback","niceName":"hatchback"},"trim":"Base"},{"id":200471251,"name":"Scion 10 Series 4dr Hatchback (1.8L 4cyl 5M)","submodel":{"body":"Hatchback","modelName":"xD Hatchback","niceName":"hatchback"},"trim":"Scion 10 Series"},{"id":200471252,"name":"Scion 10 Series 4dr Hatchback (1.8L 4cyl 4A)","submodel":{"body":"Hatchback","modelName":"xD Hatchback","niceName":"hatchback"},"trim":"Scion 10 Series"}]},{"id":200486318,"year":2014,"styles":[{"id":200486363,"name":"4dr Hatchback (1.8L 4cyl 5M)","submodel":{"body":"Hatchback","modelName":"xD Hatchback","niceName":"hatchback"},"trim":"Base"},{"id":200486364,"name":"4dr Hatchback (1.8L 4cyl 4A)","submodel":{"body":"Hatchback","modelName":"xD Hatchback","niceName":"hatchback"},"trim":"Base"}]}]}],"modelsCount":8,"make":"Scion"}