{"models":[{"id":"smart_fortwo","name":"fortwo","niceName":"fortwo","years":[{"id":100519045,"year":2008,"styles":[{"id":100888153,"name":"passion 2dr Hatchback (1.0L 3cyl 5AM)","submodel":{"body":"Hatchback","modelName":"fortwo Hatchback","niceName":"hatchback"},"trim":"passion"},{"id":100888154,"name":"passion cabrio 2dr Convertible (1.0L 3cyl 5AM)","submodel":{"body":"Convertible","modelName":"fortwo Convertible","niceName":"convertible"},"trim":"passion cabrio"},{"id":100888152,"name":"pure 2dr Hatchback (1.0L 3cyl 5AM)","submodel":{"body":"Hatchback","modelName":"fortwo Hatchback","niceName":"hatchback"},"trim":"pure"}]},{"id":100526395,"year":2009,"styles":[{"id":101148589,"name":"BRABUS cabriolet 2dr Convertible (1.0L 3cyl 5AM)","submodel":{"body":"Convertible","modelName":"fortwo Convertible","niceName":"convertible"},"trim":"BRABUS cabriolet"},{"id":101148570,"name":"BRABUS coupe 2dr Hatchback (1.0L 3cyl 5AM)","submodel":{"body":"Hatchback","modelName":"fortwo Hatchback","niceName":"hatchback"},"trim":"BRABUS coupe"},{"id":101109984,"name":"passion cabriolet 2dr Convertible (1.0L 3cyl 5AM)","submodel":{"body":"Convertible","modelName":"fortwo Convertible","niceName":"convertible"},"trim":"passion cabriolet"},{"id":101109983,"name":"passion coupe 2dr Hatchback (1.0L 3cyl 5AM)","submodel":{"body":"Hatchback","modelName":"fortwo Hatchback","niceName":"hatchback"},"trim":"passion coupe"},{"id":101109982,"name":"pure 2dr Hatchback (1.0L 3cyl 5AM)","submodel":{"body":"Hatchback","modelName":"fortwo Hatchback","niceName":"hatchback"},"trim":"pure"}]},{"id":100530969,"year":2010,"styles":[{"id":101273313,"name":"passion coupe 2dr Hatchback (1.0L 3cyl 5AM)","submodel":{"body":"Hatchback","modelName":"fortwo Hatchback","niceName":"hatchback"},"trim":"passion coupe"},{"id":101273314,"name":"passion cabriolet 2dr Convertible (1.0L 3cyl 5AM)","submodel":{"body":"Convertible","modelName":"fortwo Convertible","niceName":"convertible"},"trim":"passion cabriolet"},{"id":101273315,"name":"BRABUS coupe 2dr Hatchback (1.0L 3cyl 5AM)","submodel":{"body":"Hatchback","modelName":"fortwo Hatchback","niceName":"hatchback"},"trim":"BRABUS coupe"},{"id":101273312,"name":"pure coupe 2dr Hatchback (1.0L 3cyl 5AM)","submodel":{"body":"Hatchback","modelName":"fortwo Hatchback","niceName":"hatchback"},"trim":"pure coupe"},{"id":101273316,"name":"BRABUS cabriolet 2dr Convertible (1.0L 3cyl 5AM)","submodel":{"body":"Convertible","modelName":"fortwo Convertible","niceName":"convertible"},"trim":"BRABUS cabriolet"}]},{"id":100533749,"year":2011,"styles":[{"id":101368925,"name":"passion cabriolet 2dr Convertible (1.0L 3cyl 5AM)","submodel":{"body":"Convertible","modelName":"fortwo Convertible","niceName":"convertible"},"trim":"passion cabriolet"},{"id":101368924,"name":"passion coupe 2dr Hatchback (1.0L 3cyl 5AM)","submodel":{"body":"Hatchback","modelName":"fortwo Hatchback","niceName":"hatchback"},"trim":"passion coupe"},{"id":101368853,"name":"pure coupe 2dr Hatchback (1.0L 3cyl 5AM)","submodel":{"body":"Hatchback","modelName":"fortwo Hatchback","niceName":"hatchback"},"trim":"pure coupe"}]},{"id":100532009,"year":2012,"styles":[{"id":101356411,"name":"passion coupe 2dr Hatchback (1.0L 3cyl 5AM)","submodel":{"body":"Hatchback","modelName":"fortwo Hatchback","niceName":"hatchback"},"trim":"passion coupe"},{"id":101419589,"name":"passion cabriolet 2dr Convertible (1.0L 3cyl 5AM)","submodel":{"body":"Convertible","modelName":"fortwo Convertible","niceName":"convertible"},"trim":"passion cabriolet"},{"id":101356410,"name":"pure coupe 2dr Hatchback (1.0L 3cyl 5AM)","submodel":{"body":"Hatchback","modelName":"fortwo Hatchback","niceName":"hatchback"},"trim":"pure coupe"}]},{"id":200418482,"year":2013,"styles":[{"id":200478248,"name":"electric drive cabriolet 2dr Convertible (electric DD)","submodel":{"body":"Convertible","fuel":"Electric","modelName":"fortwo Electric","niceName":"electric"},"trim":"electric drive cabriolet"},{"id":200418485,"name":"pure coupe 2dr Hatchback (1.0L 3cyl 5AM)","submodel":{"body":"Hatchback","modelName":"fortwo Hatchback","niceName":"hatchback"},"trim":"pure coupe"},{"id":200418484,"name":"passion coupe 2dr Hatchback (1.0L 3cyl 5AM)","submodel":{"body":"Hatchback","modelName":"fortwo Hatchback","niceName":"hatchback"},"trim":"passion coupe"},{"id":200459007,"name":"electric drive coupe 2dr Hatchback (electric DD)","submodel":{"body":"Hatchback","fuel":"Electric","modelName":"fortwo Electric","niceName":"electric"},"trim":"electric drive coupe"},{"id":200418483,"name":"passion cabriolet 2dr Convertible (1.0L 3cyl 5AM)","submodel":{"body":"Convertible","modelName":"fortwo Convertible","niceName":"convertible"},"trim":"passion cabriolet"}]},{"id":200497815,"year":2014,"styles":[{"id":200497816,"name":"electric drive coupe 2dr Hatchback (electric DD)","submodel":{"body":"Hatchback","fuel":"Electric","modelName":"fortwo Electric","niceName":"electric"},"trim":"electric drive coupe"},{"id":200497820,"name":"electric drive cabriolet 2dr Convertible (electric DD)","submodel":{"body":"Convertible","fuel":"Electric","modelName":"fortwo Electric","niceName":"electric"},"trim":"electric drive cabriolet"},{"id":200497819,"name":"passion coupe 2dr Hatchback (1.0L 3cyl 5AM)","submodel":{"body":"Hatchback","modelName":"fortwo Hatchback","niceName":"hatchback"},"trim":"passion coupe"},{"id":200497818,"name":"pure coupe 2dr Hatchback (1.0L 3cyl 5AM)","submodel":{"body":"Hatchback","modelName":"fortwo Hatchback","niceName":"hatchback"},"trim":"pure coupe"},{"id":200497817,"name":"passion cabriolet 2dr Convertible (1.0L 3cyl 5AM)","submodel":{"body":"Convertible","modelName":"fortwo Convertible","niceName":"convertible"},"trim":"passion cabriolet"}]},{"id":200704750,"year":2015,"styles":[{"id":200704763,"name":"electric drive coupe 2dr Hatchback (electric DD)","submodel":{"body":"Hatchback","fuel":"Electric","modelName":"fortwo Electric","niceName":"electric"},"trim":"electric drive coupe"},{"id":200704764,"name":"passion cabriolet 2dr Convertible (1.0L 3cyl 5AM)","submodel":{"body":"Convertible","modelName":"fortwo Convertible","niceName":"convertible"},"trim":"passion cabriolet"},{"id":200704762,"name":"electric drive cabriolet 2dr Convertible (electric DD)","submodel":{"body":"Convertible","fuel":"Electric","modelName":"fortwo Electric","niceName":"electric"},"trim":"electric drive cabriolet"},{"id":200704765,"name":"passion coupe 2dr Hatchback (1.0L 3cyl 5AM)","submodel":{"body":"Hatchback","modelName":"fortwo Hatchback","niceName":"hatchback"},"trim":"passion coupe"},{"id":200704766,"name":"pure coupe 2dr Hatchback (1.0L 3cyl 5AM)","submodel":{"body":"Hatchback","modelName":"fortwo Hatchback","niceName":"hatchback"},"trim":"pure coupe"}]},{"id":200705423,"year":2016,"styles":[{"id":200705425,"name":"pure coupe 2dr Hatchback (1.0L 3cyl Turbo 5M)","submodel":{"body":"Hatchback","modelName":"fortwo Hatchback","niceName":"hatchback"},"trim":"pure"},{"id":401612066,"name":"electric drive coupe 2dr Hatchback (electric DD)","submodel":{"body":"Hatchback","fuel":"Electric","modelName":"fortwo Electric","niceName":"electric"},"trim":"electric drive coupe"},{"id":401581301,"name":"passion coupe 2dr Hatchback (1.0L 3cyl Turbo 5M)","submodel":{"body":"Hatchback","modelName":"fortwo Hatchback","niceName":"hatchback"},"trim":"passion"},{"id":401581302,"name":"prime coupe 2dr Hatchback (1.0L 3cyl Turbo 5M)","submodel":{"body":"Hatchback","modelName":"fortwo Hatchback","niceName":"hatchback"},"trim":"prime"},{"id":401581303,"name":"proxy coupe 2dr Hatchback (1.0L 3cyl Turbo 5M)","submodel":{"body":"Hatchback","modelName":"fortwo Hatchback","niceName":"hatchback"},"trim":"proxy"}]}]}],"modelsCount":1,"make":"smart"}