{"models":[{"id":"Tesla_Model_3","name":"Model 3","niceName":"model-3","years":[{"id":401630289,"year":2018,"styles":[{"id":401630321,"name":"4dr Sedan (electric)","submodel":{"body":"Sedan","modelName":"Model 3 Sedan","niceName":"sedan"},"trim":"Base"}]}]},{"id":"Tesla_Model_S","name":"Model S","niceName":"model-s","years":[{"id":100525710,"year":2012,"styles":[{"id":101419120,"name":"Signature 4dr Sedan (electric DD)","submodel":{"body":"Sedan","modelName":"Model S Sedan","niceName":"sedan"},"trim":"Signature"},{"id":101419119,"name":"Performance 4dr Sedan (electric DD)","submodel":{"body":"Sedan","modelName":"Model S Sedan","niceName":"sedan"},"trim":"Performance"},{"id":101419116,"name":"4dr Sedan (electric DD)","submodel":{"body":"Sedan","modelName":"Model S Sedan","niceName":"sedan"},"trim":"Base"},{"id":101419121,"name":"Signature Performance 4dr Sedan (electric DD)","submodel":{"body":"Sedan","modelName":"Model S Sedan","niceName":"sedan"},"trim":"Signature Performance"}]},{"id":100536530,"year":2013,"styles":[{"id":101400294,"name":"4dr Sedan (electric DD)","submodel":{"body":"Sedan","modelName":"Model S Sedan","niceName":"sedan"},"trim":"Base"},{"id":200462755,"name":"Performance 4dr Sedan (electric DD)","submodel":{"body":"Sedan","modelName":"Model S Sedan","niceName":"sedan"},"trim":"Performance"}]},{"id":200690691,"year":2014,"styles":[{"id":200692320,"name":"85 4dr Sedan (electric DD)","submodel":{"body":"Sedan","modelName":"Model S Sedan","niceName":"sedan"},"trim":"85"},{"id":200691967,"name":"P85 4dr Sedan (electric DD)","submodel":{"body":"Sedan","modelName":"Model S Sedan","niceName":"sedan"},"trim":"P85"},{"id":200691966,"name":"60 4dr Sedan (electric DD)","submodel":{"body":"Sedan","modelName":"Model S Sedan","niceName":"sedan"},"trim":"60"},{"id":200725248,"name":"P85D 4dr Sedan AWD (electric DD)","submodel":{"body":"Sedan","modelName":"Model S Sedan","niceName":"sedan"},"trim":"P85D"}]},{"id":200725282,"year":2015,"styles":[{"id":200725283,"name":"85D 4dr Sedan AWD (electric DD)","submodel":{"body":"Sedan","modelName":"Model S Sedan","niceName":"sedan"},"trim":"85D"},{"id":200725284,"name":"60 4dr Sedan (electric DD)","submodel":{"body":"Sedan","modelName":"Model S Sedan","niceName":"sedan"},"trim":"60"},{"id":200725484,"name":"P85D 4dr Sedan AWD (electric DD)","submodel":{"body":"Sedan","modelName":"Model S Sedan","niceName":"sedan"},"trim":"P85D"},{"id":200725285,"name":"85 4dr Sedan (electric DD)","submodel":{"body":"Sedan","modelName":"Model S Sedan","niceName":"sedan"},"trim":"85"},{"id":200733228,"name":"70D 4dr Sedan AWD (electric DD)","submodel":{"body":"Sedan","modelName":"Model S Sedan","niceName":"sedan"},"trim":"70D"}]},{"id":401632873,"year":2016,"styles":[{"id":401632897,"name":"70D 4dr Sedan AWD (electric DD)","submodel":{"body":"Sedan","modelName":"Model S Sedan","niceName":"sedan"},"trim":"70D"},{"id":401632910,"name":"P90D 4dr Sedan AWD (electric DD)","submodel":{"body":"Sedan","modelName":"Model S Sedan","niceName":"sedan"},"trim":"P90D"},{"id":401632908,"name":"90D 4dr Sedan AWD (electric DD)","submodel":{"body":"Sedan","modelName":"Model S Sedan","niceName":"sedan"},"trim":"90D"},{"id":401632874,"name":"70 4dr Sedan (electric DD)","submodel":{"body":"Sedan","modelName":"Model S Sedan","niceName":"sedan"},"trim":"70"}]}]},{"id":"Tesla_Model_X","name":"Model X","niceName":"model-x","years":[{"id":200720386,"year":2016,"styles":[{"id":401638696,"name":"90D 4dr SUV AWD (electric DD)","submodel":{"body":"SUV","modelName":"Model X SUV","niceName":"suv"},"trim":"90D"},{"id":401638697,"name":"P90D 4dr SUV AWD (electric DD)","submodel":{"body":"SUV","modelName":"Model X SUV","niceName":"suv"},"trim":"P90D"},{"id":200674639,"name":"75D 4dr SUV AWD (electric DD)","submodel":{"body":"SUV","modelName":"Model X SUV","niceName":"suv"},"trim":"75D"}]}]},{"id":"Tesla_Roadster","name":"Roadster","niceName":"roadster","years":[{"id":100525149,"year":2008,"styles":[{"id":101002971,"name":"2dr Convertible (electric DD)","submodel":{"body":"Convertible","modelName":"Roadster Convertible","niceName":"convertible"},"trim":"Base"}]},{"id":100522466,"year":2010,"styles":[{"id":101001593,"name":"2dr Convertible (electric DD)","submodel":{"body":"Convertible","modelName":"Roadster Convertible","niceName":"convertible"},"trim":"Base"},{"id":101147356,"name":"Sport 2dr Convertible (electric DD)","submodel":{"body":"Convertible","tuner":"Sport","modelName":"Roadster Sport","niceName":"sport"},"trim":"Sport"}]},{"id":100532769,"year":2011,"styles":[{"id":101378035,"name":"Sport 2.5 2dr Convertible (electric DD)","submodel":{"body":"Convertible","tuner":"Sport 2.5","modelName":"Roadster Sport 2.5","niceName":"sport-25"},"trim":"Sport 2.5"},{"id":101348472,"name":"2.5 2dr Convertible (electric DD)","submodel":{"body":"Convertible","modelName":"Roadster Convertible","niceName":"convertible"},"trim":"2.5"}]}]}],"modelsCount":4,"make":"Tesla"}