{"models":[{"id":"Volvo_240","name":"240","niceName":"240","years":[{"id":1197,"year":1990,"styles":[{"id":6254,"name":"4dr Sedan","submodel":{"body":"Sedan","modelName":"240 Sedan","niceName":"sedan"},"trim":"Base"},{"id":6242,"name":"DL 4dr Sedan","submodel":{"body":"Sedan","modelName":"240 Sedan","niceName":"sedan"},"trim":"DL"},{"id":6257,"name":"4dr Wagon","submodel":{"body":"Wagon","modelName":"240 Wagon","niceName":"wagon"},"trim":"Base"},{"id":6243,"name":"DL 4dr Wagon","submodel":{"body":"Wagon","modelName":"240 Wagon","niceName":"wagon"},"trim":"DL"}]},{"id":1198,"year":1991,"styles":[{"id":6230,"name":"SE 4dr Wagon","submodel":{"body":"Wagon","modelName":"240 Wagon","niceName":"wagon"},"trim":"SE"},{"id":6238,"name":"4dr Wagon","submodel":{"body":"Wagon","modelName":"240 Wagon","niceName":"wagon"},"trim":"Base"},{"id":6234,"name":"4dr Sedan","submodel":{"body":"Sedan","modelName":"240 Sedan","niceName":"sedan"},"trim":"Base"}]},{"id":483,"year":1992,"styles":[{"id":6285,"name":"4dr Sedan","submodel":{"body":"Sedan","modelName":"240 Sedan","niceName":"sedan"},"trim":"Base"},{"id":6289,"name":"4dr Wagon","submodel":{"body":"Wagon","modelName":"240 Wagon","niceName":"wagon"},"trim":"Base"},{"id":6280,"name":"GL 4dr Sedan","submodel":{"body":"Sedan","modelName":"240 Sedan","niceName":"sedan"},"trim":"GL"}]},{"id":1199,"year":1993,"styles":[{"id":6272,"name":"4dr Sedan","submodel":{"body":"Sedan","modelName":"240 Sedan","niceName":"sedan"},"trim":"Base"},{"id":6276,"name":"4dr Wagon","submodel":{"body":"Wagon","modelName":"240 Wagon","niceName":"wagon"},"trim":"Base"}]}]},{"id":"Volvo_740","name":"740","niceName":"740","years":[{"id":1201,"year":1990,"styles":[{"id":6249,"name":"GLE 4dr Wagon","submodel":{"body":"Wagon","modelName":"740 Wagon","niceName":"wagon"},"trim":"GLE"},{"id":6253,"name":"4dr Sedan","submodel":{"body":"Sedan","modelName":"740 Sedan","niceName":"sedan"},"trim":"Base"},{"id":6255,"name":"Turbo 4dr Sedan","submodel":{"body":"Sedan","modelName":"740 Sedan","niceName":"sedan"},"trim":"Base"},{"id":6256,"name":"4dr Wagon","submodel":{"body":"Wagon","modelName":"740 Wagon","niceName":"wagon"},"trim":"Base"},{"id":6258,"name":"Turbo 4dr Wagon","submodel":{"body":"Wagon","modelName":"740 Wagon","niceName":"wagon"},"trim":"Base"},{"id":6244,"name":"GL 4dr Sedan","submodel":{"body":"Sedan","modelName":"740 Sedan","niceName":"sedan"},"trim":"GL"},{"id":6245,"name":"GL 4dr Wagon","submodel":{"body":"Wagon","modelName":"740 Wagon","niceName":"wagon"},"trim":"GL"},{"id":6247,"name":"GLE 4dr Sedan","submodel":{"body":"Sedan","modelName":"740 Sedan","niceName":"sedan"},"trim":"GLE"}]},{"id":484,"year":1991,"styles":[{"id":6231,"name":"SE Turbo 4dr Wagon","submodel":{"body":"Wagon","modelName":"740 Wagon","niceName":"wagon"},"trim":"SE"},{"id":6239,"name":"4dr Wagon","submodel":{"body":"Wagon","modelName":"740 Wagon","niceName":"wagon"},"trim":"Base"},{"id":6240,"name":"Turbo 4dr Wagon","submodel":{"body":"Wagon","modelName":"740 Wagon","niceName":"wagon"},"trim":"Base"},{"id":6235,"name":"4dr Sedan","submodel":{"body":"Sedan","modelName":"740 Sedan","niceName":"sedan"},"trim":"Base"},{"id":6236,"name":"Turbo 4dr Sedan","submodel":{"body":"Sedan","modelName":"740 Sedan","niceName":"sedan"},"trim":"Base"},{"id":6294,"name":"SE Turbo 4dr Sedan","submodel":{"body":"Sedan","modelName":"740 Sedan","niceName":"sedan"},"trim":"SE"}]},{"id":1202,"year":1992,"styles":[{"id":6284,"name":"4dr Sedan","submodel":{"body":"Sedan","modelName":"740 Sedan","niceName":"sedan"},"trim":"Base"},{"id":6282,"name":"GL 4dr Wagon","submodel":{"body":"Wagon","modelName":"740 Wagon","niceName":"wagon"},"trim":"GL"},{"id":6287,"name":"4dr Wagon","submodel":{"body":"Wagon","modelName":"740 Wagon","niceName":"wagon"},"trim":"Base"},{"id":6290,"name":"Turbo 4dr Wagon","submodel":{"body":"Wagon","modelName":"740 Wagon","niceName":"wagon"},"trim":"Base"}]}]},{"id":"Volvo_760","name":"760","niceName":"760","years":[{"id":485,"year":1990,"styles":[{"id":6250,"name":"GLE Turbo 4dr Wagon","submodel":{"body":"Wagon","modelName":"760 Wagon","niceName":"wagon"},"trim":"GLE"},{"id":6246,"name":"GLE 4dr Sedan","submodel":{"body":"Sedan","modelName":"760 Sedan","niceName":"sedan"},"trim":"GLE"},{"id":6248,"name":"GLE Turbo 4dr Sedan","submodel":{"body":"Sedan","modelName":"760 Sedan","niceName":"sedan"},"trim":"GLE"}]}]},{"id":"Volvo_780","name":"780","niceName":"780","years":[{"id":1205,"year":1990,"styles":[{"id":6251,"name":"2dr Coupe","submodel":{"body":"Coupe","modelName":"780 Coupe","niceName":"coupe"},"trim":"Base"},{"id":6252,"name":"Turbo 2dr Coupe","submodel":{"body":"Coupe","modelName":"780 Coupe","niceName":"coupe"},"trim":"Base"}]}]},{"id":"Volvo_850","name":"850","niceName":"850","years":[{"id":1206,"year":1993,"styles":[{"id":6268,"name":"GLT 4dr Sedan","submodel":{"body":"Sedan","modelName":"850 Sedan","niceName":"sedan"},"trim":"GLT"},{"id":6269,"name":"GLTS 4dr Sedan","submodel":{"body":"Sedan","modelName":"850 Sedan","niceName":"sedan"},"trim":"GLTS"}]},{"id":1207,"year":1994,"styles":[{"id":6266,"name":"Turbo 4dr Wagon","submodel":{"body":"Wagon","modelName":"850 Wagon","niceName":"wagon"},"trim":"Base"},{"id":7152,"name":"GLT 4dr Sedan","submodel":{"body":"Sedan","modelName":"850 Sedan","niceName":"sedan"},"trim":"GLT"},{"id":7153,"name":"GLTS 4dr Sedan","submodel":{"body":"Sedan","modelName":"850 Sedan","niceName":"sedan"},"trim":"GLTS"},{"id":7154,"name":"GLTS 4dr Wagon","submodel":{"body":"Wagon","modelName":"850 Wagon","niceName":"wagon"},"trim":"GLTS"},{"id":6263,"name":"Turbo 4dr Sedan","submodel":{"body":"Sedan","modelName":"850 Sedan","niceName":"sedan"},"trim":"Base"}]},{"id":1208,"year":1995,"styles":[{"id":7145,"name":"4dr Wagon","submodel":{"body":"Wagon","modelName":"850 Wagon","niceName":"wagon"},"trim":"Base"},{"id":7148,"name":"Turbo 4dr Wagon","submodel":{"body":"Wagon","modelName":"850 Wagon","niceName":"wagon"},"trim":"Base"},{"id":7150,"name":"T5R Turbo 4dr Sedan","submodel":{"body":"Sedan","tuner":"T5R","modelName":"850 T5R","niceName":"t5r"},"trim":"T5R"},{"id":7151,"name":"T5R Turbo 4dr Wagon","submodel":{"body":"Wagon","tuner":"T5R","modelName":"850 T5R","niceName":"t5r"},"trim":"T5R"},{"id":7138,"name":"GLT 4dr Sedan","submodel":{"body":"Sedan","modelName":"850 Sedan","niceName":"sedan"},"trim":"GLT"},{"id":7139,"name":"GLT 4dr Wagon","submodel":{"body":"Wagon","modelName":"850 Wagon","niceName":"wagon"},"trim":"GLT"},{"id":7142,"name":"4dr Sedan","submodel":{"body":"Sedan","modelName":"850 Sedan","niceName":"sedan"},"trim":"Base"},{"id":7144,"name":"Turbo 4dr Sedan","submodel":{"body":"Sedan","modelName":"850 Sedan","niceName":"sedan"},"trim":"Base"}]},{"id":1209,"year":1996,"styles":[{"id":7130,"name":"R Turbo 4dr Sedan","submodel":{"body":"Sedan","tuner":"R","modelName":"850 R","niceName":"r"},"trim":"R"},{"id":7129,"name":"Platinum Limited Edition Turbo 4dr Wagon","submodel":{"body":"Wagon","modelName":"850 Wagon","niceName":"wagon"},"trim":"Platinum Limited Edition"},{"id":7213,"name":"GLT 4dr Sedan","submodel":{"body":"Sedan","modelName":"850 Sedan","niceName":"sedan"},"trim":"GLT"},{"id":7132,"name":"4dr Sedan","submodel":{"body":"Sedan","modelName":"850 Sedan","niceName":"sedan"},"trim":"Base"},{"id":7131,"name":"R Turbo 4dr Wagon","submodel":{"body":"Wagon","tuner":"R","modelName":"850 R","niceName":"r"},"trim":"R"},{"id":7134,"name":"Turbo 4dr Sedan","submodel":{"body":"Sedan","modelName":"850 Sedan","niceName":"sedan"},"trim":"Base"},{"id":7136,"name":"4dr Wagon","submodel":{"body":"Wagon","modelName":"850 Wagon","niceName":"wagon"},"trim":"Base"},{"id":7137,"name":"Turbo 4dr Wagon","submodel":{"body":"Wagon","modelName":"850 Wagon","niceName":"wagon"},"trim":"Base"},{"id":7128,"name":"Platinum Limited Edition Turbo 4dr Sedan","submodel":{"body":"Sedan","modelName":"850 Sedan","niceName":"sedan"},"trim":"Platinum Limited Edition"},{"id":7127,"name":"GLT 4dr Wagon","submodel":{"body":"Wagon","modelName":"850 Wagon","niceName":"wagon"},"trim":"GLT"}]},{"id":1210,"year":1997,"styles":[{"id":545,"name":"T5 Turbo 4dr Wagon","submodel":{"body":"Wagon","modelName":"850 Wagon","niceName":"wagon"},"trim":"T5"},{"id":5696,"name":"T5 Turbo 4dr Sedan","submodel":{"body":"Sedan","modelName":"850 Sedan","niceName":"sedan"},"trim":"T5"},{"id":690,"name":"4dr Sedan","submodel":{"body":"Sedan","modelName":"850 Sedan","niceName":"sedan"},"trim":"Base"},{"id":542,"name":"GLT Turbo 4dr Wagon","submodel":{"body":"Wagon","modelName":"850 Wagon","niceName":"wagon"},"trim":"GLT"},{"id":540,"name":"GLT Turbo 4dr Sedan","submodel":{"body":"Sedan","modelName":"850 Sedan","niceName":"sedan"},"trim":"GLT"},{"id":693,"name":"4dr Wagon","submodel":{"body":"Wagon","modelName":"850 Wagon","niceName":"wagon"},"trim":"Base"},{"id":727,"name":"R Turbo 4dr Wagon","submodel":{"body":"Wagon","tuner":"R","modelName":"850 R","niceName":"r"},"trim":"R"},{"id":725,"name":"R Turbo 4dr Sedan","submodel":{"body":"Sedan","tuner":"R","modelName":"850 R","niceName":"r"},"trim":"R"}]}]},{"id":"Volvo_940","name":"940","niceName":"940","years":[{"id":1211,"year":1991,"styles":[{"id":6232,"name":"SE Turbo 4dr Wagon","submodel":{"body":"Wagon","modelName":"940 Wagon","niceName":"wagon"},"trim":"SE"},{"id":6229,"name":"SE Turbo 4dr Sedan","submodel":{"body":"Sedan","modelName":"940 Sedan","niceName":"sedan"},"trim":"SE"},{"id":6241,"name":"Turbo 4dr Wagon","submodel":{"body":"Wagon","modelName":"940 Wagon","niceName":"wagon"},"trim":"Base"},{"id":6292,"name":"GLE 4dr Sedan","submodel":{"body":"Sedan","modelName":"940 Sedan","niceName":"sedan"},"trim":"GLE"},{"id":6237,"name":"Turbo 4dr Sedan","submodel":{"body":"Sedan","modelName":"940 Sedan","niceName":"sedan"},"trim":"Base"},{"id":6293,"name":"GLE 4dr Wagon","submodel":{"body":"Wagon","modelName":"940 Wagon","niceName":"wagon"},"trim":"GLE"}]},{"id":486,"year":1992,"styles":[{"id":6281,"name":"GL 4dr Sedan","submodel":{"body":"Sedan","modelName":"940 Sedan","niceName":"sedan"},"trim":"GL"},{"id":6286,"name":"Turbo 4dr Sedan","submodel":{"body":"Sedan","modelName":"940 Sedan","niceName":"sedan"},"trim":"Base"},{"id":6291,"name":"Turbo 4dr Wagon","submodel":{"body":"Wagon","modelName":"940 Wagon","niceName":"wagon"},"trim":"Base"}]},{"id":1212,"year":1993,"styles":[{"id":6270,"name":"S 4dr Sedan","submodel":{"body":"Sedan","modelName":"940 Sedan","niceName":"sedan"},"trim":"S"},{"id":6271,"name":"S 4dr Wagon","submodel":{"body":"Wagon","modelName":"940 Wagon","niceName":"wagon"},"trim":"S"},{"id":6275,"name":"Turbo 4dr Sedan","submodel":{"body":"Sedan","modelName":"940 Sedan","niceName":"sedan"},"trim":"Base"},{"id":6273,"name":"4dr Sedan","submodel":{"body":"Sedan","modelName":"940 Sedan","niceName":"sedan"},"trim":"Base"},{"id":6279,"name":"Turbo 4dr Wagon","submodel":{"body":"Wagon","modelName":"940 Wagon","niceName":"wagon"},"trim":"Base"},{"id":6277,"name":"4dr Wagon","submodel":{"body":"Wagon","modelName":"940 Wagon","niceName":"wagon"},"trim":"Base"}]},{"id":1213,"year":1994,"styles":[{"id":6265,"name":"4dr Wagon","submodel":{"body":"Wagon","modelName":"940 Wagon","niceName":"wagon"},"trim":"Level I"},{"id":6267,"name":"Turbo 4dr Wagon","submodel":{"body":"Wagon","modelName":"940 Wagon","niceName":"wagon"},"trim":"Level II"},{"id":7157,"name":"4dr Sedan","submodel":{"body":"Sedan","modelName":"940 Sedan","niceName":"sedan"},"trim":"Level I"},{"id":6264,"name":"Turbo 4dr Sedan","submodel":{"body":"Sedan","modelName":"940 Sedan","niceName":"sedan"},"trim":"Level II"}]},{"id":487,"year":1995,"styles":[{"id":7147,"name":"4dr Wagon","submodel":{"body":"Wagon","modelName":"940 Wagon","niceName":"wagon"},"trim":"Base"},{"id":7149,"name":"Turbo 4dr Wagon","submodel":{"body":"Wagon","modelName":"940 Wagon","niceName":"wagon"},"trim":"Base"},{"id":7141,"name":"4dr Sedan","submodel":{"body":"Sedan","modelName":"940 Sedan","niceName":"sedan"},"trim":"Base"},{"id":7143,"name":"Turbo 4dr Sedan","submodel":{"body":"Sedan","modelName":"940 Sedan","niceName":"sedan"},"trim":"Base"}]}]},{"id":"Volvo_960","name":"960","niceName":"960","years":[{"id":1214,"year":1992,"styles":[{"id":6283,"name":"4dr Sedan","submodel":{"body":"Sedan","modelName":"960 Sedan","niceName":"sedan"},"trim":"Base"},{"id":6288,"name":"4dr Wagon","submodel":{"body":"Wagon","modelName":"960 Wagon","niceName":"wagon"},"trim":"Base"}]},{"id":1215,"year":1993,"styles":[{"id":6274,"name":"4dr Sedan","submodel":{"body":"Sedan","modelName":"960 Sedan","niceName":"sedan"},"trim":"Base"},{"id":6278,"name":"4dr Wagon","submodel":{"body":"Wagon","modelName":"960 Wagon","niceName":"wagon"},"trim":"Base"}]},{"id":488,"year":1994,"styles":[{"id":7155,"name":"Level II 4dr Sedan","submodel":{"body":"Sedan","modelName":"960 Sedan","niceName":"sedan"},"trim":"Level II"},{"id":7156,"name":"Level II 4dr Wagon","submodel":{"body":"Wagon","modelName":"960 Wagon","niceName":"wagon"},"trim":"Level II"},{"id":6262,"name":"4dr Sedan","submodel":{"body":"Sedan","modelName":"960 Sedan","niceName":"sedan"},"trim":"Level I"}]},{"id":1216,"year":1995,"styles":[{"id":7146,"name":"4dr Wagon","submodel":{"body":"Wagon","modelName":"960 Wagon","niceName":"wagon"},"trim":"Base"},{"id":7140,"name":"4dr Sedan","submodel":{"body":"Sedan","modelName":"960 Sedan","niceName":"sedan"},"trim":"Base"}]},{"id":1217,"year":1996,"styles":[{"id":7133,"name":"4dr Sedan","submodel":{"body":"Sedan","modelName":"960 Sedan","niceName":"sedan"},"trim":"Base"},{"id":7135,"name":"4dr Wagon","submodel":{"body":"Wagon","modelName":"960 Wagon","niceName":"wagon"},"trim":"Base"}]},{"id":489,"year":1997,"styles":[{"id":7210,"name":"4dr Wagon","submodel":{"body":"Wagon","modelName":"960 Wagon","niceName":"wagon"},"trim":"Base"},{"id":7206,"name":"4dr Sedan","submodel":{"body":"Sedan","modelName":"960 Sedan","niceName":"sedan"},"trim":"Base"}]}]},{"id":"Volvo_C30","name":"C30","niceName":"c30","years":[{"id":100504123,"year":2008,"styles":[{"id":100996840,"name":"T5 Version 2.0 R-Design 2dr Hatchback (2.5L 5cyl Turbo 6M)","submodel":{"body":"Hatchback","modelName":"C30 Hatchback","niceName":"hatchback"},"trim":"T5 Version 2.0 R-Design"},{"id":100872237,"name":"T5 Version 1.0 2dr Hatchback (2.5L 5cyl Turbo 6M)","submodel":{"body":"Hatchback","modelName":"C30 Hatchback","niceName":"hatchback"},"trim":"T5 Version 1.0"},{"id":100872238,"name":"T5 Version 2.0 2dr Hatchback (2.5L 5cyl Turbo 6M)","submodel":{"body":"Hatchback","modelName":"C30 Hatchback","niceName":"hatchback"},"trim":"T5 Version 2.0"}]},{"id":100525877,"year":2009,"styles":[{"id":101068821,"name":"T5 2dr Hatchback (2.5L 5cyl Turbo 6M)","submodel":{"body":"Hatchback","modelName":"C30 Hatchback","niceName":"hatchback"},"trim":"T5"},{"id":101068822,"name":"T5 R-Design 2dr Hatchback (2.5L 5cyl Turbo 6M)","submodel":{"body":"Hatchback","modelName":"C30 Hatchback","niceName":"hatchback"},"trim":"T5 R-Design"}]},{"id":100528333,"year":2010,"styles":[{"id":101178458,"name":"R-Design 2dr Hatchback (2.5L 5cyl Turbo 6M)","submodel":{"body":"Hatchback","modelName":"C30 Hatchback","niceName":"hatchback"},"trim":"R-Design"},{"id":101178457,"name":"T5 2dr Hatchback (2.5L 5cyl Turbo 6M)","submodel":{"body":"Hatchback","modelName":"C30 Hatchback","niceName":"hatchback"},"trim":"T5"}]},{"id":100530273,"year":2011,"styles":[{"id":101268908,"name":"R-Design 2dr Hatchback (2.5L 5cyl Turbo 6M)","submodel":{"body":"Hatchback","modelName":"C30 Hatchback","niceName":"hatchback"},"trim":"R-Design"},{"id":101249127,"name":"T5 2dr Hatchback (2.5L 5cyl Turbo 6M)","submodel":{"body":"Hatchback","modelName":"C30 Hatchback","niceName":"hatchback"},"trim":"T5"}]},{"id":100536370,"year":2012,"styles":[{"id":101399730,"name":"T5 R-Design 2dr Hatchback (2.5L 5cyl Turbo 6M)","submodel":{"body":"Hatchback","modelName":"C30 Hatchback","niceName":"hatchback"},"trim":"T5 R-Design"},{"id":101399729,"name":"T5 2dr Hatchback (2.5L 5cyl Turbo 6M)","submodel":{"body":"Hatchback","modelName":"C30 Hatchback","niceName":"hatchback"},"trim":"T5"}]},{"id":200425618,"year":2013,"styles":[{"id":200425621,"name":"T5 R-Design 2dr Hatchback (2.5L 5cyl Turbo 6M)","submodel":{"body":"Hatchback","modelName":"C30 Hatchback","niceName":"hatchback"},"trim":"T5 R-Design"},{"id":200425620,"name":"T5 2dr Hatchback (2.5L 5cyl Turbo 6M)","submodel":{"body":"Hatchback","modelName":"C30 Hatchback","niceName":"hatchback"},"trim":"T5"}]}]},{"id":"Volvo_C70","name":"C70","niceName":"c70","years":[{"id":1218,"year":1998,"styles":[{"id":13096,"name":"LT Turbo 2dr Convertible","submodel":{"body":"Convertible","modelName":"C70 Convertible","niceName":"convertible"},"trim":"LT"},{"id":14249,"name":"2dr Coupe","submodel":{"body":"Coupe","modelName":"C70 Coupe","niceName":"coupe"},"trim":"HT"}]},{"id":1009,"year":1999,"styles":[{"id":14178,"name":"LT Turbo 2dr Convertible","submodel":{"body":"Convertible","modelName":"C70 Convertible","niceName":"convertible"},"trim":"LT"},{"id":12413,"name":"LT 2dr Coupe","submodel":{"body":"Coupe","modelName":"C70 Coupe","niceName":"coupe"},"trim":"LT"},{"id":12417,"name":"HT Turbo 2dr Coupe","submodel":{"body":"Coupe","modelName":"C70 Coupe","niceName":"coupe"},"trim":"HT"}]},{"id":99,"year":2000,"styles":[{"id":8900,"name":"HT Turbo 2dr Coupe","submodel":{"body":"Coupe","modelName":"C70 Coupe","niceName":"coupe"},"trim":"HT"},{"id":8899,"name":"LT 2dr Coupe","submodel":{"body":"Coupe","modelName":"C70 Coupe","niceName":"coupe"},"trim":"LT"},{"id":8902,"name":"HT Turbo 2dr Convertible","submodel":{"body":"Convertible","modelName":"C70 Convertible","niceName":"convertible"},"trim":"HT"},{"id":8901,"name":"LT Turbo 2dr Convertible","submodel":{"body":"Convertible","modelName":"C70 Convertible","niceName":"convertible"},"trim":"LT"}]},{"id":100000260,"year":2001,"styles":[{"id":100001988,"name":"HT 2dr Coupe (2.3L 5cyl Turbo 5M)","submodel":{"body":"Coupe","modelName":"C70 Coupe","niceName":"coupe"},"trim":"HT"},{"id":100001989,"name":"HT 2dr Convertible (2.3L 5cyl Turbo 5M)","submodel":{"body":"Convertible","modelName":"C70 Convertible","niceName":"convertible"},"trim":"HT"},{"id":100002196,"name":"SE HT 2dr Coupe (2.3L 5cyl Turbo 5M)","submodel":{"body":"Coupe","modelName":"C70 Coupe","niceName":"coupe"},"trim":"SE HT"},{"id":100001990,"name":"LT 2dr Convertible (2.4L 5cyl Turbo 5A)","submodel":{"body":"Convertible","modelName":"C70 Convertible","niceName":"convertible"},"trim":"LT"}]},{"id":100000467,"year":2002,"styles":[{"id":100003705,"name":"LT 2dr Convertible (2.4L 5cyl Turbo 5A)","submodel":{"body":"Convertible","modelName":"C70 Convertible","niceName":"convertible"},"trim":"LT"},{"id":100003704,"name":"HT 2dr Coupe (2.3L 5cyl Turbo 5M)","submodel":{"body":"Coupe","modelName":"C70 Coupe","niceName":"coupe"},"trim":"HT"},{"id":100003703,"name":"HT 2dr Convertible (2.3L 5cyl Turbo 5M)","submodel":{"body":"Convertible","modelName":"C70 Convertible","niceName":"convertible"},"trim":"HT"}]},{"id":100502919,"year":2003,"styles":[{"id":100194286,"name":"LT 2dr Convertible (2.4L 5cyl Turbo 5A)","submodel":{"body":"Convertible","modelName":"C70 Convertible","niceName":"convertible"},"trim":"LT"},{"id":100194287,"name":"HT 2dr Convertible (2.3L 5cyl Turbo 5M)","submodel":{"body":"Convertible","modelName":"C70 Convertible","niceName":"convertible"},"trim":"HT"}]},{"id":100503229,"year":2004,"styles":[{"id":100278283,"name":"HPT 2dr Convertible (2.3L 5cyl Turbo 5M)","submodel":{"body":"Convertible","modelName":"C70 Convertible","niceName":"convertible"},"trim":"HPT"},{"id":100278282,"name":"LPT 2dr Convertible (2.4L 5cyl Turbo 5A)","submodel":{"body":"Convertible","modelName":"C70 Convertible","niceName":"convertible"},"trim":"LPT"}]},{"id":100507141,"year":2006,"styles":[{"id":100669343,"name":"T5 2dr Convertible (2.5L 5cyl Turbo 6M)","submodel":{"body":"Convertible","modelName":"C70 Convertible","niceName":"convertible"},"trim":"T5"}]},{"id":100506191,"year":2007,"styles":[{"id":100769486,"name":"T5 2dr Convertible (2.5L 5cyl Turbo 6M)","submodel":{"body":"Convertible","modelName":"C70 Convertible","niceName":"convertible"},"trim":"T5"}]},{"id":100523493,"year":2008,"styles":[{"id":100890946,"name":"T5 2dr Convertible (2.5L 5cyl Turbo 6M)","submodel":{"body":"Convertible","modelName":"C70 Convertible","niceName":"convertible"},"trim":"T5"}]},{"id":100525878,"year":2009,"styles":[{"id":101068666,"name":"T5 2dr Convertible (2.5L 5cyl Turbo 6M)","submodel":{"body":"Convertible","modelName":"C70 Convertible","niceName":"convertible"},"trim":"T5"}]},{"id":100528549,"year":2010,"styles":[{"id":101180087,"name":"T5 2dr Convertible (2.5L 5cyl Turbo 6M)","submodel":{"body":"Convertible","modelName":"C70 Convertible","niceName":"convertible"},"trim":"T5"}]},{"id":100530274,"year":2011,"styles":[{"id":101249106,"name":"T5 2dr Convertible (2.5L 5cyl Turbo 5A)","submodel":{"body":"Convertible","modelName":"C70 Convertible","niceName":"convertible"},"trim":"T5"}]},{"id":100536371,"year":2012,"styles":[{"id":101399761,"name":"T5 2dr Convertible (2.5L 5cyl Turbo 5A)","submodel":{"body":"Convertible","modelName":"C70 Convertible","niceName":"convertible"},"trim":"T5"}]},{"id":200426019,"year":2013,"styles":[{"id":200426020,"name":"T5 2dr Convertible (2.5L 5cyl Turbo 5A)","submodel":{"body":"Convertible","modelName":"C70 Convertible","niceName":"convertible"},"trim":"T5"}]}]},{"id":"Volvo_Coupe","name":"Coupe","niceName":"coupe","years":[{"id":1219,"year":1991,"styles":[{"id":6233,"name":"Turbo 2dr Coupe","submodel":{"body":"Coupe","modelName":"Coupe","niceName":"coupe"},"trim":"Base"}]}]},{"id":"Volvo_S40","name":"S40","niceName":"s40","years":[{"id":102,"year":2000,"styles":[{"id":10598,"name":"Turbo 4dr Sedan","submodel":{"body":"Sedan","modelName":"S40 Sedan","niceName":"sedan"},"trim":"Base"}]},{"id":100000261,"year":2001,"styles":[{"id":100001991,"name":"4dr Sedan (1.9L 4cyl Turbo 5A)","submodel":{"body":"Sedan","modelName":"S40 Sedan","niceName":"sedan"},"trim":"Base"},{"id":100001992,"name":"SE 4dr Sedan (1.9L 4cyl Turbo 5A)","submodel":{"body":"Sedan","modelName":"S40 Sedan","niceName":"sedan"},"trim":"SE"}]},{"id":100000468,"year":2002,"styles":[{"id":100003707,"name":"4dr Sedan (1.9L 4cyl Turbo 5A)","submodel":{"body":"Sedan","modelName":"S40 Sedan","niceName":"sedan"},"trim":"Base"}]},{"id":100502920,"year":2003,"styles":[{"id":100178546,"name":"4dr Sedan (1.9L 4cyl Turbo 5A)","submodel":{"body":"Sedan","modelName":"S40 Sedan","niceName":"sedan"},"trim":"Base"}]},{"id":100502996,"year":2004,"styles":[{"id":100389713,"name":"T5 4dr Sedan (2.5L 5cyl Turbo 5A)","submodel":{"body":"Sedan","modelName":"S40 Sedan","niceName":"sedan"},"trim":"T5"},{"id":100276530,"name":"LSE 4dr Sedan (1.9L 4cyl Turbo 5A)","submodel":{"body":"Sedan","modelName":"S40 Sedan","niceName":"sedan"},"trim":"LSE"},{"id":100276529,"name":"4dr Sedan (1.9L 4cyl Turbo 5A)","submodel":{"body":"Sedan","modelName":"S40 Sedan","niceName":"sedan"},"trim":"Base"},{"id":100389712,"name":"2.4i 4dr Sedan (2.4L 5cyl 5A)","submodel":{"body":"Sedan","modelName":"S40 Sedan","niceName":"sedan"},"trim":"2.4i"}]},{"id":100503247,"year":2005,"styles":[{"id":100404427,"name":"T5 AWD 4dr Sedan (2.5L 5cyl Turbo 6M)","submodel":{"body":"Sedan","modelName":"S40 Sedan","niceName":"sedan"},"trim":"T5"},{"id":100403689,"name":"2.4i Fwd 4dr Sedan (2.4L 5cyl 5M)","submodel":{"body":"Sedan","modelName":"S40 Sedan","niceName":"sedan"},"trim":"2.4i"},{"id":100404426,"name":"T5 Fwd 4dr Sedan (2.5L 5cyl Turbo 6M)","submodel":{"body":"Sedan","modelName":"S40 Sedan","niceName":"sedan"},"trim":"T5"}]},{"id":100506125,"year":2006,"styles":[{"id":100552436,"name":"T5 4dr Sedan AWD (2.5L 5cyl Turbo 6M)","submodel":{"body":"Sedan","modelName":"S40 Sedan","niceName":"sedan"},"trim":"T5"},{"id":100552437,"name":"T5 4dr Sedan (2.5L 5cyl Turbo 6M)","submodel":{"body":"Sedan","modelName":"S40 Sedan","niceName":"sedan"},"trim":"T5"},{"id":100552438,"name":"2.4i 4dr Sedan (2.4L 5cyl 5M)","submodel":{"body":"Sedan","modelName":"S40 Sedan","niceName":"sedan"},"trim":"2.4i"}]},{"id":100519084,"year":2007,"styles":[{"id":100769622,"name":"T5 4dr Sedan (2.5L 5cyl Turbo 5A)","submodel":{"body":"Sedan","modelName":"S40 Sedan","niceName":"sedan"},"trim":"T5"},{"id":100769621,"name":"T5 4dr Sedan AWD (2.5L 5cyl Turbo 6M)","submodel":{"body":"Sedan","modelName":"S40 Sedan","niceName":"sedan"},"trim":"T5"},{"id":100769620,"name":"2.4i 4dr Sedan (2.4L 5cyl 5M)","submodel":{"body":"Sedan","modelName":"S40 Sedan","niceName":"sedan"},"trim":"2.4i"}]},{"id":100523509,"year":2008,"styles":[{"id":100891413,"name":"T5 4dr Sedan AWD (2.5L 5cyl Turbo 5A)","submodel":{"body":"Sedan","modelName":"S40 Sedan","niceName":"sedan"},"trim":"T5"},{"id":100891412,"name":"T5 4dr Sedan (2.5L 5cyl Turbo 5A)","submodel":{"body":"Sedan","modelName":"S40 Sedan","niceName":"sedan"},"trim":"T5"},{"id":100891411,"name":"2.4i 4dr Sedan (2.4L 5cyl 5M)","submodel":{"body":"Sedan","modelName":"S40 Sedan","niceName":"sedan"},"trim":"2.4i"}]},{"id":100525779,"year":2009,"styles":[{"id":101038603,"name":"T5 R-Design 4dr Sedan AWD (2.5L 5cyl Turbo 5A)","submodel":{"body":"Sedan","modelName":"S40 Sedan","niceName":"sedan"},"trim":"T5 R-Design"},{"id":101038601,"name":"2.4i 4dr Sedan (2.4L 5cyl 5A)","submodel":{"body":"Sedan","modelName":"S40 Sedan","niceName":"sedan"},"trim":"2.4i"},{"id":101038602,"name":"T5 R-Design 4dr Sedan (2.5L 5cyl Turbo 5A)","submodel":{"body":"Sedan","modelName":"S40 Sedan","niceName":"sedan"},"trim":"T5 R-Design"}]},{"id":100528329,"year":2010,"styles":[{"id":101174773,"name":"2.4i 4dr Sedan (2.4L 5cyl 5M)","submodel":{"body":"Sedan","modelName":"S40 Sedan","niceName":"sedan"},"trim":"2.4i"},{"id":101174774,"name":"T5 R-Design 4dr Sedan (2.5L 5cyl Turbo 5A)","submodel":{"body":"Sedan","modelName":"S40 Sedan","niceName":"sedan"},"trim":"T5 R-Design"},{"id":101174775,"name":"T5 R-Design 4dr Sedan AWD (2.5L 5cyl Turbo 6M)","submodel":{"body":"Sedan","modelName":"S40 Sedan","niceName":"sedan"},"trim":"T5 R-Design"}]},{"id":100533251,"year":2011,"styles":[{"id":101357465,"name":"T5 4dr Sedan (2.5L 5cyl Turbo 5A)","submodel":{"body":"Sedan","modelName":"S40 Sedan","niceName":"sedan"},"trim":"T5"},{"id":101357466,"name":"T5 R-Design 4dr Sedan (2.5L 5cyl Turbo 5A)","submodel":{"body":"Sedan","modelName":"S40 Sedan","niceName":"sedan"},"trim":"T5 R-Design"}]}]},{"id":"Volvo_S60","name":"S60","niceName":"s60","years":[{"id":100000262,"year":2001,"styles":[{"id":100001993,"name":"2.4 4dr Sedan (2.4L 5cyl 5M)","submodel":{"body":"Sedan","modelName":"S60 Sedan","niceName":"sedan"},"trim":"2.4"},{"id":100001994,"name":"2.4T 4dr Sedan (2.4L 5cyl Turbo 5A)","submodel":{"body":"Sedan","modelName":"S60 Sedan","niceName":"sedan"},"trim":"2.4T"},{"id":100001995,"name":"T5 4dr Sedan (2.3L 5cyl Turbo 5M)","submodel":{"body":"Sedan","modelName":"S60 Sedan","niceName":"sedan"},"trim":"T5"}]},{"id":100000469,"year":2002,"styles":[{"id":100003710,"name":"2.4T Fwd 4dr Sedan (2.4L 5cyl Turbo 5A)","submodel":{"body":"Sedan","modelName":"S60 Sedan","niceName":"sedan"},"trim":"2.4T"},{"id":100003709,"name":"2.4 Fwd 4dr Sedan (2.4L 5cyl 5M)","submodel":{"body":"Sedan","modelName":"S60 Sedan","niceName":"sedan"},"trim":"2.4"},{"id":100003769,"name":"2.4T AWD 4dr Sedan (2.4L 5cyl Turbo 5A)","submodel":{"body":"Sedan","modelName":"S60 Sedan","niceName":"sedan"},"trim":"2.4T"},{"id":100003711,"name":"T5 Fwd 4dr Sedan (2.3L 5cyl Turbo 5M)","submodel":{"body":"Sedan","modelName":"S60 Sedan","niceName":"sedan"},"trim":"T5"}]},{"id":100502921,"year":2003,"styles":[{"id":100194324,"name":"2.5T AWD 4dr Sedan (2.5L 5cyl Turbo 5A)","submodel":{"body":"Sedan","modelName":"S60 Sedan","niceName":"sedan"},"trim":"2.5T"},{"id":100194323,"name":"T5 Fwd 4dr Sedan (2.3L 5cyl Turbo 5M)","submodel":{"body":"Sedan","modelName":"S60 Sedan","niceName":"sedan"},"trim":"T5"},{"id":100194322,"name":"2.4T Fwd 4dr Sedan (2.4L 5cyl Turbo 5A)","submodel":{"body":"Sedan","modelName":"S60 Sedan","niceName":"sedan"},"trim":"2.4T"},{"id":100194321,"name":"2.4 Fwd 4dr Sedan (2.4L 5cyl 5M)","submodel":{"body":"Sedan","modelName":"S60 Sedan","niceName":"sedan"},"trim":"2.4"}]},{"id":100502955,"year":2004,"styles":[{"id":100278288,"name":"R 4dr Sedan AWD (2.5L 5cyl Turbo 6M)","submodel":{"body":"Sedan","tuner":"R","modelName":"S60 R","niceName":"r"},"trim":"R"},{"id":100278056,"name":"2.4 Fwd 4dr Sedan (2.4L 5cyl 5M)","submodel":{"body":"Sedan","modelName":"S60 Sedan","niceName":"sedan"},"trim":"2.4"},{"id":100278068,"name":"2.5T AWD 4dr Sedan (2.5L 5cyl Turbo 5A)","submodel":{"body":"Sedan","modelName":"S60 Sedan","niceName":"sedan"},"trim":"2.5T"},{"id":100278067,"name":"T5 Fwd 4dr Sedan (2.3L 5cyl Turbo 5M)","submodel":{"body":"Sedan","modelName":"S60 Sedan","niceName":"sedan"},"trim":"T5"},{"id":100278059,"name":"2.5T Fwd 4dr Sedan (2.5L 5cyl Turbo 5A)","submodel":{"body":"Sedan","modelName":"S60 Sedan","niceName":"sedan"},"trim":"2.5T"}]},{"id":100505028,"year":2005,"styles":[{"id":100457168,"name":"2.4 Fwd 4dr Sedan (2.4L 5cyl 5M)","submodel":{"body":"Sedan","modelName":"S60 Sedan","niceName":"sedan"},"trim":"2.4"},{"id":100457173,"name":"R 4dr Sedan (2.5L 5cyl Turbo 6M)","submodel":{"body":"Sedan","tuner":"R","modelName":"S60 R","niceName":"r"},"trim":"R"},{"id":100457171,"name":"T5 Fwd 4dr Sedan (2.4L 5cyl Turbo 6M)","submodel":{"body":"Sedan","modelName":"S60 Sedan","niceName":"sedan"},"trim":"T5"},{"id":100457169,"name":"2.5T Fwd 4dr Sedan (2.5L 5cyl Turbo 5A)","submodel":{"body":"Sedan","modelName":"S60 Sedan","niceName":"sedan"},"trim":"2.5T"},{"id":100457170,"name":"2.5T AWD 4dr Sedan (2.5L 5cyl Turbo 5A)","submodel":{"body":"Sedan","modelName":"S60 Sedan","niceName":"sedan"},"trim":"2.5T"}]},{"id":100506126,"year":2006,"styles":[{"id":100552525,"name":"R 4dr Sedan AWD (2.5L 5cyl Turbo 6M)","submodel":{"body":"Sedan","tuner":"R","modelName":"S60 R","niceName":"r"},"trim":"R"},{"id":100707461,"name":"T5 Special Edition 4dr Sedan (2.4L 5cyl Turbo 5A)","submodel":{"body":"Sedan","modelName":"S60 Sedan","niceName":"sedan"},"trim":"T5 Special Edition"},{"id":100552479,"name":"2.5T 4dr Sedan AWD (2.5L 5cyl Turbo 5A)","submodel":{"body":"Sedan","modelName":"S60 Sedan","niceName":"sedan"},"trim":"2.5T"},{"id":100552480,"name":"2.5T 4dr Sedan (2.5L 5cyl Turbo 5A)","submodel":{"body":"Sedan","modelName":"S60 Sedan","niceName":"sedan"},"trim":"2.5T"},{"id":100552478,"name":"T5 4dr Sedan (2.4L 5cyl Turbo 6M)","submodel":{"body":"Sedan","modelName":"S60 Sedan","niceName":"sedan"},"trim":"T5"}]},{"id":100506571,"year":2007,"styles":[{"id":100770005,"name":"R 4dr Sedan AWD (2.5L 5cyl Turbo 6M)","submodel":{"body":"Sedan","tuner":"R","modelName":"S60 R","niceName":"r"},"trim":"R"},{"id":100769961,"name":"2.5T 4dr Sedan (2.5L 5cyl Turbo 5A)","submodel":{"body":"Sedan","modelName":"S60 Sedan","niceName":"sedan"},"trim":"2.5T"},{"id":100770155,"name":"2.5T 4dr Sedan AWD (2.5L 5cyl Turbo 5A)","submodel":{"body":"Sedan","modelName":"S60 Sedan","niceName":"sedan"},"trim":"2.5T"},{"id":100770156,"name":"T5 4dr Sedan (2.4L 5cyl Turbo 6M)","submodel":{"body":"Sedan","modelName":"S60 Sedan","niceName":"sedan"},"trim":"T5"}]},{"id":100523559,"year":2008,"styles":[{"id":100894398,"name":"T5 4dr Sedan (2.4L 5cyl Turbo 5A)","submodel":{"body":"Sedan","modelName":"S60 Sedan","niceName":"sedan"},"trim":"T5"},{"id":100894397,"name":"2.5T 4dr Sedan AWD (2.5L 5cyl Turbo 5A)","submodel":{"body":"Sedan","modelName":"S60 Sedan","niceName":"sedan"},"trim":"2.5T"},{"id":100894396,"name":"2.5T 4dr Sedan (2.5L 5cyl Turbo 5A)","submodel":{"body":"Sedan","modelName":"S60 Sedan","niceName":"sedan"},"trim":"2.5T"}]},{"id":100525781,"year":2009,"styles":[{"id":101200683,"name":"2.5T SE 4dr Sedan AWD (2.5L 5cyl Turbo 5A)","submodel":{"body":"Sedan","modelName":"S60 Sedan","niceName":"sedan"},"trim":"2.5T SE"},{"id":101062409,"name":"T5 4dr Sedan (2.4L 5cyl Turbo 5A)","submodel":{"body":"Sedan","modelName":"S60 Sedan","niceName":"sedan"},"trim":"T5"},{"id":101200682,"name":"2.5T SE 4dr Sedan (2.5L 5cyl Turbo 5A)","submodel":{"body":"Sedan","modelName":"S60 Sedan","niceName":"sedan"},"trim":"2.5T SE"},{"id":101062408,"name":"2.5T 4dr Sedan AWD (2.5L 5cyl Turbo 5A)","submodel":{"body":"Sedan","modelName":"S60 Sedan","niceName":"sedan"},"trim":"2.5T"},{"id":101062407,"name":"2.5T 4dr Sedan (2.5L 5cyl Turbo 5A)","submodel":{"body":"Sedan","modelName":"S60 Sedan","niceName":"sedan"},"trim":"2.5T"}]},{"id":100526929,"year":2011,"styles":[{"id":101213356,"name":"T6 4dr Sedan AWD (3.0L 6cyl Turbo 6A)","submodel":{"body":"Sedan","modelName":"S60 Sedan","niceName":"sedan"},"trim":"T6"}]},{"id":100533729,"year":2012,"styles":[{"id":101386729,"name":"T6 R-Design 4dr Sedan AWD (3.0L 6cyl Turbo 6A)","submodel":{"body":"Sedan","tuner":"T6 R-Design","modelName":"S60 T6 R-Design","niceName":"t6-r-design"},"trim":"T6 R-Design"},{"id":101368762,"name":"T5 4dr Sedan (2.5L 5cyl Turbo 6A)","submodel":{"body":"Sedan","modelName":"S60 Sedan","niceName":"sedan"},"trim":"T5"},{"id":101374749,"name":"T6 4dr Sedan AWD (3.0L 6cyl Turbo 6A)","submodel":{"body":"Sedan","modelName":"S60 Sedan","niceName":"sedan"},"trim":"T6"}]},{"id":200425877,"year":2013,"styles":[{"id":200425878,"name":"T5 4dr Sedan (2.5L 5cyl Turbo 6A)","submodel":{"body":"Sedan","modelName":"S60 Sedan","niceName":"sedan"},"trim":"T5"},{"id":200425880,"name":"T6 R-Design 4dr Sedan AWD (3.0L 6cyl Turbo 6A)","submodel":{"body":"Sedan","tuner":"T6 R-Design","modelName":"S60 T6 R-Design","niceName":"t6-r-design"},"trim":"T6 R-Design"},{"id":200425879,"name":"T6 4dr Sedan AWD (3.0L 6cyl Turbo 6A)","submodel":{"body":"Sedan","modelName":"S60 Sedan","niceName":"sedan"},"trim":"T6"}]},{"id":200482808,"year":2014,"styles":[{"id":200482816,"name":"T5 4dr Sedan (2.5L 5cyl Turbo 6A)","submodel":{"body":"Sedan","modelName":"S60 Sedan","niceName":"sedan"},"trim":"T5"},{"id":200482815,"name":"T6 4dr Sedan AWD (3.0L 6cyl Turbo 6A)","submodel":{"body":"Sedan","modelName":"S60 Sedan","niceName":"sedan"},"trim":"T6"},{"id":200482817,"name":"T6 R-Design 4dr Sedan AWD (3.0L 6cyl Turbo 6A)","submodel":{"body":"Sedan","tuner":"T6 R-Design","modelName":"S60 T6 R-Design","niceName":"t6-r-design"},"trim":"T6 R-Design"}]},{"id":200675370,"year":2015,"styles":[{"id":200675392,"name":"T5 4dr Sedan AWD w/Prod. End 6/14 (2.5L 5cyl Turbo 6A)","submodel":{"body":"Sedan","modelName":"S60 Sedan","niceName":"sedan"},"trim":"T5"},{"id":200708018,"name":"T6 R-Design 4dr Sedan AWD (3.0L 6cyl Turbo 6A)","submodel":{"body":"Sedan","tuner":"T6 R-Design","modelName":"S60 T6 R-Design","niceName":"t6-r-design"},"trim":"T6 R-Design"},{"id":200708017,"name":"T6 Drive-E 4dr Sedan (2.0L 4cyl Twincharger 8A)","submodel":{"body":"Sedan","modelName":"S60 Sedan","niceName":"sedan"},"trim":"T6 Drive-E"},{"id":200708015,"name":"T5 4dr Sedan AWD (2.5L 5cyl Turbo 6A)","submodel":{"body":"Sedan","modelName":"S60 Sedan","niceName":"sedan"},"trim":"T5"},{"id":200708016,"name":"T5 Drive-E 4dr Sedan (2.0L 4cyl Turbo 8A)","submodel":{"body":"Sedan","modelName":"S60 Sedan","niceName":"sedan"},"trim":"T5 Drive-E"},{"id":200675380,"name":"T5 Drive-E 4dr Sedan w/Prod. End 6/14 (2.0L 4cyl Turbo 8A)","submodel":{"body":"Sedan","modelName":"S60 Sedan","niceName":"sedan"},"trim":"T5 Drive-E"},{"id":200675379,"name":"T6 Drive-E 4dr Sedan w/Prod. End 6/14 (2.0L 4cyl Twincharger 8A)","submodel":{"body":"Sedan","modelName":"S60 Sedan","niceName":"sedan"},"trim":"T6 Drive-E"},{"id":200675381,"name":"T6 R-Design 4dr Sedan AWD w/Prod. End 6/14 (3.0L 6cyl Turbo 6A)","submodel":{"body":"Sedan","tuner":"T6 R-Design","modelName":"S60 T6 R-Design","niceName":"t6-r-design"},"trim":"T6 R-Design"}]},{"id":200737680,"year":2016,"styles":[{"id":200737681,"name":"T6 Drive-E 4dr Sedan (2.0L 4cyl Twincharger 8A)","submodel":{"body":"Sedan","modelName":"S60 Sedan","niceName":"sedan"},"trim":"T6 Drive-E"},{"id":200737682,"name":"T5 Drive-E 4dr Sedan (2.0L 4cyl Turbo 8A)","submodel":{"body":"Sedan","modelName":"S60 Sedan","niceName":"sedan"},"trim":"T5 Drive-E"},{"id":200737683,"name":"T5 Cross Country Platinum Sedan AWD (2.5L 5cyl Turbo 6A)","submodel":{"body":"Sedan","modelName":"S60 Sedan","niceName":"sedan"},"trim":"T5 Cross Country Platinum"},{"id":200737904,"name":"T6 Drive-E Platinum 4dr Sedan (2.0L 4cyl Twincharger 8A)","submodel":{"body":"Sedan","modelName":"S60 Sedan","niceName":"sedan"},"trim":"T6 Drive-E Platinum"},{"id":200737684,"name":"T5 Inscription Premier 4dr Sedan AWD (2.5L 5cyl Turbo 6A)","submodel":{"body":"Sedan","modelName":"S60 Sedan","niceName":"sedan"},"trim":"T5 Inscription Premier"},{"id":200737685,"name":"T6 R-Design 4dr Sedan AWD (3.0L 6cyl Turbo 6A)","submodel":{"body":"Sedan","modelName":"S60 Sedan","niceName":"sedan"},"trim":"T6 R-Design"},{"id":200737686,"name":"T5 Drive-E Inscription Premier 4dr Sedan (2.0L 4cyl Turbo 8A)","submodel":{"body":"Sedan","modelName":"S60 Sedan","niceName":"sedan"},"trim":"T5 Drive-E Inscription Premier"},{"id":200737688,"name":"T5 4dr Sedan AWD (2.5L 5cyl Turbo 6A)","submodel":{"body":"Sedan","modelName":"S60 Sedan","niceName":"sedan"},"trim":"T5"},{"id":401647270,"name":"T6 Polestar 4dr Sedan AWD (3.0L 6cyl Turbo 6A)","submodel":{"body":"Sedan","tuner":"T6 Polestar","modelName":"S60 T6 Polestar","niceName":"t6-polestar"},"trim":"T6 Polestar"},{"id":401630328,"name":"T6 Drive-E R-Design Platinum 4dr Sedan AWD (2.0L 4cyl Twincharger 8A)","submodel":{"body":"Sedan","modelName":"S60 Sedan","niceName":"sedan"},"trim":"T6 Drive-E R-Design Platinum"},{"id":200737879,"name":"T5 Drive-E Premier 4dr Sedan (2.0L 4cyl Turbo 8A)","submodel":{"body":"Sedan","modelName":"S60 Sedan","niceName":"sedan"},"trim":"T5 Drive-E Premier"},{"id":200737915,"name":"T6 R-Design Platinum 4dr Sedan AWD (3.0L 6cyl Turbo 6A)","submodel":{"body":"Sedan","modelName":"S60 Sedan","niceName":"sedan"},"trim":"T6 R-Design Platinum"},{"id":200737884,"name":"T5 Premier 4dr Sedan AWD (2.5L 5cyl Turbo 6A)","submodel":{"body":"Sedan","modelName":"S60 Sedan","niceName":"sedan"},"trim":"T5 Premier"},{"id":200737883,"name":"T5 Drive-E Inscription Platinum 4dr Sedan (2.0L 4cyl Turbo 8A)","submodel":{"body":"Sedan","modelName":"S60 Sedan","niceName":"sedan"},"trim":"T5 Drive-E Inscription Platinum"},{"id":401630291,"name":"T6 Drive-E R-Design 4dr Sedan AWD (2.0L 4cyl Twincharger 8A)","submodel":{"body":"Sedan","modelName":"S60 Sedan","niceName":"sedan"},"trim":"T6 Drive-E R-Design"},{"id":200737885,"name":"T5 Inscription Platinum 4dr Sedan AWD (2.5L 5cyl Turbo 6A)","submodel":{"body":"Sedan","modelName":"S60 Sedan","niceName":"sedan"},"trim":"T5 Inscription Platinum"}]}]},{"id":"Volvo_S70","name":"S70","niceName":"s70","years":[{"id":490,"year":1998,"styles":[{"id":14241,"name":"GLT Turbo 4dr Sedan","submodel":{"body":"Sedan","modelName":"S70 Sedan","niceName":"sedan"},"trim":"GLT"},{"id":14245,"name":"T5 Turbo 4dr Sedan","submodel":{"body":"Sedan","modelName":"S70 Sedan","niceName":"sedan"},"trim":"T5"},{"id":14238,"name":"GT 4dr Sedan","submodel":{"body":"Sedan","modelName":"S70 Sedan","niceName":"sedan"},"trim":"GT"},{"id":14235,"name":"4dr Sedan","submodel":{"body":"Sedan","modelName":"S70 Sedan","niceName":"sedan"},"trim":"Base"}]},{"id":100503409,"year":1999,"styles":[{"id":11513,"name":"Turbo 4dr Sedan AWD","submodel":{"body":"Sedan","modelName":"S70 Sedan","niceName":"sedan"},"trim":"Base"},{"id":12062,"name":"4dr Sedan","submodel":{"body":"Sedan","modelName":"S70 Sedan","niceName":"sedan"},"trim":"Base"},{"id":12232,"name":"GLT Turbo 4dr Sedan","submodel":{"body":"Sedan","modelName":"S70 Sedan","niceName":"sedan"},"trim":"GLT"},{"id":11504,"name":"T5 Turbo 4dr Sedan","submodel":{"body":"Sedan","modelName":"S70 Sedan","niceName":"sedan"},"trim":"T5"}]},{"id":101,"year":2000,"styles":[{"id":7816,"name":"4dr Sedan","submodel":{"body":"Sedan","modelName":"S70 Sedan","niceName":"sedan"},"trim":"Base"},{"id":7819,"name":"Turbo 4dr Sedan AWD","submodel":{"body":"Sedan","modelName":"S70 Sedan","niceName":"sedan"},"trim":"Base"},{"id":7817,"name":"GLT Turbo 4dr Sedan","submodel":{"body":"Sedan","modelName":"S70 Sedan","niceName":"sedan"},"trim":"GLT"},{"id":12724,"name":"GLT SE Turbo 4dr Sedan","submodel":{"body":"Sedan","modelName":"S70 Sedan","niceName":"sedan"},"trim":"GLT SE"},{"id":7818,"name":"T5 Turbo 4dr Sedan","submodel":{"body":"Sedan","modelName":"S70 Sedan","niceName":"sedan"},"trim":"T5"},{"id":12723,"name":"SE 4dr Sedan","submodel":{"body":"Sedan","modelName":"S70 Sedan","niceName":"sedan"},"trim":"SE"}]}]},{"id":"Volvo_S80","name":"S80","niceName":"s80","years":[{"id":3353,"year":1999,"styles":[{"id":14128,"name":"2.9 4dr Sedan","submodel":{"body":"Sedan","modelName":"S80 Sedan","niceName":"sedan"},"trim":"2.9"},{"id":14360,"name":"T6 Turbo 4dr Sedan","submodel":{"body":"Sedan","modelName":"S80 Sedan","niceName":"sedan"},"trim":"T6"}]},{"id":498,"year":2000,"styles":[{"id":8311,"name":"2.9 4dr Sedan","submodel":{"body":"Sedan","modelName":"S80 Sedan","niceName":"sedan"},"trim":"2.9"},{"id":8312,"name":"T6 Turbo 4dr Sedan","submodel":{"body":"Sedan","modelName":"S80 Sedan","niceName":"sedan"},"trim":"T6"}]},{"id":100000263,"year":2001,"styles":[{"id":100001996,"name":"2.9 4dr Sedan (2.9L 6cyl 4A)","submodel":{"body":"Sedan","modelName":"S80 Sedan","niceName":"sedan"},"trim":"2.9"},{"id":100001997,"name":"T6 4dr Sedan (2.8L 6cyl Turbo 4A)","submodel":{"body":"Sedan","modelName":"S80 Sedan","niceName":"sedan"},"trim":"T6"},{"id":100001998,"name":"T6 Executive 4dr Sedan (2.8L 6cyl Turbo 4A)","submodel":{"body":"Sedan","modelName":"S80 Sedan","niceName":"sedan"},"trim":"T6 Executive"}]},{"id":100000470,"year":2002,"styles":[{"id":100003712,"name":"2.9 4dr Sedan (2.9L 6cyl 4A)","submodel":{"body":"Sedan","modelName":"S80 Sedan","niceName":"sedan"},"trim":"2.9"},{"id":100003713,"name":"T6 4dr Sedan (2.9L 6cyl Turbo 4A)","submodel":{"body":"Sedan","modelName":"S80 Sedan","niceName":"sedan"},"trim":"T6"},{"id":100003714,"name":"T6 Executive 4dr Sedan (2.9L 6cyl Turbo 4A)","submodel":{"body":"Sedan","modelName":"S80 Sedan","niceName":"sedan"},"trim":"T6 Executive"},{"id":100078144,"name":"T6 75th Anniversary Edition 4dr Sedan (2.9L 6cyl Turbo 4A)","submodel":{"body":"Sedan","modelName":"S80 Sedan","niceName":"sedan"},"trim":"T6 75th Anniversary Edition"}]},{"id":100502922,"year":2003,"styles":[{"id":100193782,"name":"2.9 4dr Sedan (2.9L 6cyl 4A)","submodel":{"body":"Sedan","modelName":"S80 Sedan","niceName":"sedan"},"trim":"2.9"},{"id":100193783,"name":"T6 4dr Sedan (2.9L 6cyl Turbo 4A)","submodel":{"body":"Sedan","modelName":"S80 Sedan","niceName":"sedan"},"trim":"T6"},{"id":100206835,"name":"T6 Elite 4dr Sedan (2.9L 6cyl Turbo 4A)","submodel":{"body":"Sedan","modelName":"S80 Sedan","niceName":"sedan"},"trim":"T6 Elite"}]},{"id":100503231,"year":2004,"styles":[{"id":100350401,"name":"2.5T AWD 4dr Sedan (2.5L 5cyl Turbo 5A)","submodel":{"body":"Sedan","modelName":"S80 Sedan","niceName":"sedan"},"trim":"2.5T"},{"id":100278281,"name":"T6 Premier Fwd 4dr Sedan (2.9L 6cyl Turbo 4A)","submodel":{"body":"Sedan","modelName":"S80 Sedan","niceName":"sedan"},"trim":"T6 Premier"},{"id":100390024,"name":"2.5T Fwd 4dr Sedan (2.5L 5cyl Turbo 5A)","submodel":{"body":"Sedan","modelName":"S80 Sedan","niceName":"sedan"},"trim":"2.5T"},{"id":100278280,"name":"T6 Fwd 4dr Sedan (2.9L 6cyl Turbo 4A)","submodel":{"body":"Sedan","modelName":"S80 Sedan","niceName":"sedan"},"trim":"T6"},{"id":100278279,"name":"2.9 Fwd 4dr Sedan (2.9L 6cyl 4A)","submodel":{"body":"Sedan","modelName":"S80 Sedan","niceName":"sedan"},"trim":"2.9"}]},{"id":100505029,"year":2005,"styles":[{"id":100456702,"name":"2.5T AWD 4dr Sedan (2.5L 5cyl Turbo 5A)","submodel":{"body":"Sedan","modelName":"S80 Sedan","niceName":"sedan"},"trim":"2.5T"},{"id":100456701,"name":"T6 Fwd 4dr Sedan (2.9L 6cyl Turbo 4A)","submodel":{"body":"Sedan","modelName":"S80 Sedan","niceName":"sedan"},"trim":"T6"},{"id":100456700,"name":"T6 Premier Fwd 4dr Sedan (2.9L 6cyl Turbo 4A)","submodel":{"body":"Sedan","modelName":"S80 Sedan","niceName":"sedan"},"trim":"T6 Premier"},{"id":100456699,"name":"2.5T Fwd 4dr Sedan (2.5L 5cyl Turbo 5A)","submodel":{"body":"Sedan","modelName":"S80 Sedan","niceName":"sedan"},"trim":"2.5T"}]},{"id":100506128,"year":2006,"styles":[{"id":100552665,"name":"2.5T 4dr Sedan (2.5L 5cyl Turbo 5A)","submodel":{"body":"Sedan","modelName":"S80 Sedan","niceName":"sedan"},"trim":"2.5T"},{"id":100552664,"name":"2.5T 4dr Sedan AWD (2.5L 5cyl Turbo 5A)","submodel":{"body":"Sedan","modelName":"S80 Sedan","niceName":"sedan"},"trim":"2.5T"}]},{"id":100505832,"year":2007,"styles":[{"id":100820803,"name":"V8 4dr Sedan AWD (4.4L 8cyl 6A)","submodel":{"body":"Sedan","modelName":"S80 Sedan","niceName":"sedan"},"trim":"V8"},{"id":100820802,"name":"3.2 4dr Sedan (3.2L 6cyl 6A)","submodel":{"body":"Sedan","modelName":"S80 Sedan","niceName":"sedan"},"trim":"3.2"}]},{"id":100523452,"year":2008,"styles":[{"id":100890519,"name":"V8 4dr Sedan AWD (4.4L 8cyl 6A)","submodel":{"body":"Sedan","modelName":"S80 Sedan","niceName":"sedan"},"trim":"V8"},{"id":100890517,"name":"3.2 4dr Sedan (3.2L 6cyl 6A)","submodel":{"body":"Sedan","modelName":"S80 Sedan","niceName":"sedan"},"trim":"3.2"},{"id":100890518,"name":"T6 4dr Sedan AWD (3.0L 6cyl Turbo 6A)","submodel":{"body":"Sedan","modelName":"S80 Sedan","niceName":"sedan"},"trim":"T6"}]},{"id":100525780,"year":2009,"styles":[{"id":101037311,"name":"V8 4dr Sedan AWD (4.4L 8cyl 6A)","submodel":{"body":"Sedan","modelName":"S80 Sedan","niceName":"sedan"},"trim":"V8"},{"id":101037310,"name":"T6 4dr Sedan AWD (2.9L 6cyl Turbo 6A)","submodel":{"body":"Sedan","modelName":"S80 Sedan","niceName":"sedan"},"trim":"T6"},{"id":101037309,"name":"3.2 4dr Sedan (3.2L 6cyl 6A)","submodel":{"body":"Sedan","modelName":"S80 Sedan","niceName":"sedan"},"trim":"3.2"}]},{"id":100527511,"year":2010,"styles":[{"id":101174557,"name":"V8 4dr Sedan AWD (4.4L 8cyl 6A)","submodel":{"body":"Sedan","modelName":"S80 Sedan","niceName":"sedan"},"trim":"V8"},{"id":101174525,"name":"3.2 4dr Sedan (3.2L 6cyl 6A)","submodel":{"body":"Sedan","modelName":"S80 Sedan","niceName":"sedan"},"trim":"3.2"},{"id":101174526,"name":"T6 4dr Sedan AWD (3.0L 6cyl Turbo 6A)","submodel":{"body":"Sedan","modelName":"S80 Sedan","niceName":"sedan"},"trim":"T6"}]},{"id":100533271,"year":2011,"styles":[{"id":101357636,"name":"3.2 4dr Sedan (3.2L 6cyl 6A)","submodel":{"body":"Sedan","modelName":"S80 Sedan","niceName":"sedan"},"trim":"3.2"},{"id":101357672,"name":"T6 4dr Sedan AWD (3.0L 6cyl Turbo 6A)","submodel":{"body":"Sedan","modelName":"S80 Sedan","niceName":"sedan"},"trim":"T6"}]},{"id":100536489,"year":2012,"styles":[{"id":101399969,"name":"3.2 4dr Sedan (3.2L 6cyl 6A)","submodel":{"body":"Sedan","modelName":"S80 Sedan","niceName":"sedan"},"trim":"3.2"},{"id":101399970,"name":"T6 4dr Sedan AWD (3.0L 6cyl Turbo 6A)","submodel":{"body":"Sedan","modelName":"S80 Sedan","niceName":"sedan"},"trim":"T6"}]},{"id":200425750,"year":2013,"styles":[{"id":200425751,"name":"3.2 4dr Sedan (3.2L 6cyl 6A)","submodel":{"body":"Sedan","modelName":"S80 Sedan","niceName":"sedan"},"trim":"3.2"},{"id":200425752,"name":"T6 4dr Sedan AWD (3.0L 6cyl Turbo 6A)","submodel":{"body":"Sedan","modelName":"S80 Sedan","niceName":"sedan"},"trim":"T6"}]},{"id":200483357,"year":2014,"styles":[{"id":200483358,"name":"T6 4dr Sedan AWD (3.0L 6cyl Turbo 6A)","submodel":{"body":"Sedan","modelName":"S80 Sedan","niceName":"sedan"},"trim":"T6"},{"id":200483359,"name":"3.2 4dr Sedan (3.2L 6cyl 6A)","submodel":{"body":"Sedan","modelName":"S80 Sedan","niceName":"sedan"},"trim":"3.2"}]},{"id":200675797,"year":2015,"styles":[{"id":200675800,"name":"T5 Drive-E 4dr Sedan w/Prod. End 6/14 (2.0L 4cyl Turbo 8A)","submodel":{"body":"Sedan","modelName":"S80 Sedan","niceName":"sedan"},"trim":"T5 Drive-E"},{"id":200675801,"name":"T6 4dr Sedan AWD w/Prod. End 6/14 (3.0L 6cyl Turbo 6A)","submodel":{"body":"Sedan","modelName":"S80 Sedan","niceName":"sedan"},"trim":"T6"},{"id":200709112,"name":"T6 4dr Sedan AWD (3.0L 6cyl Turbo 6A)","submodel":{"body":"Sedan","modelName":"S80 Sedan","niceName":"sedan"},"trim":"T6"},{"id":200709111,"name":"T5 Drive-E 4dr Sedan (2.0L 4cyl Turbo 8A)","submodel":{"body":"Sedan","modelName":"S80 Sedan","niceName":"sedan"},"trim":"T5 Drive-E"}]},{"id":200737889,"year":2016,"styles":[{"id":200737890,"name":"T5 Drive-E Platinum 4dr Sedan (2.0L 4cyl Turbo 8A)","submodel":{"body":"Sedan","modelName":"S80 Sedan","niceName":"sedan"},"trim":"T5 Drive-E Platinum"},{"id":200737891,"name":"T5 Drive-E 4dr Sedan (2.0L 4cyl Turbo 8A)","submodel":{"body":"Sedan","modelName":"S80 Sedan","niceName":"sedan"},"trim":"T5 Drive-E"}]}]},{"id":"Volvo_S90","name":"S90","niceName":"s90","years":[{"id":1220,"year":1997,"styles":[{"id":547,"name":"4dr Sedan","submodel":{"body":"Sedan","modelName":"S90 Sedan","niceName":"sedan"},"trim":"Base"}]},{"id":1221,"year":1998,"styles":[{"id":14248,"name":"4dr Sedan","submodel":{"body":"Sedan","modelName":"S90 Sedan","niceName":"sedan"},"trim":"Base"}]},{"id":401588247,"year":2017,"styles":[{"id":401588249,"name":"4dr Sedan AWD","submodel":{"body":"Sedan","modelName":"S90 Sedan","niceName":"sedan"},"trim":"Base"}]}]},{"id":"Volvo_V40","name":"V40","niceName":"v40","years":[{"id":103,"year":2000,"styles":[{"id":10599,"name":"4dr Wagon","submodel":{"body":"Wagon","modelName":"V40 Wagon","niceName":"wagon"},"trim":"Base"}]},{"id":100000264,"year":2001,"styles":[{"id":100001999,"name":"4dr Wagon (1.9L 4cyl Turbo 5A)","submodel":{"body":"Wagon","modelName":"V40 Wagon","niceName":"wagon"},"trim":"Base"},{"id":100002000,"name":"SE 4dr Wagon (1.9L 4cyl Turbo 5A)","submodel":{"body":"Wagon","modelName":"V40 Wagon","niceName":"wagon"},"trim":"SE"}]},{"id":100000471,"year":2002,"styles":[{"id":100003715,"name":"4dr Wagon (1.9L 4cyl Turbo 5A)","submodel":{"body":"Wagon","modelName":"V40 Wagon","niceName":"wagon"},"trim":"Base"}]},{"id":100502923,"year":2003,"styles":[{"id":100178612,"name":"4dr Wagon (1.9L 4cyl Turbo 5A)","submodel":{"body":"Wagon","modelName":"V40 Wagon","niceName":"wagon"},"trim":"Base"}]},{"id":100503230,"year":2004,"styles":[{"id":100278128,"name":"LSE 4dr Wagon (1.9L 4cyl Turbo 5A)","submodel":{"body":"Wagon","modelName":"V40 Wagon","niceName":"wagon"},"trim":"LSE"},{"id":100278127,"name":"4dr Wagon (1.9L 4cyl Turbo 5A)","submodel":{"body":"Wagon","modelName":"V40 Wagon","niceName":"wagon"},"trim":"Base"}]}]},{"id":"Volvo_V50","name":"V50","niceName":"v50","years":[{"id":100503248,"year":2005,"styles":[{"id":100406360,"name":"T5 AWD 4dr Sport Wagon (2.5L 5cyl Turbo 6M)","submodel":{"body":"Wagon","modelName":"V50 Wagon","niceName":"wagon"},"trim":"T5"},{"id":100406359,"name":"T5 Fwd 4dr Sport Wagon (2.5L 5cyl Turbo 6M)","submodel":{"body":"Wagon","modelName":"V50 Wagon","niceName":"wagon"},"trim":"T5"},{"id":100405008,"name":"2.4i Fwd 4dr Sport Wagon (2.4L 5cyl 5A)","submodel":{"body":"Wagon","modelName":"V50 Wagon","niceName":"wagon"},"trim":"2.4i"}]},{"id":100506129,"year":2006,"styles":[{"id":100552704,"name":"T5 4dr Wagon (2.5L 5cyl Turbo 6M)","submodel":{"body":"Wagon","modelName":"V50 Wagon","niceName":"wagon"},"trim":"T5"},{"id":100552703,"name":"T5 4dr Wagon AWD (2.5L 5cyl Turbo 6M)","submodel":{"body":"Wagon","modelName":"V50 Wagon","niceName":"wagon"},"trim":"T5"},{"id":100552705,"name":"2.4i 4dr Wagon (2.4L 5cyl 5A)","submodel":{"body":"Wagon","modelName":"V50 Wagon","niceName":"wagon"},"trim":"2.4i"}]},{"id":100519085,"year":2007,"styles":[{"id":100770031,"name":"T5 4dr Wagon (2.5L 5cyl Turbo 5A)","submodel":{"body":"Wagon","modelName":"V50 Wagon","niceName":"wagon"},"trim":"T5"},{"id":100770030,"name":"T5 4dr Wagon AWD (2.5L 5cyl Turbo 6M)","submodel":{"body":"Wagon","modelName":"V50 Wagon","niceName":"wagon"},"trim":"T5"},{"id":100770028,"name":"2.4i 4dr Wagon (2.4L 5cyl 5A)","submodel":{"body":"Wagon","modelName":"V50 Wagon","niceName":"wagon"},"trim":"2.4i"}]},{"id":100523560,"year":2008,"styles":[{"id":100895741,"name":"T5 4dr Wagon AWD (2.5L 5cyl Turbo 5A)","submodel":{"body":"Wagon","modelName":"V50 Wagon","niceName":"wagon"},"trim":"T5"},{"id":100895739,"name":"2.4i 4dr Wagon (2.4L 5cyl 5A)","submodel":{"body":"Wagon","modelName":"V50 Wagon","niceName":"wagon"},"trim":"2.4i"},{"id":100895740,"name":"T5 4dr Wagon (2.5L 5cyl Turbo 5A)","submodel":{"body":"Wagon","modelName":"V50 Wagon","niceName":"wagon"},"trim":"T5"}]},{"id":100525782,"year":2009,"styles":[{"id":101043148,"name":"T5 R-Design 4dr Wagon AWD (2.5L 5cyl Turbo 5A)","submodel":{"body":"Wagon","modelName":"V50 Wagon","niceName":"wagon"},"trim":"T5 R-Design"},{"id":101043146,"name":"2.4i 4dr Wagon (2.4L 5cyl 5A)","submodel":{"body":"Wagon","modelName":"V50 Wagon","niceName":"wagon"},"trim":"2.4i"}]},{"id":100528349,"year":2010,"styles":[{"id":101175672,"name":"2.4i 4dr Wagon (2.4L 5cyl 5A)","submodel":{"body":"Wagon","modelName":"V50 Wagon","niceName":"wagon"},"trim":"2.4i"},{"id":101175673,"name":"T5 R-Design 4dr Wagon AWD (2.5L 5cyl Turbo 6M)","submodel":{"body":"Wagon","modelName":"V50 Wagon","niceName":"wagon"},"trim":"T5 R-Design"}]},{"id":100533310,"year":2011,"styles":[{"id":101357853,"name":"T5 R-Design 4dr Wagon (2.5L 5cyl Turbo 5A)","submodel":{"body":"Wagon","modelName":"V50 Wagon","niceName":"wagon"},"trim":"T5 R-Design"},{"id":101357852,"name":"T5 4dr Wagon (2.5L 5cyl Turbo 5A)","submodel":{"body":"Wagon","modelName":"V50 Wagon","niceName":"wagon"},"trim":"T5"}]}]},{"id":"Volvo_V60","name":"V60","niceName":"v60","years":[{"id":200493189,"year":2015,"styles":[{"id":200708903,"name":"T5 4dr Wagon AWD (2.5L 5cyl Turbo 6A)","submodel":{"body":"Wagon","modelName":"V60 Wagon","niceName":"wagon"},"trim":"T5"},{"id":200708904,"name":"T6 R-Design 4dr Wagon AWD (3.0L 6cyl Turbo 6A)","submodel":{"body":"Wagon","modelName":"V60 Wagon","niceName":"wagon"},"trim":"T6 R-Design"},{"id":200493190,"name":"T5 Drive-E 4dr Wagon w/Prod. End 6/14 (2.0L 4cyl Turbo 8A)","submodel":{"body":"Wagon","modelName":"V60 Wagon","niceName":"wagon"},"trim":"T5 Drive-E"},{"id":200708902,"name":"T5 Drive-E 4dr Wagon (2.0L 4cyl Turbo 8A)","submodel":{"body":"Wagon","modelName":"V60 Wagon","niceName":"wagon"},"trim":"T5 Drive-E"},{"id":200675798,"name":"T5 4dr Wagon AWD w/Prod. End 6/14 (2.5L 5cyl Turbo 6A)","submodel":{"body":"Wagon","modelName":"V60 Wagon","niceName":"wagon"},"trim":"T5"},{"id":200675799,"name":"T6 R-Design 4dr Wagon AWD w/Prod. End 6/14 (3.0L 6cyl Turbo 6A)","submodel":{"body":"Wagon","modelName":"V60 Wagon","niceName":"wagon"},"trim":"T6 R-Design"}]},{"id":200737643,"year":2016,"styles":[{"id":200737651,"name":"T5 Drive-E 4dr Wagon (2.0L 4cyl Turbo 8A)","submodel":{"body":"Wagon","modelName":"V60 Wagon","niceName":"wagon"},"trim":"T5 Drive-E"},{"id":200737652,"name":"T5 Drive-E Premier 4dr Wagon (2.0L 4cyl Turbo 8A)","submodel":{"body":"Wagon","modelName":"V60 Wagon","niceName":"wagon"},"trim":"T5 Drive-E Premier"},{"id":200737655,"name":"T6 R-Design Platinum 4dr Wagon AWD (3.0L 6cyl Turbo 6A)","submodel":{"body":"Wagon","modelName":"V60 Wagon","niceName":"wagon"},"trim":"T6 R-Design Platinum"},{"id":401628204,"name":"T5 Premier 4dr Wagon AWD (2.5L 5cyl Turbo 6A)","submodel":{"body":"Wagon","modelName":"V60 Wagon","niceName":"wagon"},"trim":"T5 Premier"},{"id":401647001,"name":"T6 Polestar 4dr Wagon AWD (3.0L 6cyl Turbo 6A)","submodel":{"body":"Wagon","tuner":"T6 Polestar","modelName":"V60 T6 Polestar","niceName":"t6-polestar"},"trim":"T6 Polestar"},{"id":200737653,"name":"T5 Drive-E Platinum 4dr Wagon (2.0L 4cyl Turbo 8A)","submodel":{"body":"Wagon","modelName":"V60 Wagon","niceName":"wagon"},"trim":"T5 Drive-E Platinum"},{"id":200737654,"name":"T6 R-Design 4dr Wagon AWD (3.0L 6cyl Turbo 6A)","submodel":{"body":"Wagon","modelName":"V60 Wagon","niceName":"wagon"},"trim":"T6 R-Design"},{"id":401628203,"name":"T5 4dr Wagon AWD (2.5L 5cyl Turbo 6A)","submodel":{"body":"Wagon","modelName":"V60 Wagon","niceName":"wagon"},"trim":"T5"},{"id":401628725,"name":"T6 Drive-E R-Design 4dr Wagon AWD (2.0L 4cyl Turbo 8A)","submodel":{"body":"Wagon","modelName":"V60 Wagon","niceName":"wagon"},"trim":"T6 Drive-E R-Design"},{"id":401628210,"name":"T5 Platinum 4dr Wagon AWD (2.5L 5cyl Turbo 6A)","submodel":{"body":"Wagon","modelName":"V60 Wagon","niceName":"wagon"},"trim":"T5 Platinum"},{"id":401628742,"name":"T6 Drive-E R-Design Platinum 4dr Wagon AWD (2.0L 4cyl Turbo 8A)","submodel":{"body":"Wagon","modelName":"V60 Wagon","niceName":"wagon"},"trim":"T6 Drive-E R-Design Platinum"}]}]},{"id":"Volvo_V60_Cross_Country","name":"V60 Cross Country","niceName":"v60-cross-country","years":[{"id":200721798,"year":2015,"styles":[{"id":200721799,"name":"T5 4dr Wagon AWD (2.5L 5cyl Turbo 6A)","submodel":{"body":"Wagon","modelName":"V60 Cross Country Wagon","niceName":"wagon"},"trim":"T5"},{"id":200721800,"name":"T5 Platinum 4dr Wagon AWD (2.5L 5cyl Turbo 6A)","submodel":{"body":"Wagon","modelName":"V60 Cross Country Wagon","niceName":"wagon"},"trim":"T5 Platinum"}]},{"id":200737895,"year":2016,"styles":[{"id":200737941,"name":"T5 4dr Wagon AWD (2.5L 5cyl Turbo)","submodel":{"body":"Wagon","modelName":"V60 Cross Country Wagon","niceName":"wagon"},"trim":"T5"},{"id":200737942,"name":"T5 Platinum 4dr Wagon AWD (2.5L 5cyl Turbo)","submodel":{"body":"Wagon","modelName":"V60 Cross Country Wagon","niceName":"wagon"},"trim":"T5 Platinum"}]}]},{"id":"Volvo_V70","name":"V70","niceName":"v70","years":[{"id":491,"year":1998,"styles":[{"id":14229,"name":"T5 Turbo 4dr Wagon","submodel":{"body":"Wagon","modelName":"V70 Wagon","niceName":"wagon"},"trim":"T5"},{"id":14228,"name":"GLT Turbo 4dr Wagon","submodel":{"body":"Wagon","modelName":"V70 Wagon","niceName":"wagon"},"trim":"GLT"},{"id":14464,"name":"R Turbo 4dr Wagon AWD","submodel":{"body":"Wagon","tuner":"R","modelName":"V70 R","niceName":"r"},"trim":"R"},{"id":14463,"name":"XC 4dr Wagon AWD","submodel":{"body":"Wagon","modelName":"V70 Wagon","niceName":"wagon"},"trim":"XC"},{"id":14462,"name":"Turbo 4dr Wagon AWD","submodel":{"body":"Wagon","modelName":"V70 Wagon","niceName":"wagon"},"trim":"Base"},{"id":14304,"name":"GT 4dr Wagon","submodel":{"body":"Wagon","modelName":"V70 Wagon","niceName":"wagon"},"trim":"GT"},{"id":14302,"name":"4dr Wagon","submodel":{"body":"Wagon","modelName":"V70 Wagon","niceName":"wagon"},"trim":"Base"}]},{"id":100503410,"year":1999,"styles":[{"id":11502,"name":"GLT Turbo 4dr Wagon","submodel":{"body":"Wagon","modelName":"V70 Wagon","niceName":"wagon"},"trim":"GLT"},{"id":11506,"name":"Turbo 4dr Wagon AWD","submodel":{"body":"Wagon","modelName":"V70 Wagon","niceName":"wagon"},"trim":"Base"},{"id":11472,"name":"4dr Wagon","submodel":{"body":"Wagon","modelName":"V70 Wagon","niceName":"wagon"},"trim":"Base"},{"id":11509,"name":"XC 4dr Wagon AWD","submodel":{"body":"Wagon","modelName":"V70 Wagon","niceName":"wagon"},"trim":"XC"},{"id":11689,"name":"T5 Turbo 4dr Wagon","submodel":{"body":"Wagon","modelName":"V70 Wagon","niceName":"wagon"},"trim":"T5"},{"id":11511,"name":"R Turbo 4dr Wagon AWD","submodel":{"body":"Wagon","tuner":"R","modelName":"V70 R","niceName":"r"},"trim":"R"}]},{"id":100,"year":2000,"styles":[{"id":12726,"name":"XC SE Turbo 4dr Wagon AWD","submodel":{"body":"Wagon","modelName":"V70 Wagon","niceName":"wagon"},"trim":"XC SE"},{"id":1043,"name":"4dr Wagon","submodel":{"body":"Wagon","modelName":"V70 Wagon","niceName":"wagon"},"trim":"Base"},{"id":12725,"name":"SE 4dr Wagon","submodel":{"body":"Wagon","modelName":"V70 Wagon","niceName":"wagon"},"trim":"SE"},{"id":7821,"name":"XC 4dr Wagon AWD","submodel":{"body":"Wagon","modelName":"V70 Wagon","niceName":"wagon"},"trim":"XC"},{"id":7822,"name":"R Turbo 4dr Wagon AWD","submodel":{"body":"Wagon","tuner":"R","modelName":"V70 R","niceName":"r"},"trim":"R"},{"id":7820,"name":"GLT Turbo 4dr Wagon","submodel":{"body":"Wagon","modelName":"V70 Wagon","niceName":"wagon"},"trim":"GLT"}]},{"id":100000265,"year":2001,"styles":[{"id":100002002,"name":"2.4M Fwd 4dr Wagon (2.4L 5cyl 5M)","submodel":{"body":"Wagon","modelName":"V70 Wagon","niceName":"wagon"},"trim":"2.4M"},{"id":100002001,"name":"2.4T Fwd 4dr Wagon (2.4L 5cyl Turbo 5A)","submodel":{"body":"Wagon","modelName":"V70 Wagon","niceName":"wagon"},"trim":"2.4T"},{"id":100002004,"name":"XC AWD 4dr Wagon (2.4L 5cyl Turbo 5A)","submodel":{"body":"Wagon","modelName":"V70 Wagon","niceName":"wagon"},"trim":"XC"},{"id":100002003,"name":"T5 Fwd 4dr Wagon (2.3L 5cyl Turbo 5M)","submodel":{"body":"Wagon","modelName":"V70 Wagon","niceName":"wagon"},"trim":"T5"}]},{"id":100000472,"year":2002,"styles":[{"id":100003789,"name":"2.4T AWD 4dr Wagon (2.4L 5cyl Turbo 5A)","submodel":{"body":"Wagon","modelName":"V70 Wagon","niceName":"wagon"},"trim":"2.4T"},{"id":100003719,"name":"T5 Fwd 4dr Wagon (2.3L 5cyl Turbo 5M)","submodel":{"body":"Wagon","modelName":"V70 Wagon","niceName":"wagon"},"trim":"T5"},{"id":100003717,"name":"2.4 Fwd 4dr Wagon (2.4L 5cyl 5M)","submodel":{"body":"Wagon","modelName":"V70 Wagon","niceName":"wagon"},"trim":"2.4"},{"id":100003718,"name":"2.4T Fwd 4dr Wagon (2.4L 5cyl Turbo 5A)","submodel":{"body":"Wagon","modelName":"V70 Wagon","niceName":"wagon"},"trim":"2.4T"}]},{"id":100502924,"year":2003,"styles":[{"id":100194337,"name":"2.5T AWD 4dr Wagon (2.5L 5cyl Turbo 5A)","submodel":{"body":"Wagon","modelName":"V70 Wagon","niceName":"wagon"},"trim":"2.5T"},{"id":100194336,"name":"T5 Fwd 4dr Wagon (2.3L 5cyl Turbo 5M)","submodel":{"body":"Wagon","modelName":"V70 Wagon","niceName":"wagon"},"trim":"T5"},{"id":100194335,"name":"2.4T Fwd 4dr Wagon (2.4L 5cyl Turbo 5A)","submodel":{"body":"Wagon","modelName":"V70 Wagon","niceName":"wagon"},"trim":"2.4T"},{"id":100194333,"name":"2.4 Fwd 4dr Wagon (2.4L 5cyl 5M)","submodel":{"body":"Wagon","modelName":"V70 Wagon","niceName":"wagon"},"trim":"2.4"}]},{"id":100502956,"year":2004,"styles":[{"id":100277365,"name":"T5 Fwd 4dr Wagon (2.3L 5cyl Turbo 5M)","submodel":{"body":"Wagon","modelName":"V70 Wagon","niceName":"wagon"},"trim":"T5"},{"id":100277366,"name":"2.5T AWD 4dr Wagon (2.5L 5cyl Turbo 5A)","submodel":{"body":"Wagon","modelName":"V70 Wagon","niceName":"wagon"},"trim":"2.5T"},{"id":100277363,"name":"2.4 Fwd 4dr Wagon (2.4L 5cyl 5M)","submodel":{"body":"Wagon","modelName":"V70 Wagon","niceName":"wagon"},"trim":"2.4"},{"id":100277364,"name":"2.5T Fwd 4dr Wagon (2.5L 5cyl Turbo 5A)","submodel":{"body":"Wagon","modelName":"V70 Wagon","niceName":"wagon"},"trim":"2.5T"},{"id":100278289,"name":"R 4dr Wagon AWD (2.5L 5cyl Turbo 6M)","submodel":{"body":"Wagon","tuner":"R","modelName":"V70 R","niceName":"r"},"trim":"R"}]},{"id":100505030,"year":2005,"styles":[{"id":100460917,"name":"R 4dr Wagon (2.5L 5cyl Turbo 6M)","submodel":{"body":"Wagon","tuner":"R","modelName":"V70 R","niceName":"r"},"trim":"R"},{"id":100460811,"name":"T5 4dr Wagon (2.4L 5cyl Turbo 5A)","submodel":{"body":"Wagon","modelName":"V70 Wagon","niceName":"wagon"},"trim":"T5"},{"id":100460810,"name":"2.5T 4dr Wagon (2.5L 5cyl Turbo 5A)","submodel":{"body":"Wagon","modelName":"V70 Wagon","niceName":"wagon"},"trim":"2.5T"},{"id":100460809,"name":"2.4 4dr Wagon (2.4L 5cyl 5M)","submodel":{"body":"Wagon","modelName":"V70 Wagon","niceName":"wagon"},"trim":"2.4"}]},{"id":100506130,"year":2006,"styles":[{"id":100552824,"name":"2.5T 4dr Wagon (2.5L 5cyl Turbo 5A)","submodel":{"body":"Wagon","modelName":"V70 Wagon","niceName":"wagon"},"trim":"2.5T"},{"id":100553007,"name":"R 4dr Wagon AWD (2.5L 5cyl Turbo 6M)","submodel":{"body":"Wagon","tuner":"R","modelName":"V70 R","niceName":"r"},"trim":"R"},{"id":100552825,"name":"2.4 4dr Wagon (2.4L 5cyl 5M)","submodel":{"body":"Wagon","modelName":"V70 Wagon","niceName":"wagon"},"trim":"2.4"}]},{"id":100519086,"year":2007,"styles":[{"id":100770064,"name":"2.5T 4dr Wagon (2.5L 5cyl Turbo 5A)","submodel":{"body":"Wagon","modelName":"V70 Wagon","niceName":"wagon"},"trim":"2.5T"},{"id":100770029,"name":"2.4 4dr Wagon (2.4L 5cyl 5M)","submodel":{"body":"Wagon","modelName":"V70 Wagon","niceName":"wagon"},"trim":"2.4"},{"id":100770095,"name":"R 4dr Wagon AWD (2.5L 5cyl Turbo 6M)","submodel":{"body":"Wagon","tuner":"R","modelName":"V70 R","niceName":"r"},"trim":"R"}]},{"id":100524638,"year":2008,"styles":[{"id":100960982,"name":"3.2 4dr Wagon (3.2L 6cyl 6A)","submodel":{"body":"Wagon","modelName":"V70 Wagon","niceName":"wagon"},"trim":"3.2"}]},{"id":100522592,"year":2009,"styles":[{"id":101037354,"name":"3.2 4dr Wagon (3.2L 6cyl 6A)","submodel":{"body":"Wagon","modelName":"V70 Wagon","niceName":"wagon"},"trim":"3.2"}]},{"id":100528514,"year":2010,"styles":[{"id":101183253,"name":"3.2 4dr Wagon (3.2L 6cyl 6A)","submodel":{"body":"Wagon","modelName":"V70 Wagon","niceName":"wagon"},"trim":"3.2"},{"id":101183278,"name":"3.2 R-Design 4dr Wagon (3.2L 6cyl 6A)","submodel":{"body":"Wagon","modelName":"V70 Wagon","niceName":"wagon"},"trim":"3.2 R-Design"}]}]},{"id":"Volvo_V90","name":"V90","niceName":"v90","years":[{"id":1222,"year":1997,"styles":[{"id":548,"name":"4dr Wagon","submodel":{"body":"Wagon","modelName":"V90 Wagon","niceName":"wagon"},"trim":"Base"}]},{"id":492,"year":1998,"styles":[{"id":14247,"name":"4dr Wagon","submodel":{"body":"Wagon","modelName":"V90 Wagon","niceName":"wagon"},"trim":"Base"}]},{"id":401645674,"year":2018,"styles":[{"id":401645676,"name":"4dr Wagon","submodel":{"body":"Wagon","modelName":"V90 Wagon","niceName":"wagon"},"trim":"Base"}]}]},{"id":"Volvo_XC","name":"XC","niceName":"xc","years":[{"id":100000473,"year":2002,"styles":[{"id":100003721,"name":"AWD 4dr Wagon (2.4L 5cyl Turbo 5A)","submodel":{"body":"Wagon","modelName":"XC Wagon","niceName":"wagon"},"trim":"Base"}]}]},{"id":"Volvo_XC60","name":"XC60","niceName":"xc60","years":[{"id":100527231,"year":2010,"styles":[{"id":101174519,"name":"3.2 4dr SUV (3.2L 6cyl 6A)","submodel":{"body":"SUV","modelName":"XC60 SUV","niceName":"suv"},"trim":"3.2"},{"id":101144293,"name":"T6 4dr SUV AWD (3.0L 6cyl Turbo 6A)","submodel":{"body":"SUV","modelName":"XC60 SUV","niceName":"suv"},"trim":"T6"},{"id":101270087,"name":"T6 R-Design 4dr SUV AWD (3.0L 6cyl Turbo 6A)","submodel":{"body":"SUV","modelName":"XC60 SUV","niceName":"suv"},"trim":"T6 R-Design"}]},{"id":100533269,"year":2011,"styles":[{"id":101344381,"name":"3.2 4dr SUV (3.2L 6cyl 6A)","submodel":{"body":"SUV","modelName":"XC60 SUV","niceName":"suv"},"trim":"3.2"},{"id":101344440,"name":"T6 R-Design 4dr SUV AWD (3.0L 6cyl Turbo 6A)","submodel":{"body":"SUV","modelName":"XC60 SUV","niceName":"suv"},"trim":"T6 R-Design"},{"id":101344439,"name":"T6 4dr SUV AWD (3.0L 6cyl Turbo 6A)","submodel":{"body":"SUV","modelName":"XC60 SUV","niceName":"suv"},"trim":"T6"},{"id":101344438,"name":"3.2 R-Design 4dr SUV (3.2L 6cyl 6A)","submodel":{"body":"SUV","modelName":"XC60 SUV","niceName":"suv"},"trim":"3.2 R-Design"}]},{"id":100536469,"year":2012,"styles":[{"id":101399676,"name":"T6 R-Design 4dr SUV AWD (3.0L 6cyl Turbo 6A)","submodel":{"body":"SUV","modelName":"XC60 SUV","niceName":"suv"},"trim":"T6 R-Design"},{"id":101399675,"name":"T6 4dr SUV AWD (3.0L 6cyl Turbo 6A)","submodel":{"body":"SUV","modelName":"XC60 SUV","niceName":"suv"},"trim":"T6"},{"id":101399674,"name":"3.2 4dr SUV (3.2L 6cyl 6A)","submodel":{"body":"SUV","modelName":"XC60 SUV","niceName":"suv"},"trim":"3.2"}]},{"id":200424122,"year":2013,"styles":[{"id":200424123,"name":"3.2 4dr SUV (3.2L 6cyl 6A)","submodel":{"body":"SUV","modelName":"XC60 SUV","niceName":"suv"},"trim":"3.2"},{"id":200424124,"name":"T6 4dr SUV AWD (3.0L 6cyl Turbo 6A)","submodel":{"body":"SUV","modelName":"XC60 SUV","niceName":"suv"},"trim":"T6"},{"id":200424125,"name":"T6 R-Design 4dr SUV AWD (3.0L 6cyl Turbo 6A)","submodel":{"body":"SUV","modelName":"XC60 SUV","niceName":"suv"},"trim":"T6 R-Design"}]},{"id":200484223,"year":2014,"styles":[{"id":200484224,"name":"T6 4dr SUV AWD (3.0L 6cyl Turbo 6A)","submodel":{"body":"SUV","modelName":"XC60 SUV","niceName":"suv"},"trim":"T6"},{"id":200484226,"name":"3.2 4dr SUV (3.2L 6cyl 6A)","submodel":{"body":"SUV","modelName":"XC60 SUV","niceName":"suv"},"trim":"3.2"},{"id":200484225,"name":"T6 R-Design 4dr SUV AWD (3.0L 6cyl Turbo 6A)","submodel":{"body":"SUV","modelName":"XC60 SUV","niceName":"suv"},"trim":"T6 R-Design"}]},{"id":200675369,"year":2015,"styles":[{"id":200725536,"name":"T6 Drive-E Volvo Ocean Race Platinum 4dr SUV (2.0L 4cyl Twincharger 8A)","submodel":{"body":"SUV","modelName":"XC60 SUV","niceName":"suv"},"trim":"T6 Drive-E Volvo Ocean Race Platinum"},{"id":200726384,"name":"T6 R-Design Platinum 4dr SUV AWD (3.0L 6cyl Turbo 6A)","submodel":{"body":"SUV","modelName":"XC60 SUV","niceName":"suv"},"trim":"T6 R-Design Platinum"},{"id":200726383,"name":"T6 Platinum 4dr SUV AWD (3.0L 6cyl Turbo 6A)","submodel":{"body":"SUV","modelName":"XC60 SUV","niceName":"suv"},"trim":"T6 Platinum"},{"id":200726382,"name":"T6 Drive-E Platinum 4dr SUV (2.0L 4cyl Twincharger 8A)","submodel":{"body":"SUV","modelName":"XC60 SUV","niceName":"suv"},"trim":"T6 Drive-E Platinum"},{"id":200725414,"name":"T6 Volvo Ocean Race 4dr SUV AWD (3.0L 6cyl Turbo 6A)","submodel":{"body":"SUV","modelName":"XC60 SUV","niceName":"suv"},"trim":"T6 Volvo Ocean Race"},{"id":200729849,"name":"T5 Drive-E Platinum 4dr SUV w/Prod. End 6/14 (2.0L 4cyl Turbo 8A)","submodel":{"body":"SUV","modelName":"XC60 SUV","niceName":"suv"},"trim":"T5 Drive-E Platinum"},{"id":200729850,"name":"T5 Drive-E Premier 4dr SUV w/Prod. End 6/14 (2.0L 4cyl Turbo 8A)","submodel":{"body":"SUV","modelName":"XC60 SUV","niceName":"suv"},"trim":"T5 Drive-E Premier"},{"id":200729851,"name":"T5 Drive-E Premier Plus 4dr SUV w/Prod. End 6/14 (2.0L 4cyl Turbo 8A)","submodel":{"body":"SUV","modelName":"XC60 SUV","niceName":"suv"},"trim":"T5 Drive-E Premier Plus"},{"id":200726125,"name":"T5 Drive-E Premier 4dr SUV (2.0L 4cyl Turbo 8A)","submodel":{"body":"SUV","modelName":"XC60 SUV","niceName":"suv"},"trim":"T5 Drive-E Premier"},{"id":200729867,"name":"T6 Drive-E Platinum 4dr SUV w/Prod. End 6/14 (2.0L 4cyl Twincharger 8A)","submodel":{"body":"SUV","modelName":"XC60 SUV","niceName":"suv"},"trim":"T6 Drive-E Platinum"},{"id":200729866,"name":"T6 Drive-E Premier Plus 4dr SUV w/Prod. End 6/14 (2.0L 4cyl Twincharger 8A)","submodel":{"body":"SUV","modelName":"XC60 SUV","niceName":"suv"},"trim":"T6 Drive-E Premier Plus"},{"id":200675390,"name":"T5 Drive-E 4dr SUV w/Prod. End 6/14 (2.0L 4cyl Turbo 8A)","submodel":{"body":"SUV","modelName":"XC60 SUV","niceName":"suv"},"trim":"T5 Drive-E"},{"id":200675391,"name":"T6 Drive-E 4dr SUV w/Prod. End 6/14 (2.0L 4cyl Twincharger 8A)","submodel":{"body":"SUV","modelName":"XC60 SUV","niceName":"suv"},"trim":"T6 Drive-E"},{"id":200725384,"name":"T6 Drive-E Volvo Ocean Race 4dr SUV (2.0L 4cyl Twincharger 8A)","submodel":{"body":"SUV","modelName":"XC60 SUV","niceName":"suv"},"trim":"T6 Drive-E Volvo Ocean Race"},{"id":200702608,"name":"T5 4dr SUV AWD (2.5L 5cyl Turbo 6A)","submodel":{"body":"SUV","modelName":"XC60 SUV","niceName":"suv"},"trim":"T5"},{"id":200726234,"name":"T5 Premier 4dr SUV AWD (2.5L 5cyl Turbo 6A)","submodel":{"body":"SUV","modelName":"XC60 SUV","niceName":"suv"},"trim":"T5 Premier"},{"id":200729864,"name":"3.2 Premier Plus 4dr SUV AWD w/Prod. End 6/14 (3.2L 6cyl 6A)","submodel":{"body":"SUV","modelName":"XC60 SUV","niceName":"suv"},"trim":"3.2 Premier Plus"},{"id":200729863,"name":"3.2 Platinum 4dr SUV AWD w/Prod. End 6/14 (3.2L 6cyl 6A)","submodel":{"body":"SUV","modelName":"XC60 SUV","niceName":"suv"},"trim":"3.2 Platinum"},{"id":200729862,"name":"3.2 Premier 4dr SUV AWD w/Prod. End 6/14 (3.2L 6cyl 6A)","submodel":{"body":"SUV","modelName":"XC60 SUV","niceName":"suv"},"trim":"3.2 Premier"},{"id":200729884,"name":"T6 R-Design Premier Plus 4dr SUV AWD w/Prod. End 6/14 (3.0L 6cyl Turbo 6A)","submodel":{"body":"SUV","modelName":"XC60 SUV","niceName":"suv"},"trim":"T6 R-Design Premier Plus"},{"id":200709493,"name":"T6 Drive-E 4dr SUV (2.0L 4cyl Twincharger 8A)","submodel":{"body":"SUV","modelName":"XC60 SUV","niceName":"suv"},"trim":"T6 Drive-E"},{"id":200675371,"name":"T6 R-Design 4dr SUV AWD w/Prod. End 6/14 (3.0L 6cyl Turbo 6A)","submodel":{"body":"SUV","modelName":"XC60 SUV","niceName":"suv"},"trim":"T6 R-Design"},{"id":200709494,"name":"T6 R-Design 4dr SUV AWD (3.0L 6cyl Turbo 6A)","submodel":{"body":"SUV","modelName":"XC60 SUV","niceName":"suv"},"trim":"T6 R-Design"},{"id":200675372,"name":"T6 4dr SUV AWD w/Prod. End 6/14 (3.0L 6cyl Turbo 6A)","submodel":{"body":"SUV","modelName":"XC60 SUV","niceName":"suv"},"trim":"T6"},{"id":200709491,"name":"T5 Drive-E 4dr SUV (2.0L 4cyl Turbo 8A)","submodel":{"body":"SUV","modelName":"XC60 SUV","niceName":"suv"},"trim":"T5 Drive-E"},{"id":200675373,"name":"3.2 4dr SUV AWD w/Prod. End 6/14 (3.2L 6cyl 6A)","submodel":{"body":"SUV","modelName":"XC60 SUV","niceName":"suv"},"trim":"3.2"},{"id":200709492,"name":"T6 4dr SUV AWD (3.0L 6cyl Turbo 6A)","submodel":{"body":"SUV","modelName":"XC60 SUV","niceName":"suv"},"trim":"T6"},{"id":200729885,"name":"T6 R-Design Platinum 4dr SUV AWD w/Prod. End 6/14 (3.0L 6cyl Turbo 6A)","submodel":{"body":"SUV","modelName":"XC60 SUV","niceName":"suv"},"trim":"T6 R-Design Platinum"},{"id":200726299,"name":"T5 Platinum 4dr SUV AWD (2.5L 5cyl Turbo 6A)","submodel":{"body":"SUV","modelName":"XC60 SUV","niceName":"suv"},"trim":"T5 Platinum"},{"id":200726219,"name":"T5 Drive-E Platinum 4dr SUV (2.0L 4cyl Turbo 8A)","submodel":{"body":"SUV","modelName":"XC60 SUV","niceName":"suv"},"trim":"T5 Drive-E Platinum"},{"id":200725537,"name":"T6 Volvo Ocean Race Platinum 4dr SUV AWD (3.0L 6cyl Turbo 6A)","submodel":{"body":"SUV","modelName":"XC60 SUV","niceName":"suv"},"trim":"T6 Volvo Ocean Race Platinum"},{"id":200729879,"name":"T6 Premier Plus 4dr SUV AWD w/Prod. End 6/14 (3.0L 6cyl Turbo 6A)","submodel":{"body":"SUV","modelName":"XC60 SUV","niceName":"suv"},"trim":"T6 Premier Plus"},{"id":200729880,"name":"T6 Platinum 4dr SUV AWD w/Prod. End 6/14 (3.0L 6cyl Turbo 6A)","submodel":{"body":"SUV","modelName":"XC60 SUV","niceName":"suv"},"trim":"T6 Platinum"}]},{"id":200737697,"year":2016,"styles":[{"id":200737715,"name":"T6 R-Design 4dr SUV AWD (3.0L 6cyl Turbo 6A)","submodel":{"body":"SUV","modelName":"XC60 SUV","niceName":"suv"},"trim":"T6 R-Design"},{"id":200737716,"name":"T6 R-Design Platinum 4dr SUV AWD (3.0L 6cyl Turbo 6A)","submodel":{"body":"SUV","modelName":"XC60 SUV","niceName":"suv"},"trim":"T6 R-Design Platinum"},{"id":200737713,"name":"T6 Platinum 4dr SUV AWD (3.0L 6cyl Turbo 6A)","submodel":{"body":"SUV","modelName":"XC60 SUV","niceName":"suv"},"trim":"T6 Platinum"},{"id":401628179,"name":"T6 Drive-E 4dr SUV AWD (2.0L 4cyl Twincharger 8A)","submodel":{"body":"SUV","modelName":"XC60 SUV","niceName":"suv"},"trim":"T6 Drive-E"},{"id":401628180,"name":"T6 Drive-E Platinum 4dr SUV AWD (2.0L 4cyl Twincharger 8A)","submodel":{"body":"SUV","modelName":"XC60 SUV","niceName":"suv"},"trim":"T6 Drive-E Platinum"},{"id":200737703,"name":"T5 Drive-E Platinum 4dr SUV (2.0L 4cyl Turbo 8A)","submodel":{"body":"SUV","modelName":"XC60 SUV","niceName":"suv"},"trim":"T5 Drive-E Platinum"},{"id":200737702,"name":"T5 Drive-E Premier 4dr SUV (2.0L 4cyl Turbo 8A)","submodel":{"body":"SUV","modelName":"XC60 SUV","niceName":"suv"},"trim":"T5 Drive-E Premier"},{"id":401628176,"name":"T6 Drive-E R-Design 4dr SUV AWD (2.0L 4cyl Twincharger 8A)","submodel":{"body":"SUV","modelName":"XC60 SUV","niceName":"suv"},"trim":"T6 Drive-E R-Design"},{"id":401628175,"name":"T6 Drive-E R-Design Platinum 4dr SUV AWD (2.0L 4cyl Twincharger 8A)","submodel":{"body":"SUV","modelName":"XC60 SUV","niceName":"suv"},"trim":"T6 Drive-E R-Design Platinum"},{"id":200737699,"name":"T5 Drive-E 4dr SUV (2.0L 4cyl Turbo 8A)","submodel":{"body":"SUV","modelName":"XC60 SUV","niceName":"suv"},"trim":"T5 Drive-E"},{"id":200737712,"name":"T6 4dr SUV AWD (3.0L 6cyl Turbo 6A)","submodel":{"body":"SUV","modelName":"XC60 SUV","niceName":"suv"},"trim":"T6"},{"id":200737710,"name":"T6 Drive-E Platinum 4dr SUV (2.0L 4cyl Twincharger 8A)","submodel":{"body":"SUV","modelName":"XC60 SUV","niceName":"suv"},"trim":"T6 Drive-E Platinum"},{"id":200737709,"name":"T6 Drive-E 4dr SUV (2.0L 4cyl Twincharger 8A)","submodel":{"body":"SUV","modelName":"XC60 SUV","niceName":"suv"},"trim":"T6 Drive-E"},{"id":200737707,"name":"T5 Platinum 4dr SUV AWD (2.5L 5cyl Turbo 6A)","submodel":{"body":"SUV","modelName":"XC60 SUV","niceName":"suv"},"trim":"T5 Platinum"},{"id":200737706,"name":"T5 Premier 4dr SUV AWD (2.5L 5cyl Turbo 6A)","submodel":{"body":"SUV","modelName":"XC60 SUV","niceName":"suv"},"trim":"T5 Premier"},{"id":200737705,"name":"T5 4dr SUV AWD (2.5L 5cyl Turbo 6A)","submodel":{"body":"SUV","modelName":"XC60 SUV","niceName":"suv"},"trim":"T5"}]}]},{"id":"Volvo_XC70","name":"XC70","niceName":"xc70","years":[{"id":100502925,"year":2003,"styles":[{"id":100194646,"name":"AWD 4dr Wagon (2.5L 5cyl Turbo 5A)","submodel":{"body":"Wagon","modelName":"XC70 Wagon","niceName":"wagon"},"trim":"Base"}]},{"id":100503227,"year":2004,"styles":[{"id":100278284,"name":"AWD 4dr Wagon (2.5L 5cyl Turbo 5A)","submodel":{"body":"Wagon","modelName":"XC70 Wagon","niceName":"wagon"},"trim":"Base"}]},{"id":100505045,"year":2005,"styles":[{"id":100458960,"name":"AWD 4dr Wagon (2.5L 5cyl Turbo 5A)","submodel":{"body":"Wagon","modelName":"XC70 Wagon","niceName":"wagon"},"trim":"Base"}]},{"id":100506145,"year":2006,"styles":[{"id":100553034,"name":"4dr Wagon AWD (2.5L 5cyl Turbo 5A)","submodel":{"body":"Wagon","modelName":"XC70 Wagon","niceName":"wagon"},"trim":"Base"},{"id":100703741,"name":"Volvo Ocean Race Edition 4dr Wagon AWD (2.5L 5cyl Turbo 5A)","submodel":{"body":"Wagon","modelName":"XC70 Wagon","niceName":"wagon"},"trim":"Volvo Ocean Race Edition"}]},{"id":100519087,"year":2007,"styles":[{"id":100770117,"name":"4dr Wagon AWD (2.5L 5cyl Turbo 5A)","submodel":{"body":"Wagon","modelName":"XC70 Wagon","niceName":"wagon"},"trim":"Base"}]},{"id":100520207,"year":2008,"styles":[{"id":100946482,"name":"3.2 4dr Wagon AWD (3.2L 6cyl 6A)","submodel":{"body":"Wagon","modelName":"XC70 Wagon","niceName":"wagon"},"trim":"3.2"}]},{"id":100525889,"year":2009,"styles":[{"id":101047453,"name":"3.2 4dr Wagon AWD (3.2L 6cyl 6A)","submodel":{"body":"Wagon","modelName":"XC70 Wagon","niceName":"wagon"},"trim":"3.2"},{"id":101047582,"name":"T6 4dr Wagon AWD (3.0L 6cyl Turbo 6A)","submodel":{"body":"Wagon","modelName":"XC70 Wagon","niceName":"wagon"},"trim":"T6"}]},{"id":100528331,"year":2010,"styles":[{"id":101196299,"name":"T6 4dr Wagon AWD (3.0L 6cyl Turbo 6A)","submodel":{"body":"Wagon","modelName":"XC70 Wagon","niceName":"wagon"},"trim":"T6"},{"id":101196298,"name":"3.2 4dr Wagon AWD (3.2L 6cyl 6A)","submodel":{"body":"Wagon","modelName":"XC70 Wagon","niceName":"wagon"},"trim":"3.2"}]},{"id":100533350,"year":2011,"styles":[{"id":101360854,"name":"T6 4dr Wagon AWD (3.0L 6cyl Turbo 6A)","submodel":{"body":"Wagon","modelName":"XC70 Wagon","niceName":"wagon"},"trim":"T6"},{"id":101360853,"name":"3.2 4dr Wagon (3.2L 6cyl 6A)","submodel":{"body":"Wagon","modelName":"XC70 Wagon","niceName":"wagon"},"trim":"3.2"}]},{"id":100536449,"year":2012,"styles":[{"id":101399590,"name":"T6 4dr Wagon AWD (3.0L 6cyl Turbo 6A)","submodel":{"body":"Wagon","modelName":"XC70 Wagon","niceName":"wagon"},"trim":"T6"},{"id":101399589,"name":"3.2 4dr Wagon (3.2L 6cyl 6A)","submodel":{"body":"Wagon","modelName":"XC70 Wagon","niceName":"wagon"},"trim":"3.2"}]},{"id":200425522,"year":2013,"styles":[{"id":200425523,"name":"3.2 4dr Wagon (3.2L 6cyl 6A)","submodel":{"body":"Wagon","modelName":"XC70 Wagon","niceName":"wagon"},"trim":"3.2"},{"id":200425524,"name":"T6 4dr Wagon AWD (3.0L 6cyl Turbo 6A)","submodel":{"body":"Wagon","modelName":"XC70 Wagon","niceName":"wagon"},"trim":"T6"}]},{"id":200483721,"year":2014,"styles":[{"id":200483723,"name":"3.2 4dr Wagon (3.2L 6cyl 6A)","submodel":{"body":"Wagon","modelName":"XC70 Wagon","niceName":"wagon"},"trim":"3.2"},{"id":200483722,"name":"T6 4dr Wagon AWD (3.0L 6cyl Turbo 6A)","submodel":{"body":"Wagon","modelName":"XC70 Wagon","niceName":"wagon"},"trim":"T6"}]},{"id":200676008,"year":2015,"styles":[{"id":200711198,"name":"3.2 4dr Wagon AWD (3.2L 6cyl 6A)","submodel":{"body":"Wagon","modelName":"XC70 Wagon","niceName":"wagon"},"trim":"3.2"},{"id":200711215,"name":"T5 Drive-E 4dr Wagon (2.0L 4cyl Turbo 8A)","submodel":{"body":"Wagon","modelName":"XC70 Wagon","niceName":"wagon"},"trim":"T5 Drive-E"},{"id":200676010,"name":"T6 4dr Wagon AWD w/Prod. End 5/14 (3.0L 6cyl Turbo 6A)","submodel":{"body":"Wagon","modelName":"XC70 Wagon","niceName":"wagon"},"trim":"T6"},{"id":200676009,"name":"T5 Drive-E 4dr Wagon w/Prod. End 5/14 (2.0L 4cyl Turbo 8A)","submodel":{"body":"Wagon","modelName":"XC70 Wagon","niceName":"wagon"},"trim":"T5 Drive-E"},{"id":200676011,"name":"3.2 4dr Wagon AWD w/Prod. End 5/14 (3.2L 6cyl 6A)","submodel":{"body":"Wagon","modelName":"XC70 Wagon","niceName":"wagon"},"trim":"3.2"},{"id":200711223,"name":"T6 4dr Wagon AWD (3.0L 6cyl Turbo 6A)","submodel":{"body":"Wagon","modelName":"XC70 Wagon","niceName":"wagon"},"trim":"T6"}]},{"id":200739112,"year":2016,"styles":[{"id":200739115,"name":"T5 Drive-E 4dr Wagon (2.0L 4cyl Turbo 8A)","submodel":{"body":"Wagon","modelName":"XC70 Wagon","niceName":"wagon"},"trim":"T5 Drive-E"},{"id":401630560,"name":"T5 Drive-E Classic Premier 4dr Wagon (2.0L 4cyl Turbo 8A)","submodel":{"body":"Wagon","modelName":"XC70 Wagon","niceName":"wagon"},"trim":"T5 Drive-E Classic Premier"},{"id":401630561,"name":"T5 Drive-E Classic Platinum 4dr Wagon (2.0L 4cyl Turbo 8A)","submodel":{"body":"Wagon","modelName":"XC70 Wagon","niceName":"wagon"},"trim":"T5 Drive-E Classic Platinum"},{"id":401630578,"name":"T5 Classic Premier 4dr Wagon AWD (2.5L 5cyl Turbo 6A)","submodel":{"body":"Wagon","modelName":"XC70 Wagon","niceName":"wagon"},"trim":"T5 Classic Premier"},{"id":401630580,"name":"T5 Classic Platinum 4dr Wagon AWD (2.5L 5cyl Turbo 6A)","submodel":{"body":"Wagon","modelName":"XC70 Wagon","niceName":"wagon"},"trim":"T5 Classic Platinum"},{"id":200739991,"name":"T5 Platinum 4dr Wagon AWD (2.5L 5cyl Turbo 6A)","submodel":{"body":"Wagon","modelName":"XC70 Wagon","niceName":"wagon"},"trim":"T5 Platinum"},{"id":200739990,"name":"T5 Premier 4dr Wagon AWD (2.5L 5cyl Turbo 6A)","submodel":{"body":"Wagon","modelName":"XC70 Wagon","niceName":"wagon"},"trim":"T5 Premier"},{"id":200739987,"name":"T5 4dr Wagon AWD (2.5L 5cyl Turbo 6A)","submodel":{"body":"Wagon","modelName":"XC70 Wagon","niceName":"wagon"},"trim":"T5"},{"id":200739985,"name":"T5 Drive-E Premier 4dr Wagon (2.0L 4cyl Turbo 8A)","submodel":{"body":"Wagon","modelName":"XC70 Wagon","niceName":"wagon"},"trim":"T5 Drive-E Premier"},{"id":200739986,"name":"T5 Drive-E Platinum 4dr Wagon (2.0L 4cyl Turbo 8A)","submodel":{"body":"Wagon","modelName":"XC70 Wagon","niceName":"wagon"},"trim":"T5 Drive-E Platinum"}]}]},{"id":"Volvo_XC90","name":"XC90","niceName":"xc90","years":[{"id":100502676,"year":2003,"styles":[{"id":100171935,"name":"T6 AWD 4dr SUV (2.9L 6cyl Turbo 4A)","submodel":{"body":"SUV","modelName":"XC90 SUV","niceName":"suv"},"trim":"T6"},{"id":100171934,"name":"2.5T AWD 4dr SUV (2.5L 5cyl Turbo 5A)","submodel":{"body":"SUV","modelName":"XC90 SUV","niceName":"suv"},"trim":"2.5T"},{"id":100171933,"name":"2.5T Fwd 4dr SUV (2.5L 5cyl Turbo 5A)","submodel":{"body":"SUV","modelName":"XC90 SUV","niceName":"suv"},"trim":"2.5T"}]},{"id":100503228,"year":2004,"styles":[{"id":100278287,"name":"T6 AWD 4dr SUV (2.9L 6cyl Turbo 4A)","submodel":{"body":"SUV","modelName":"XC90 SUV","niceName":"suv"},"trim":"T6"},{"id":100278286,"name":"2.5T AWD 4dr SUV (2.5L 5cyl Turbo 5A)","submodel":{"body":"SUV","modelName":"XC90 SUV","niceName":"suv"},"trim":"2.5T"},{"id":100278285,"name":"2.5T Fwd 4dr SUV (2.5L 5cyl Turbo 5A)","submodel":{"body":"SUV","modelName":"XC90 SUV","niceName":"suv"},"trim":"2.5T"}]},{"id":100504122,"year":2005,"styles":[{"id":100461519,"name":"2.5T AWD 4dr SUV (2.5L 5cyl Turbo 5A)","submodel":{"body":"SUV","modelName":"XC90 SUV","niceName":"suv"},"trim":"2.5T"},{"id":100461517,"name":"2.5T Fwd 4dr SUV (2.5L 5cyl Turbo 5A)","submodel":{"body":"SUV","modelName":"XC90 SUV","niceName":"suv"},"trim":"2.5T"},{"id":100461566,"name":"T6 AWD 4dr SUV (2.9L 6cyl Turbo 4A)","submodel":{"body":"SUV","modelName":"XC90 SUV","niceName":"suv"},"trim":"T6"},{"id":100494603,"name":"V8 AWD 4dr SUV (4.4L 8cyl 6A)","submodel":{"body":"SUV","modelName":"XC90 SUV","niceName":"suv"},"trim":"V8"}]},{"id":100506132,"year":2006,"styles":[{"id":100703746,"name":"V8 Volvo Ocean Race Edition 4dr SUV AWD (4.4L 8cyl 6A)","submodel":{"body":"SUV","modelName":"XC90 SUV","niceName":"suv"},"trim":"V8 Volvo Ocean Race Edition"},{"id":100553064,"name":"V8 4dr SUV AWD (4.4L 8cyl 6A)","submodel":{"body":"SUV","modelName":"XC90 SUV","niceName":"suv"},"trim":"V8"},{"id":100553066,"name":"2.5T 4dr SUV (2.5L 5cyl Turbo 5A)","submodel":{"body":"SUV","modelName":"XC90 SUV","niceName":"suv"},"trim":"2.5T"}]},{"id":100507722,"year":2007,"styles":[{"id":100773248,"name":"3.2 4dr SUV (3.2L 6cyl 6A)","submodel":{"body":"SUV","modelName":"XC90 SUV","niceName":"suv"},"trim":"3.2"},{"id":100773247,"name":"V8 4dr SUV AWD (4.4L 8cyl 6A)","submodel":{"body":"SUV","modelName":"XC90 SUV","niceName":"suv"},"trim":"V8"},{"id":100845686,"name":"V8 Sport 4dr SUV AWD (4.4L 8cyl 6A)","submodel":{"body":"SUV","modelName":"XC90 SUV","niceName":"suv"},"trim":"V8 Sport"}]},{"id":100523561,"year":2008,"styles":[{"id":100896008,"name":"V8 4dr SUV AWD (4.4L 8cyl 6A)","submodel":{"body":"SUV","modelName":"XC90 SUV","niceName":"suv"},"trim":"V8"},{"id":100896007,"name":"3.2 4dr SUV (3.2L 6cyl 6A)","submodel":{"body":"SUV","modelName":"XC90 SUV","niceName":"suv"},"trim":"3.2"},{"id":100995853,"name":"3.2 Special Edition 4dr SUV AWD (3.2L 6cyl 6A)","submodel":{"body":"SUV","modelName":"XC90 SUV","niceName":"suv"},"trim":"3.2 Special Edition"},{"id":100896009,"name":"V8 Sport 4dr SUV AWD (4.4L 8cyl 6A)","submodel":{"body":"SUV","modelName":"XC90 SUV","niceName":"suv"},"trim":"V8 Sport"},{"id":100995852,"name":"3.2 Special Edition 4dr SUV (3.2L 6cyl 6A)","submodel":{"body":"SUV","modelName":"XC90 SUV","niceName":"suv"},"trim":"3.2 Special Edition"}]},{"id":100525890,"year":2009,"styles":[{"id":101063593,"name":"3.2 4dr SUV (3.2L 6cyl 6A)","submodel":{"body":"SUV","modelName":"XC90 SUV","niceName":"suv"},"trim":"3.2"},{"id":101063644,"name":"V8 4dr SUV AWD (4.4L 8cyl 6A)","submodel":{"body":"SUV","modelName":"XC90 SUV","niceName":"suv"},"trim":"V8"},{"id":101063709,"name":"V8 R-Design 4dr SUV AWD (4.4L 8cyl 6A)","submodel":{"body":"SUV","modelName":"XC90 SUV","niceName":"suv"},"trim":"V8 R-Design"},{"id":101158312,"name":"New 3.2 4dr SUV (3.2L 6cyl 6A)","submodel":{"body":"SUV","modelName":"XC90 SUV","niceName":"suv"},"trim":"3.2"},{"id":101063688,"name":"3.2 R-Design 4dr SUV (3.2L 6cyl 6A)","submodel":{"body":"SUV","modelName":"XC90 SUV","niceName":"suv"},"trim":"3.2 R-Design"}]},{"id":100528332,"year":2010,"styles":[{"id":101181547,"name":"3.2 R-Design 4dr SUV (3.2L 6cyl 6A)","submodel":{"body":"SUV","modelName":"XC90 SUV","niceName":"suv"},"trim":"3.2 R-Design"},{"id":101181548,"name":"V8 4dr SUV AWD (4.4L 8cyl 6A)","submodel":{"body":"SUV","modelName":"XC90 SUV","niceName":"suv"},"trim":"V8"},{"id":101181546,"name":"3.2 4dr SUV (3.2L 6cyl 6A)","submodel":{"body":"SUV","modelName":"XC90 SUV","niceName":"suv"},"trim":"3.2"}]},{"id":100533270,"year":2011,"styles":[{"id":101344481,"name":"V8 4dr SUV AWD (4.4L 8cyl 6A)","submodel":{"body":"SUV","modelName":"XC90 SUV","niceName":"suv"},"trim":"V8"},{"id":101344480,"name":"3.2 R-Design 4dr SUV (3.2L 6cyl 6A)","submodel":{"body":"SUV","modelName":"XC90 SUV","niceName":"suv"},"trim":"3.2 R-Design"},{"id":101344479,"name":"3.2 4dr SUV (3.2L 6cyl 6A)","submodel":{"body":"SUV","modelName":"XC90 SUV","niceName":"suv"},"trim":"3.2"}]},{"id":100536529,"year":2012,"styles":[{"id":101400317,"name":"3.2 4dr SUV (3.2L 6cyl 6A)","submodel":{"body":"SUV","modelName":"XC90 SUV","niceName":"suv"},"trim":"3.2"},{"id":101400318,"name":"3.2 R-Design 4dr SUV (3.2L 6cyl 6A)","submodel":{"body":"SUV","modelName":"XC90 SUV","niceName":"suv"},"trim":"3.2 R-Design"}]},{"id":100539229,"year":2013,"styles":[{"id":101421182,"name":"3.2 R-Design 4dr SUV (3.2L 6cyl 6A)","submodel":{"body":"SUV","modelName":"XC90 SUV","niceName":"suv"},"trim":"3.2 R-Design"},{"id":101421181,"name":"3.2 4dr SUV (3.2L 6cyl 6A)","submodel":{"body":"SUV","modelName":"XC90 SUV","niceName":"suv"},"trim":"3.2"}]},{"id":200484498,"year":2014,"styles":[{"id":200484499,"name":"3.2 R-Design 4dr SUV (3.2L 6cyl 6A)","submodel":{"body":"SUV","modelName":"XC90 SUV","niceName":"suv"},"trim":"3.2 R-Design"},{"id":200484500,"name":"3.2 4dr SUV (3.2L 6cyl 6A)","submodel":{"body":"SUV","modelName":"XC90 SUV","niceName":"suv"},"trim":"3.2"}]},{"id":200711225,"year":2016,"styles":[{"id":401628187,"name":"T8 Momentum Twin Engine Plug-In Hybrid 4dr SUV AWD (2.0L 4cyl Twincharger gas/electric hybrid 8A)","submodel":{"body":"SUV","fuel":"Hybrid","modelName":"XC90 Hybrid","niceName":"hybrid"},"trim":"T8 Momentum Twin Engine Plug-In Hybrid"},{"id":200720456,"name":"T6 R-Design 4dr SUV AWD (2.0L 4cyl Twincharger 8A)","submodel":{"body":"SUV","modelName":"XC90 SUV","niceName":"suv"},"trim":"T6 R-Design"},{"id":401628188,"name":"T8 Inscription Twin Engine Plug-In Hybrid 4dr SUV AWD (2.0L 4cyl Twincharger gas/electric hybrid 8A)","submodel":{"body":"SUV","fuel":"Hybrid","modelName":"XC90 Hybrid","niceName":"hybrid"},"trim":"T8 Inscription Twin Engine Plug-In Hybrid"},{"id":200720455,"name":"T6 Inscription 4dr SUV AWD (2.0L 4cyl Twincharger 8A)","submodel":{"body":"SUV","modelName":"XC90 SUV","niceName":"suv"},"trim":"T6 Inscription"},{"id":200674178,"name":"T6 Momentum 4dr SUV AWD (2.0L 4cyl Twincharger 8A)","submodel":{"body":"SUV","modelName":"XC90 SUV","niceName":"suv"},"trim":"T6 Momentum"},{"id":401628185,"name":"T5 Inscription 4dr SUV (2.0L 4cyl Turbo 8A)","submodel":{"body":"SUV","modelName":"XC90 SUV","niceName":"suv"},"trim":"T5 Inscription"},{"id":200720454,"name":"T6 First Edition 4dr SUV AWD (2.0L 4cyl Twincharger 8A)","submodel":{"body":"SUV","modelName":"XC90 SUV","niceName":"suv"},"trim":"T6 First Edition"},{"id":401628186,"name":"T5 R-Design 4dr SUV (2.0L 4cyl Turbo 8A)","submodel":{"body":"SUV","modelName":"XC90 SUV","niceName":"suv"},"trim":"T5 R-Design"},{"id":401628189,"name":"T5 R-Design 4dr SUV AWD (2.0L 4cyl Turbo 8A)","submodel":{"body":"SUV","modelName":"XC90 SUV","niceName":"suv"},"trim":"T5 R-Design"},{"id":401628183,"name":"T8 R-Design Twin Engine Plug-In Hybrid 4dr SUV AWD (2.0L 4cyl Twincharger gas/electric hybrid 8A)","submodel":{"body":"SUV","fuel":"Hybrid","modelName":"XC90 Hybrid","niceName":"hybrid"},"trim":"T8 R-Design Twin Engine Plug-In Hybrid"},{"id":401628184,"name":"T5 Momentum 4dr SUV AWD (2.0L 4cyl Turbo 8A)","submodel":{"body":"SUV","modelName":"XC90 SUV","niceName":"suv"},"trim":"T5 Momentum"},{"id":401628181,"name":"T5 Momentum 4dr SUV (2.0L 4cyl Turbo 8A)","submodel":{"body":"SUV","modelName":"XC90 SUV","niceName":"suv"},"trim":"T5 Momentum"},{"id":401628182,"name":"T5 Inscription 4dr SUV AWD (2.0L 4cyl Turbo 8A)","submodel":{"body":"SUV","modelName":"XC90 SUV","niceName":"suv"},"trim":"T5 Inscription"}]}]}],"modelsCount":25,"make":"Volvo"}