{"models":[{"id":"Buick_Cascada","name":"Cascada","niceName":"cascada","years":[{"id":200724880,"year":2016,"styles":[{"id":200724882,"name":"1SV 2dr Convertible (1.6L 4cyl Turbo 6A)","submodel":{"body":"Convertible","modelName":"Cascada Convertible","niceName":"convertible"},"trim":"1SV"},{"id":401613794,"name":"Premium 2dr Convertible (1.6L 4cyl Turbo 6A)","submodel":{"body":"Convertible","modelName":"Cascada Convertible","niceName":"convertible"},"trim":"Premium"}]}]},{"id":"Buick_Century","name":"Century","niceName":"century","years":[{"id":3236,"year":1990,"styles":[{"id":580,"name":"Custom 2dr Coupe","submodel":{"body":"Coupe","modelName":"Century Coupe","niceName":"coupe"},"trim":"Custom"},{"id":588,"name":"Custom 4dr Wagon","submodel":{"body":"Wagon","modelName":"Century Wagon","niceName":"wagon"},"trim":"Custom"},{"id":586,"name":"Custom 4dr Sedan","submodel":{"body":"Sedan","modelName":"Century Sedan","niceName":"sedan"},"trim":"Custom"},{"id":627,"name":"Limited 4dr Sedan","submodel":{"body":"Sedan","modelName":"Century Sedan","niceName":"sedan"},"trim":"Limited"},{"id":628,"name":"Limited 4dr Wagon","submodel":{"body":"Wagon","modelName":"Century Wagon","niceName":"wagon"},"trim":"Limited"}]},{"id":3237,"year":1991,"styles":[{"id":600,"name":"Custom 4dr Wagon","submodel":{"body":"Wagon","modelName":"Century Wagon","niceName":"wagon"},"trim":"Custom"},{"id":598,"name":"Custom 4dr Sedan","submodel":{"body":"Sedan","modelName":"Century Sedan","niceName":"sedan"},"trim":"Custom"},{"id":610,"name":"Limited 4dr Wagon","submodel":{"body":"Wagon","modelName":"Century Wagon","niceName":"wagon"},"trim":"Limited"},{"id":592,"name":"Custom 2dr Coupe","submodel":{"body":"Coupe","modelName":"Century Coupe","niceName":"coupe"},"trim":"Custom"},{"id":609,"name":"Limited 4dr Sedan","submodel":{"body":"Sedan","modelName":"Century Sedan","niceName":"sedan"},"trim":"Limited"}]},{"id":3238,"year":1992,"styles":[{"id":517,"name":"Custom 2dr Coupe","submodel":{"body":"Coupe","modelName":"Century Coupe","niceName":"coupe"},"trim":"Custom"},{"id":533,"name":"Limited 4dr Sedan","submodel":{"body":"Sedan","modelName":"Century Sedan","niceName":"sedan"},"trim":"Limited"},{"id":523,"name":"Custom 4dr Wagon","submodel":{"body":"Wagon","modelName":"Century Wagon","niceName":"wagon"},"trim":"Custom"},{"id":539,"name":"Special 4dr Sedan","submodel":{"body":"Sedan","modelName":"Century Sedan","niceName":"sedan"},"trim":"Special"},{"id":521,"name":"Custom 4dr Sedan","submodel":{"body":"Sedan","modelName":"Century Sedan","niceName":"sedan"},"trim":"Custom"},{"id":537,"name":"Limited 4dr Wagon","submodel":{"body":"Wagon","modelName":"Century Wagon","niceName":"wagon"},"trim":"Limited"}]},{"id":920,"year":1993,"styles":[{"id":475,"name":"Custom 4dr Wagon","submodel":{"body":"Wagon","modelName":"Century Wagon","niceName":"wagon"},"trim":"Custom"},{"id":499,"name":"Special 4dr Wagon","submodel":{"body":"Wagon","modelName":"Century Wagon","niceName":"wagon"},"trim":"Special"},{"id":439,"name":"Custom 4dr Sedan","submodel":{"body":"Sedan","modelName":"Century Sedan","niceName":"sedan"},"trim":"Custom"},{"id":437,"name":"Custom 2dr Coupe","submodel":{"body":"Coupe","modelName":"Century Coupe","niceName":"coupe"},"trim":"Custom"},{"id":495,"name":"Special 4dr Sedan","submodel":{"body":"Sedan","modelName":"Century Sedan","niceName":"sedan"},"trim":"Special"},{"id":491,"name":"Limited 4dr Sedan","submodel":{"body":"Sedan","modelName":"Century Sedan","niceName":"sedan"},"trim":"Limited"}]},{"id":3239,"year":1994,"styles":[{"id":395,"name":"Custom 4dr Sedan","submodel":{"body":"Sedan","modelName":"Century Sedan","niceName":"sedan"},"trim":"Custom"},{"id":413,"name":"Special 4dr Sedan","submodel":{"body":"Sedan","modelName":"Century Sedan","niceName":"sedan"},"trim":"Special"},{"id":415,"name":"Special 4dr Wagon","submodel":{"body":"Wagon","modelName":"Century Wagon","niceName":"wagon"},"trim":"Special"}]},{"id":3240,"year":1995,"styles":[{"id":344,"name":"Limited 4dr Sedan","submodel":{"body":"Sedan","modelName":"Century Sedan","niceName":"sedan"},"trim":"Limited"},{"id":329,"name":"Custom 4dr Sedan","submodel":{"body":"Sedan","modelName":"Century Sedan","niceName":"sedan"},"trim":"Custom"},{"id":346,"name":"Special 4dr Sedan","submodel":{"body":"Sedan","modelName":"Century Sedan","niceName":"sedan"},"trim":"Special"},{"id":348,"name":"Special 4dr Wagon","submodel":{"body":"Wagon","modelName":"Century Wagon","niceName":"wagon"},"trim":"Special"}]},{"id":921,"year":1996,"styles":[{"id":359,"name":"4dr Wagon","submodel":{"body":"Wagon","modelName":"Century Wagon","niceName":"wagon"},"trim":"Base"},{"id":357,"name":"4dr Sedan","submodel":{"body":"Sedan","modelName":"Century Sedan","niceName":"sedan"},"trim":"Base"}]},{"id":3241,"year":1997,"styles":[{"id":17462,"name":"Limited 4dr Sedan","submodel":{"body":"Sedan","modelName":"Century Sedan","niceName":"sedan"},"trim":"Limited"},{"id":17461,"name":"Custom 4dr Sedan","submodel":{"body":"Sedan","modelName":"Century Sedan","niceName":"sedan"},"trim":"Custom"}]},{"id":3242,"year":1998,"styles":[{"id":17119,"name":"Custom 4dr Sedan","submodel":{"body":"Sedan","modelName":"Century Sedan","niceName":"sedan"},"trim":"Custom"},{"id":17121,"name":"Limited 4dr Sedan","submodel":{"body":"Sedan","modelName":"Century Sedan","niceName":"sedan"},"trim":"Limited"}]},{"id":3421,"year":1999,"styles":[{"id":3696,"name":"Limited 4dr Sedan","submodel":{"body":"Sedan","modelName":"Century Sedan","niceName":"sedan"},"trim":"Limited"},{"id":12930,"name":"Custom 4dr Sedan","submodel":{"body":"Sedan","modelName":"Century Sedan","niceName":"sedan"},"trim":"Custom"}]},{"id":1148,"year":2000,"styles":[{"id":13799,"name":"Limited 4dr Sedan","submodel":{"body":"Sedan","modelName":"Century Sedan","niceName":"sedan"},"trim":"Limited"},{"id":13798,"name":"Custom 4dr Sedan","submodel":{"body":"Sedan","modelName":"Century Sedan","niceName":"sedan"},"trim":"Custom"}]},{"id":100000028,"year":2001,"styles":[{"id":100000558,"name":"Custom 4dr Sedan (3.1L 6cyl 4A)","submodel":{"body":"Sedan","modelName":"Century Sedan","niceName":"sedan"},"trim":"Custom"},{"id":100000559,"name":"Limited 4dr Sedan (3.1L 6cyl 4A)","submodel":{"body":"Sedan","modelName":"Century Sedan","niceName":"sedan"},"trim":"Limited"}]},{"id":3812,"year":2002,"styles":[{"id":19005,"name":"Limited 4dr Sedan (3.1L 6cyl 4A)","submodel":{"body":"Sedan","modelName":"Century Sedan","niceName":"sedan"},"trim":"Limited"},{"id":19004,"name":"Custom 4dr Sedan (3.1L 6cyl 4A)","submodel":{"body":"Sedan","modelName":"Century Sedan","niceName":"sedan"},"trim":"Custom"}]},{"id":100502731,"year":2003,"styles":[{"id":100104823,"name":"4dr Sedan (3.1L 6cyl 4A)","submodel":{"body":"Sedan","modelName":"Century Sedan","niceName":"sedan"},"trim":"Base"}]},{"id":100503172,"year":2004,"styles":[{"id":100273753,"name":"Standard 4dr Sedan (3.1L 6cyl 4A)","submodel":{"body":"Sedan","modelName":"Century Sedan","niceName":"sedan"},"trim":"Standard"}]},{"id":100503957,"year":2005,"styles":[{"id":100380667,"name":"Standard 4dr Sedan (3.1L 6cyl 4A)","submodel":{"body":"Sedan","modelName":"Century Sedan","niceName":"sedan"},"trim":"Standard"}]}]},{"id":"Buick_Electra","name":"Electra","niceName":"electra","years":[{"id":3243,"year":1990,"styles":[{"id":562,"name":"Park Avenue Ultra 4dr Sedan","submodel":{"body":"Sedan","modelName":"Electra Sedan","niceName":"sedan"},"trim":"Park Avenue Ultra"},{"id":564,"name":"Park Avenue 4dr Sedan","submodel":{"body":"Sedan","modelName":"Electra Sedan","niceName":"sedan"},"trim":"Park Avenue"},{"id":566,"name":"T Type 4dr Sedan","submodel":{"body":"Sedan","modelName":"Electra Sedan","niceName":"sedan"},"trim":"T Type"},{"id":560,"name":"Limited 4dr Sedan","submodel":{"body":"Sedan","modelName":"Electra Sedan","niceName":"sedan"},"trim":"Limited"}]}]},{"id":"Buick_Enclave","name":"Enclave","niceName":"enclave","years":[{"id":100506699,"year":2008,"styles":[{"id":100845495,"name":"CX 4dr SUV AWD (3.6L 6cyl 6A)","submodel":{"body":"SUV","modelName":"Enclave SUV","niceName":"suv"},"trim":"CX"},{"id":100845496,"name":"CXL 4dr SUV AWD (3.6L 6cyl 6A)","submodel":{"body":"SUV","modelName":"Enclave SUV","niceName":"suv"},"trim":"CXL"},{"id":100845493,"name":"CX 4dr SUV (3.6L 6cyl 6A)","submodel":{"body":"SUV","modelName":"Enclave SUV","niceName":"suv"},"trim":"CX"},{"id":100845494,"name":"CXL 4dr SUV (3.6L 6cyl 6A)","submodel":{"body":"SUV","modelName":"Enclave SUV","niceName":"suv"},"trim":"CXL"}]},{"id":100525834,"year":2009,"styles":[{"id":101035080,"name":"CXL 4dr SUV (3.6L 6cyl 6A)","submodel":{"body":"SUV","modelName":"Enclave SUV","niceName":"suv"},"trim":"CXL"},{"id":101035079,"name":"CX 4dr SUV (3.6L 6cyl 6A)","submodel":{"body":"SUV","modelName":"Enclave SUV","niceName":"suv"},"trim":"CX"},{"id":101035082,"name":"CXL 4dr SUV AWD (3.6L 6cyl 6A)","submodel":{"body":"SUV","modelName":"Enclave SUV","niceName":"suv"},"trim":"CXL"},{"id":101035081,"name":"CX 4dr SUV AWD (3.6L 6cyl 6A)","submodel":{"body":"SUV","modelName":"Enclave SUV","niceName":"suv"},"trim":"CX"}]},{"id":100528309,"year":2010,"styles":[{"id":101173927,"name":"CX 4dr SUV (3.6L 6cyl 6A)","submodel":{"body":"SUV","modelName":"Enclave SUV","niceName":"suv"},"trim":"CX"},{"id":101173928,"name":"CXL1 4dr SUV (3.6L 6cyl 6A)","submodel":{"body":"SUV","modelName":"Enclave SUV","niceName":"suv"},"trim":"CXL1"},{"id":101173982,"name":"CXL2 4dr SUV AWD (3.6L 6cyl 6A)","submodel":{"body":"SUV","modelName":"Enclave SUV","niceName":"suv"},"trim":"CXL2"},{"id":101173979,"name":"CXL1 4dr SUV AWD (3.6L 6cyl 6A)","submodel":{"body":"SUV","modelName":"Enclave SUV","niceName":"suv"},"trim":"CXL1"},{"id":101173978,"name":"CX 4dr SUV AWD (3.6L 6cyl 6A)","submodel":{"body":"SUV","modelName":"Enclave SUV","niceName":"suv"},"trim":"CX"},{"id":101173977,"name":"CXL2 4dr SUV (3.6L 6cyl 6A)","submodel":{"body":"SUV","modelName":"Enclave SUV","niceName":"suv"},"trim":"CXL2"}]},{"id":100532389,"year":2011,"styles":[{"id":101335626,"name":"CXL1 4dr SUV (3.6L 6cyl 6A)","submodel":{"body":"SUV","modelName":"Enclave SUV","niceName":"suv"},"trim":"CXL1"},{"id":101335625,"name":"CX 4dr SUV AWD (3.6L 6cyl 6A)","submodel":{"body":"SUV","modelName":"Enclave SUV","niceName":"suv"},"trim":"CX"},{"id":101335624,"name":"CX 4dr SUV (3.6L 6cyl 6A)","submodel":{"body":"SUV","modelName":"Enclave SUV","niceName":"suv"},"trim":"CX"},{"id":101335657,"name":"CXL1 4dr SUV AWD (3.6L 6cyl 6A)","submodel":{"body":"SUV","modelName":"Enclave SUV","niceName":"suv"},"trim":"CXL1"},{"id":101335658,"name":"CXL2 4dr SUV (3.6L 6cyl 6A)","submodel":{"body":"SUV","modelName":"Enclave SUV","niceName":"suv"},"trim":"CXL2"},{"id":101335659,"name":"CXL2 4dr SUV AWD (3.6L 6cyl 6A)","submodel":{"body":"SUV","modelName":"Enclave SUV","niceName":"suv"},"trim":"CXL2"}]},{"id":100535669,"year":2012,"styles":[{"id":101390941,"name":"Convenience Group 4dr SUV (3.6L 6cyl 6A)","submodel":{"body":"SUV","modelName":"Enclave SUV","niceName":"suv"},"trim":"Convenience Group"},{"id":101390942,"name":"Convenience Group 4dr SUV AWD (3.6L 6cyl 6A)","submodel":{"body":"SUV","modelName":"Enclave SUV","niceName":"suv"},"trim":"Convenience Group"},{"id":101390939,"name":"4dr SUV (3.6L 6cyl 6A)","submodel":{"body":"SUV","modelName":"Enclave SUV","niceName":"suv"},"trim":"Base"},{"id":101391345,"name":"Leather Group 4dr SUV (3.6L 6cyl 6A)","submodel":{"body":"SUV","modelName":"Enclave SUV","niceName":"suv"},"trim":"Leather Group"},{"id":101390940,"name":"4dr SUV AWD (3.6L 6cyl 6A)","submodel":{"body":"SUV","modelName":"Enclave SUV","niceName":"suv"},"trim":"Base"},{"id":101391346,"name":"Leather Group 4dr SUV AWD (3.6L 6cyl 6A)","submodel":{"body":"SUV","modelName":"Enclave SUV","niceName":"suv"},"trim":"Leather Group"},{"id":101391347,"name":"Premium Group 4dr SUV (3.6L 6cyl 6A)","submodel":{"body":"SUV","modelName":"Enclave SUV","niceName":"suv"},"trim":"Premium Group"},{"id":101391348,"name":"Premium Group 4dr SUV AWD (3.6L 6cyl 6A)","submodel":{"body":"SUV","modelName":"Enclave SUV","niceName":"suv"},"trim":"Premium Group"}]},{"id":100539350,"year":2013,"styles":[{"id":200440062,"name":"Convenience Group 4dr SUV AWD (3.6L 6cyl 6A)","submodel":{"body":"SUV","modelName":"Enclave SUV","niceName":"suv"},"trim":"Convenience Group"},{"id":101425974,"name":"Convenience Group 4dr SUV (3.6L 6cyl 6A)","submodel":{"body":"SUV","modelName":"Enclave SUV","niceName":"suv"},"trim":"Convenience Group"},{"id":200440064,"name":"Leather Group 4dr SUV AWD (3.6L 6cyl 6A)","submodel":{"body":"SUV","modelName":"Enclave SUV","niceName":"suv"},"trim":"Leather Group"},{"id":200440063,"name":"Leather Group 4dr SUV (3.6L 6cyl 6A)","submodel":{"body":"SUV","modelName":"Enclave SUV","niceName":"suv"},"trim":"Leather Group"},{"id":200440065,"name":"Premium Group 4dr SUV (3.6L 6cyl 6A)","submodel":{"body":"SUV","modelName":"Enclave SUV","niceName":"suv"},"trim":"Premium Group"},{"id":200440066,"name":"Premium Group 4dr SUV AWD (3.6L 6cyl 6A)","submodel":{"body":"SUV","modelName":"Enclave SUV","niceName":"suv"},"trim":"Premium Group"}]},{"id":200474986,"year":2014,"styles":[{"id":200474993,"name":"Convenience Group 4dr SUV AWD (3.6L 6cyl 6A)","submodel":{"body":"SUV","modelName":"Enclave SUV","niceName":"suv"},"trim":"Convenience Group"},{"id":200474994,"name":"Leather Group 4dr SUV (3.6L 6cyl 6A)","submodel":{"body":"SUV","modelName":"Enclave SUV","niceName":"suv"},"trim":"Leather Group"},{"id":200474992,"name":"Premium Group 4dr SUV AWD (3.6L 6cyl 6A)","submodel":{"body":"SUV","modelName":"Enclave SUV","niceName":"suv"},"trim":"Premium Group"},{"id":200474991,"name":"Premium Group 4dr SUV (3.6L 6cyl 6A)","submodel":{"body":"SUV","modelName":"Enclave SUV","niceName":"suv"},"trim":"Premium Group"},{"id":200474990,"name":"Leather Group 4dr SUV AWD (3.6L 6cyl 6A)","submodel":{"body":"SUV","modelName":"Enclave SUV","niceName":"suv"},"trim":"Leather Group"},{"id":200474989,"name":"Convenience Group 4dr SUV (3.6L 6cyl 6A)","submodel":{"body":"SUV","modelName":"Enclave SUV","niceName":"suv"},"trim":"Convenience Group"}]},{"id":200700843,"year":2015,"styles":[{"id":200700849,"name":"Premium Group 4dr SUV (3.6L 6cyl 6A)","submodel":{"body":"SUV","modelName":"Enclave SUV","niceName":"suv"},"trim":"Premium Group"},{"id":200700850,"name":"Premium Group 4dr SUV AWD (3.6L 6cyl 6A)","submodel":{"body":"SUV","modelName":"Enclave SUV","niceName":"suv"},"trim":"Premium Group"},{"id":200700851,"name":"Leather Group 4dr SUV (3.6L 6cyl 6A)","submodel":{"body":"SUV","modelName":"Enclave SUV","niceName":"suv"},"trim":"Leather Group"},{"id":200700848,"name":"Leather Group 4dr SUV AWD (3.6L 6cyl 6A)","submodel":{"body":"SUV","modelName":"Enclave SUV","niceName":"suv"},"trim":"Leather Group"},{"id":200700847,"name":"Convenience Group 4dr SUV (3.6L 6cyl 6A)","submodel":{"body":"SUV","modelName":"Enclave SUV","niceName":"suv"},"trim":"Convenience Group"}]},{"id":200740589,"year":2016,"styles":[{"id":200740596,"name":"Convenience Group 4dr SUV (3.6L 6cyl 6A)","submodel":{"body":"SUV","modelName":"Enclave SUV","niceName":"suv"},"trim":"Convenience Group"},{"id":200740595,"name":"Premium Group 4dr SUV (3.6L 6cyl 6A)","submodel":{"body":"SUV","modelName":"Enclave SUV","niceName":"suv"},"trim":"Premium Group"},{"id":200740594,"name":"Leather Group 4dr SUV AWD (3.6L 6cyl 6A)","submodel":{"body":"SUV","modelName":"Enclave SUV","niceName":"suv"},"trim":"Leather Group"},{"id":200740593,"name":"Leather Group 4dr SUV (3.6L 6cyl 6A)","submodel":{"body":"SUV","modelName":"Enclave SUV","niceName":"suv"},"trim":"Leather Group"},{"id":200740592,"name":"Premium Group 4dr SUV AWD (3.6L 6cyl 6A)","submodel":{"body":"SUV","modelName":"Enclave SUV","niceName":"suv"},"trim":"Premium Group"}]},{"id":200732908,"year":2017,"styles":[{"id":401640691,"name":"Leather Group 4dr SUV AWD (3.6L 6cyl 6A)","submodel":{"body":"SUV","modelName":"Enclave SUV","niceName":"suv"},"trim":"Leather Group"},{"id":401640690,"name":"Leather Group 4dr SUV (3.6L 6cyl 6A)","submodel":{"body":"SUV","modelName":"Enclave SUV","niceName":"suv"},"trim":"Leather Group"},{"id":401640689,"name":"Premium Group 4dr SUV AWD (3.6L 6cyl 6A)","submodel":{"body":"SUV","modelName":"Enclave SUV","niceName":"suv"},"trim":"Premium Group"},{"id":401640688,"name":"Premium Group 4dr SUV (3.6L 6cyl 6A)","submodel":{"body":"SUV","modelName":"Enclave SUV","niceName":"suv"},"trim":"Premium Group"},{"id":200732910,"name":"Convenience Group 4dr SUV (3.6L 6cyl 6A)","submodel":{"body":"SUV","modelName":"Enclave SUV","niceName":"suv"},"trim":"Convenience Group"}]}]},{"id":"Buick_Encore","name":"Encore","niceName":"encore","years":[{"id":100539089,"year":2013,"styles":[{"id":101418832,"name":"4dr SUV (1.4L 4cyl Turbo 6A)","submodel":{"body":"SUV","modelName":"Encore SUV","niceName":"suv"},"trim":"Base"},{"id":200443643,"name":"Premium 4dr SUV AWD (1.4L 4cyl Turbo 6A)","submodel":{"body":"SUV","modelName":"Encore SUV","niceName":"suv"},"trim":"Premium"},{"id":200443641,"name":"Leather 4dr SUV AWD (1.4L 4cyl Turbo 6A)","submodel":{"body":"SUV","modelName":"Encore SUV","niceName":"suv"},"trim":"Leather"},{"id":200443642,"name":"Premium 4dr SUV (1.4L 4cyl Turbo 6A)","submodel":{"body":"SUV","modelName":"Encore SUV","niceName":"suv"},"trim":"Premium"},{"id":200443640,"name":"Leather 4dr SUV (1.4L 4cyl Turbo 6A)","submodel":{"body":"SUV","modelName":"Encore SUV","niceName":"suv"},"trim":"Leather"},{"id":200443637,"name":"Convenience 4dr SUV (1.4L 4cyl Turbo 6A)","submodel":{"body":"SUV","modelName":"Encore SUV","niceName":"suv"},"trim":"Convenience"},{"id":200443638,"name":"Convenience 4dr SUV AWD (1.4L 4cyl Turbo 6A)","submodel":{"body":"SUV","modelName":"Encore SUV","niceName":"suv"},"trim":"Convenience"},{"id":200443636,"name":"4dr SUV AWD (1.4L 4cyl Turbo 6A)","submodel":{"body":"SUV","modelName":"Encore SUV","niceName":"suv"},"trim":"Base"}]},{"id":200475535,"year":2014,"styles":[{"id":200475541,"name":"Premium 4dr SUV AWD (1.4L 4cyl Turbo 6A)","submodel":{"body":"SUV","modelName":"Encore SUV","niceName":"suv"},"trim":"Premium"},{"id":200475542,"name":"Premium 4dr SUV (1.4L 4cyl Turbo 6A)","submodel":{"body":"SUV","modelName":"Encore SUV","niceName":"suv"},"trim":"Premium"},{"id":200475543,"name":"Leather 4dr SUV AWD (1.4L 4cyl Turbo 6A)","submodel":{"body":"SUV","modelName":"Encore SUV","niceName":"suv"},"trim":"Leather"},{"id":200475544,"name":"Leather 4dr SUV (1.4L 4cyl Turbo 6A)","submodel":{"body":"SUV","modelName":"Encore SUV","niceName":"suv"},"trim":"Leather"},{"id":200475538,"name":"Convenience 4dr SUV AWD (1.4L 4cyl Turbo 6A)","submodel":{"body":"SUV","modelName":"Encore SUV","niceName":"suv"},"trim":"Convenience"},{"id":200475539,"name":"Convenience 4dr SUV (1.4L 4cyl Turbo 6A)","submodel":{"body":"SUV","modelName":"Encore SUV","niceName":"suv"},"trim":"Convenience"},{"id":200475540,"name":"4dr SUV AWD (1.4L 4cyl Turbo 6A)","submodel":{"body":"SUV","modelName":"Encore SUV","niceName":"suv"},"trim":"Base"},{"id":200475545,"name":"4dr SUV (1.4L 4cyl Turbo 6A)","submodel":{"body":"SUV","modelName":"Encore SUV","niceName":"suv"},"trim":"Base"}]},{"id":200720057,"year":2015,"styles":[{"id":200720066,"name":"Leather 4dr SUV (1.4L 4cyl Turbo 6A)","submodel":{"body":"SUV","modelName":"Encore SUV","niceName":"suv"},"trim":"Leather"},{"id":200720065,"name":"Convenience 4dr SUV (1.4L 4cyl Turbo 6A)","submodel":{"body":"SUV","modelName":"Encore SUV","niceName":"suv"},"trim":"Convenience"},{"id":200720067,"name":"4dr SUV (1.4L 4cyl Turbo 6A)","submodel":{"body":"SUV","modelName":"Encore SUV","niceName":"suv"},"trim":"Base"},{"id":200720063,"name":"Premium 4dr SUV AWD (1.4L 4cyl Turbo 6A)","submodel":{"body":"SUV","modelName":"Encore SUV","niceName":"suv"},"trim":"Premium"},{"id":200720064,"name":"Convenience 4dr SUV AWD (1.4L 4cyl Turbo 6A)","submodel":{"body":"SUV","modelName":"Encore SUV","niceName":"suv"},"trim":"Convenience"},{"id":200720061,"name":"Leather 4dr SUV AWD (1.4L 4cyl Turbo 6A)","submodel":{"body":"SUV","modelName":"Encore SUV","niceName":"suv"},"trim":"Leather"},{"id":200720062,"name":"4dr SUV AWD (1.4L 4cyl Turbo 6A)","submodel":{"body":"SUV","modelName":"Encore SUV","niceName":"suv"},"trim":"Base"},{"id":200720060,"name":"Premium 4dr SUV (1.4L 4cyl Turbo 6A)","submodel":{"body":"SUV","modelName":"Encore SUV","niceName":"suv"},"trim":"Premium"}]},{"id":401583524,"year":2016,"styles":[{"id":401583528,"name":"4dr SUV (1.4L 4cyl Turbo 6A)","submodel":{"body":"SUV","modelName":"Encore SUV","niceName":"suv"},"trim":"Base"},{"id":401583537,"name":"Sport Touring 4dr SUV AWD (1.4L 4cyl Turbo 6A)","submodel":{"body":"SUV","modelName":"Encore SUV","niceName":"suv"},"trim":"Sport Touring"},{"id":401583533,"name":"Leather 4dr SUV AWD (1.4L 4cyl Turbo 6A)","submodel":{"body":"SUV","modelName":"Encore SUV","niceName":"suv"},"trim":"Leather"},{"id":401583534,"name":"4dr SUV AWD (1.4L 4cyl Turbo 6A)","submodel":{"body":"SUV","modelName":"Encore SUV","niceName":"suv"},"trim":"Base"},{"id":401583535,"name":"Premium 4dr SUV AWD (1.4L 4cyl Turbo 6A)","submodel":{"body":"SUV","modelName":"Encore SUV","niceName":"suv"},"trim":"Premium"},{"id":401583536,"name":"Sport Touring 4dr SUV (1.4L 4cyl Turbo 6A)","submodel":{"body":"SUV","modelName":"Encore SUV","niceName":"suv"},"trim":"Sport Touring"},{"id":401583529,"name":"Leather 4dr SUV (1.4L 4cyl Turbo 6A)","submodel":{"body":"SUV","modelName":"Encore SUV","niceName":"suv"},"trim":"Leather"},{"id":401583530,"name":"Convenience 4dr SUV (1.4L 4cyl Turbo 6A)","submodel":{"body":"SUV","modelName":"Encore SUV","niceName":"suv"},"trim":"Convenience"},{"id":401583531,"name":"Convenience 4dr SUV AWD (1.4L 4cyl Turbo 6A)","submodel":{"body":"SUV","modelName":"Encore SUV","niceName":"suv"},"trim":"Convenience"},{"id":401583532,"name":"Premium 4dr SUV (1.4L 4cyl Turbo 6A)","submodel":{"body":"SUV","modelName":"Encore SUV","niceName":"suv"},"trim":"Premium"}]},{"id":401631197,"year":2017,"styles":[{"id":401648004,"name":"Essence 4dr SUV AWD (1.4L 4cyl Turbo 6A)","submodel":{"body":"SUV","modelName":"Encore SUV","niceName":"suv"},"trim":"Essence"},{"id":401648003,"name":"Premium 4dr SUV (1.4L 4cyl Turbo 6A)","submodel":{"body":"SUV","modelName":"Encore SUV","niceName":"suv"},"trim":"Premium"},{"id":401648002,"name":"Premium 4dr SUV AWD (1.4L 4cyl Turbo 6A)","submodel":{"body":"SUV","modelName":"Encore SUV","niceName":"suv"},"trim":"Premium"},{"id":401648001,"name":"Preferred 4dr SUV AWD (1.4L 4cyl Turbo 6A)","submodel":{"body":"SUV","modelName":"Encore SUV","niceName":"suv"},"trim":"Preferred"},{"id":401647997,"name":"Preferred II 4dr SUV (1.4L 4cyl Turbo 6A)","submodel":{"body":"SUV","modelName":"Encore SUV","niceName":"suv"},"trim":"Preferred II"},{"id":401647998,"name":"Preferred II 4dr SUV AWD (1.4L 4cyl Turbo 6A)","submodel":{"body":"SUV","modelName":"Encore SUV","niceName":"suv"},"trim":"Preferred II"},{"id":401648000,"name":"Essence 4dr SUV (1.4L 4cyl Turbo 6A)","submodel":{"body":"SUV","modelName":"Encore SUV","niceName":"suv"},"trim":"Essence"},{"id":401631199,"name":"Preferred 4dr SUV (1.4L 4cyl Turbo 6A)","submodel":{"body":"SUV","modelName":"Encore SUV","niceName":"suv"},"trim":"Preferred"},{"id":401647995,"name":"Sport Touring 4dr SUV AWD (1.4L 4cyl Turbo 6A)","submodel":{"body":"SUV","modelName":"Encore SUV","niceName":"suv"},"trim":"Sport Touring"},{"id":401647996,"name":"Sport Touring 4dr SUV (1.4L 4cyl Turbo 6A)","submodel":{"body":"SUV","modelName":"Encore SUV","niceName":"suv"},"trim":"Sport Touring"}]}]},{"id":"Buick_Envision","name":"Envision","niceName":"envision","years":[{"id":200719677,"year":2016,"styles":[{"id":200482861,"name":"Premium I 4dr SUV AWD (2.0L 4cyl Turbo 6A)","submodel":{"body":"SUV","modelName":"Envision SUV","niceName":"suv"},"trim":"Premium I"},{"id":401640704,"name":"Premium II 4dr SUV AWD (2.0L 4cyl Turbo 6A)","submodel":{"body":"SUV","modelName":"Envision SUV","niceName":"suv"},"trim":"Premium II"}]},{"id":401640692,"year":2017,"styles":[{"id":401641048,"name":"Leather 4dr SUV AWD (2.5L 4cyl 6A)","submodel":{"body":"SUV","modelName":"Envision SUV","niceName":"suv"},"trim":"Leather"},{"id":401641047,"name":"Leather 4dr SUV (2.5L 4cyl 6A)","submodel":{"body":"SUV","modelName":"Envision SUV","niceName":"suv"},"trim":"Leather"},{"id":401641046,"name":"Convenience 4dr SUV (2.5L 4cyl 6A)","submodel":{"body":"SUV","modelName":"Envision SUV","niceName":"suv"},"trim":"Convenience"},{"id":401640693,"name":"Convenience 4dr SUV AWD (2.5L 4cyl 6A)","submodel":{"body":"SUV","modelName":"Envision SUV","niceName":"suv"},"trim":"Convenience"},{"id":401641010,"name":"Premium I 4dr SUV AWD (2.0L 4cyl Turbo 6A)","submodel":{"body":"SUV","modelName":"Envision SUV","niceName":"suv"},"trim":"Premium I"},{"id":401641011,"name":"Premium II 4dr SUV AWD (2.0L 4cyl Turbo 6A)","submodel":{"body":"SUV","modelName":"Envision SUV","niceName":"suv"},"trim":"Premium II"}]}]},{"id":"Buick_Estate_Wagon","name":"Estate Wagon","niceName":"estate-wagon","years":[{"id":3244,"year":1990,"styles":[{"id":577,"name":"4dr Wagon","submodel":{"body":"Estate Wagon","modelName":"Estate Wagon","niceName":"estate-wagon"},"trim":"Base"}]}]},{"id":"Buick_LaCrosse","name":"LaCrosse","niceName":"lacrosse","years":[{"id":100503279,"year":2005,"styles":[{"id":100377820,"name":"CX 4dr Sedan (3.8L 6cyl 4A)","submodel":{"body":"Sedan","modelName":"LaCrosse Sedan","niceName":"sedan"},"trim":"CX"},{"id":100377821,"name":"CXL 4dr Sedan (3.8L 6cyl 4A)","submodel":{"body":"Sedan","modelName":"LaCrosse Sedan","niceName":"sedan"},"trim":"CXL"},{"id":100377822,"name":"CXS 4dr Sedan (3.6L 6cyl 4A)","submodel":{"body":"Sedan","modelName":"LaCrosse Sedan","niceName":"sedan"},"trim":"CXS"}]},{"id":100506305,"year":2006,"styles":[{"id":100569952,"name":"CX 4dr Sedan (3.8L 6cyl 4A)","submodel":{"body":"Sedan","modelName":"LaCrosse Sedan","niceName":"sedan"},"trim":"CX"},{"id":100569954,"name":"CXS 4dr Sedan (3.6L 6cyl 4A)","submodel":{"body":"Sedan","modelName":"LaCrosse Sedan","niceName":"sedan"},"trim":"CXS"},{"id":100569953,"name":"CXL 4dr Sedan (3.8L 6cyl 4A)","submodel":{"body":"Sedan","modelName":"LaCrosse Sedan","niceName":"sedan"},"trim":"CXL"}]},{"id":100516843,"year":2007,"styles":[{"id":100757109,"name":"CXS 4dr Sedan (3.6L 6cyl 4A)","submodel":{"body":"Sedan","modelName":"LaCrosse Sedan","niceName":"sedan"},"trim":"CXS"},{"id":100757108,"name":"CXL 4dr Sedan (3.8L 6cyl 4A)","submodel":{"body":"Sedan","modelName":"LaCrosse Sedan","niceName":"sedan"},"trim":"CXL"},{"id":100757107,"name":"CX 4dr Sedan (3.8L 6cyl 4A)","submodel":{"body":"Sedan","modelName":"LaCrosse Sedan","niceName":"sedan"},"trim":"CX"}]},{"id":100507619,"year":2008,"styles":[{"id":100900863,"name":"Super 4dr Sedan (5.3L 8cyl 4A)","submodel":{"body":"Sedan","tuner":"Super","modelName":"LaCrosse Super","niceName":"super"},"trim":"Super"},{"id":100900793,"name":"CXS 4dr Sedan (3.6L 6cyl 4A)","submodel":{"body":"Sedan","modelName":"LaCrosse Sedan","niceName":"sedan"},"trim":"CXS"},{"id":100900791,"name":"CX 4dr Sedan (3.8L 6cyl 4A)","submodel":{"body":"Sedan","modelName":"LaCrosse Sedan","niceName":"sedan"},"trim":"CX"},{"id":100900792,"name":"CXL 4dr Sedan (3.8L 6cyl 4A)","submodel":{"body":"Sedan","modelName":"LaCrosse Sedan","niceName":"sedan"},"trim":"CXL"}]},{"id":100525769,"year":2009,"styles":[{"id":101035130,"name":"CX 4dr Sedan (3.8L 6cyl 4A)","submodel":{"body":"Sedan","modelName":"LaCrosse Sedan","niceName":"sedan"},"trim":"CX"},{"id":101035132,"name":"Super 4dr Sedan (5.3L 8cyl 4A)","submodel":{"body":"Sedan","tuner":"Super","modelName":"LaCrosse Super","niceName":"super"},"trim":"Super"},{"id":101035131,"name":"CXL 4dr Sedan (3.8L 6cyl 4A)","submodel":{"body":"Sedan","modelName":"LaCrosse Sedan","niceName":"sedan"},"trim":"CXL"}]},{"id":100525110,"year":2010,"styles":[{"id":101269942,"name":"CX 4dr Sedan (2.4L 4cyl 6A)","submodel":{"body":"Sedan","modelName":"LaCrosse Sedan","niceName":"sedan"},"trim":"CX"},{"id":101135361,"name":"CX 4dr Sedan (3.0L 6cyl 6A)","submodel":{"body":"Sedan","modelName":"LaCrosse Sedan","niceName":"sedan"},"trim":"CX"},{"id":101159628,"name":"CXS 4dr Sedan (3.6L 6cyl 6A)","submodel":{"body":"Sedan","modelName":"LaCrosse Sedan","niceName":"sedan"},"trim":"CXS"},{"id":101159581,"name":"CXL 4dr Sedan (3.0L 6cyl 6A)","submodel":{"body":"Sedan","modelName":"LaCrosse Sedan","niceName":"sedan"},"trim":"CXL"},{"id":101159582,"name":"CXL 4dr Sedan AWD (3.0L 6cyl 6A)","submodel":{"body":"Sedan","modelName":"LaCrosse Sedan","niceName":"sedan"},"trim":"CXL"}]},{"id":100532229,"year":2011,"styles":[{"id":101329536,"name":"CXS 4dr Sedan (3.6L 6cyl 6A)","submodel":{"body":"Sedan","modelName":"LaCrosse Sedan","niceName":"sedan"},"trim":"CXS"},{"id":101329535,"name":"CXL 4dr Sedan AWD (3.6L 6cyl 6A)","submodel":{"body":"Sedan","modelName":"LaCrosse Sedan","niceName":"sedan"},"trim":"CXL"},{"id":101329534,"name":"CXL 4dr Sedan (2.4L 4cyl 6A)","submodel":{"body":"Sedan","modelName":"LaCrosse Sedan","niceName":"sedan"},"trim":"CXL"},{"id":101329533,"name":"CX 4dr Sedan (2.4L 4cyl 6A)","submodel":{"body":"Sedan","modelName":"LaCrosse Sedan","niceName":"sedan"},"trim":"CX"}]},{"id":100535569,"year":2012,"styles":[{"id":101388952,"name":"Premium I Group 4dr Sedan AWD (3.6L 6cyl 6A)","submodel":{"body":"Sedan","modelName":"LaCrosse Sedan","niceName":"sedan"},"trim":"Premium I Group"},{"id":101388951,"name":"Premium I Group 4dr Sedan (2.4L 4cyl gas/electric hybrid 6A)","submodel":{"body":"Sedan","fuel":"Hybrid","modelName":"LaCrosse Hybrid","niceName":"hybrid"},"trim":"Premium I Group"},{"id":101388904,"name":"4dr Sedan (2.4L 4cyl gas/electric hybrid 6A)","submodel":{"body":"Sedan","fuel":"Hybrid","modelName":"LaCrosse Hybrid","niceName":"hybrid"},"trim":"Base"},{"id":101388905,"name":"Convenience Group 4dr Sedan (2.4L 4cyl gas/electric hybrid 6A)","submodel":{"body":"Sedan","fuel":"Hybrid","modelName":"LaCrosse Hybrid","niceName":"hybrid"},"trim":"Convenience Group"},{"id":101388956,"name":"Touring Group 4dr Sedan (3.6L 6cyl 6A)","submodel":{"body":"Sedan","modelName":"LaCrosse Sedan","niceName":"sedan"},"trim":"Touring Group"},{"id":101388906,"name":"Leather Group 4dr Sedan (2.4L 4cyl gas/electric hybrid 6A)","submodel":{"body":"Sedan","fuel":"Hybrid","modelName":"LaCrosse Hybrid","niceName":"hybrid"},"trim":"Leather Group"},{"id":101388955,"name":"Premium III Group 4dr Sedan (3.6L 6cyl 6A)","submodel":{"body":"Sedan","modelName":"LaCrosse Sedan","niceName":"sedan"},"trim":"Premium III Group"},{"id":101388907,"name":"Leather Group 4dr Sedan AWD (3.6L 6cyl 6A)","submodel":{"body":"Sedan","modelName":"LaCrosse Sedan","niceName":"sedan"},"trim":"Leather Group"},{"id":101388954,"name":"Premium II Group 4dr Sedan AWD (3.6L 6cyl 6A)","submodel":{"body":"Sedan","modelName":"LaCrosse Sedan","niceName":"sedan"},"trim":"Premium II Group"},{"id":101388953,"name":"Premium II Group 4dr Sedan (3.6L 6cyl 6A)","submodel":{"body":"Sedan","modelName":"LaCrosse Sedan","niceName":"sedan"},"trim":"Premium II Group"}]},{"id":200429460,"year":2013,"styles":[{"id":200429466,"name":"Premium II Group 4dr Sedan (3.6L 6cyl 6A)","submodel":{"body":"Sedan","modelName":"LaCrosse Sedan","niceName":"sedan"},"trim":"Premium II Group"},{"id":200429465,"name":"Premium I Group 4dr Sedan AWD (3.6L 6cyl 6A)","submodel":{"body":"Sedan","modelName":"LaCrosse Sedan","niceName":"sedan"},"trim":"Premium I Group"},{"id":200429467,"name":"Touring Group 4dr Sedan (3.6L 6cyl 6A)","submodel":{"body":"Sedan","modelName":"LaCrosse Sedan","niceName":"sedan"},"trim":"Touring Group"},{"id":200429462,"name":"Leather Group 4dr Sedan (2.4L 4cyl gas/electric hybrid 6A)","submodel":{"body":"Sedan","fuel":"Hybrid","modelName":"LaCrosse Hybrid","niceName":"hybrid"},"trim":"Leather Group"},{"id":200429461,"name":"4dr Sedan (2.4L 4cyl gas/electric hybrid 6A)","submodel":{"body":"Sedan","fuel":"Hybrid","modelName":"LaCrosse Hybrid","niceName":"hybrid"},"trim":"Base"},{"id":200429464,"name":"Premium I Group 4dr Sedan (3.6L 6cyl 6A)","submodel":{"body":"Sedan","modelName":"LaCrosse Sedan","niceName":"sedan"},"trim":"Premium I Group"},{"id":200429463,"name":"Leather Group 4dr Sedan AWD (3.6L 6cyl 6A)","submodel":{"body":"Sedan","modelName":"LaCrosse Sedan","niceName":"sedan"},"trim":"Leather Group"}]},{"id":200478757,"year":2014,"styles":[{"id":200478762,"name":"Leather Group 4dr Sedan (2.4L 4cyl gas/electric hybrid 6A)","submodel":{"body":"Sedan","fuel":"Hybrid","modelName":"LaCrosse Hybrid","niceName":"hybrid"},"trim":"Leather Group"},{"id":200478761,"name":"Leather Group 4dr Sedan AWD (3.6L 6cyl 6A)","submodel":{"body":"Sedan","modelName":"LaCrosse Sedan","niceName":"sedan"},"trim":"Leather Group"},{"id":200478763,"name":"4dr Sedan (2.4L 4cyl gas/electric hybrid 6A)","submodel":{"body":"Sedan","fuel":"Hybrid","modelName":"LaCrosse Hybrid","niceName":"hybrid"},"trim":"Base"},{"id":200478758,"name":"Premium II Group 4dr Sedan (3.6L 6cyl 6A)","submodel":{"body":"Sedan","modelName":"LaCrosse Sedan","niceName":"sedan"},"trim":"Premium II Group"},{"id":200478760,"name":"Premium I Group 4dr Sedan (3.6L 6cyl 6A)","submodel":{"body":"Sedan","modelName":"LaCrosse Sedan","niceName":"sedan"},"trim":"Premium I Group"},{"id":200478759,"name":"Premium I Group 4dr Sedan AWD (3.6L 6cyl 6A)","submodel":{"body":"Sedan","modelName":"LaCrosse Sedan","niceName":"sedan"},"trim":"Premium I Group"}]},{"id":200705489,"year":2015,"styles":[{"id":200727229,"name":"1SV 4dr Sedan (3.6L 6cyl 6A)","submodel":{"body":"Sedan","modelName":"LaCrosse Sedan","niceName":"sedan"},"trim":"1SV"},{"id":200705496,"name":"Leather Group 4dr Sedan (2.4L 4cyl gas/electric hybrid 6A)","submodel":{"body":"Sedan","fuel":"Hybrid","modelName":"LaCrosse Hybrid","niceName":"hybrid"},"trim":"Leather Group"},{"id":200705495,"name":"4dr Sedan (2.4L 4cyl gas/electric hybrid 6A)","submodel":{"body":"Sedan","fuel":"Hybrid","modelName":"LaCrosse Hybrid","niceName":"hybrid"},"trim":"Base"},{"id":200705498,"name":"Premium I Group 4dr Sedan (3.6L 6cyl 6A)","submodel":{"body":"Sedan","modelName":"LaCrosse Sedan","niceName":"sedan"},"trim":"Premium I Group"},{"id":200705497,"name":"Leather Group 4dr Sedan AWD (3.6L 6cyl 6A)","submodel":{"body":"Sedan","modelName":"LaCrosse Sedan","niceName":"sedan"},"trim":"Leather Group"},{"id":200705500,"name":"Premium II Group 4dr Sedan (3.6L 6cyl 6A)","submodel":{"body":"Sedan","modelName":"LaCrosse Sedan","niceName":"sedan"},"trim":"Premium II Group"},{"id":200705499,"name":"Premium I Group 4dr Sedan AWD (3.6L 6cyl 6A)","submodel":{"body":"Sedan","modelName":"LaCrosse Sedan","niceName":"sedan"},"trim":"Premium I Group"}]},{"id":200746717,"year":2016,"styles":[{"id":200746721,"name":"Premium I Group 4dr Sedan (3.6L 6cyl 6A)","submodel":{"body":"Sedan","modelName":"LaCrosse Sedan","niceName":"sedan"},"trim":"Premium I Group"},{"id":200746722,"name":"Leather Group 4dr Sedan AWD (3.6L 6cyl 6A)","submodel":{"body":"Sedan","modelName":"LaCrosse Sedan","niceName":"sedan"},"trim":"Leather Group"},{"id":200746718,"name":"1SV 4dr Sedan (3.6L 6cyl 6A)","submodel":{"body":"Sedan","modelName":"LaCrosse Sedan","niceName":"sedan"},"trim":"1SV"},{"id":200746719,"name":"4dr Sedan (3.6L 6cyl 6A)","submodel":{"body":"Sedan","modelName":"LaCrosse Sedan","niceName":"sedan"},"trim":"Base"},{"id":200746723,"name":"Leather Group 4dr Sedan (3.6L 6cyl 6A)","submodel":{"body":"Sedan","modelName":"LaCrosse Sedan","niceName":"sedan"},"trim":"Leather Group"},{"id":200746724,"name":"Premium II Group 4dr Sedan (3.6L 6cyl 6A)","submodel":{"body":"Sedan","modelName":"LaCrosse Sedan","niceName":"sedan"},"trim":"Premium II Group"},{"id":200746720,"name":"Premium I Group 4dr Sedan AWD (3.6L 6cyl 6A)","submodel":{"body":"Sedan","modelName":"LaCrosse Sedan","niceName":"sedan"},"trim":"Premium I Group"},{"id":401647928,"name":"Sport Touring 4dr Sedan (3.6L 6cyl 6A)","submodel":{"body":"Sedan","modelName":"LaCrosse Sedan","niceName":"sedan"},"trim":"Sport Touring"}]},{"id":401630402,"year":2017,"styles":[{"id":401630404,"name":"4dr Sedan","submodel":{"body":"Sedan","modelName":"LaCrosse Sedan","niceName":"sedan"},"trim":"Base"}]}]},{"id":"Buick_LeSabre","name":"LeSabre","niceName":"lesabre","years":[{"id":3246,"year":1990,"styles":[{"id":568,"name":"Custom 4dr Sedan","submodel":{"body":"Sedan","modelName":"LeSabre Sedan","niceName":"sedan"},"trim":"Custom"},{"id":570,"name":"Limited 2dr Coupe","submodel":{"body":"Coupe","modelName":"LeSabre Coupe","niceName":"coupe"},"trim":"Limited"},{"id":572,"name":"Limited 4dr Sedan","submodel":{"body":"Sedan","modelName":"LeSabre Sedan","niceName":"sedan"},"trim":"Limited"},{"id":575,"name":"2dr Coupe","submodel":{"body":"Coupe","modelName":"LeSabre Coupe","niceName":"coupe"},"trim":"Base"}]},{"id":3247,"year":1991,"styles":[{"id":549,"name":"Custom 4dr Sedan","submodel":{"body":"Sedan","modelName":"LeSabre Sedan","niceName":"sedan"},"trim":"Custom"},{"id":553,"name":"Limited 2dr Coupe","submodel":{"body":"Coupe","modelName":"LeSabre Coupe","niceName":"coupe"},"trim":"Limited"},{"id":554,"name":"Limited 4dr Sedan","submodel":{"body":"Sedan","modelName":"LeSabre Sedan","niceName":"sedan"},"trim":"Limited"},{"id":556,"name":"2dr Coupe","submodel":{"body":"Coupe","modelName":"LeSabre Coupe","niceName":"coupe"},"trim":"Base"}]},{"id":3248,"year":1992,"styles":[{"id":503,"name":"Custom 4dr Sedan","submodel":{"body":"Sedan","modelName":"LeSabre Sedan","niceName":"sedan"},"trim":"Custom"},{"id":509,"name":"Limited 4dr Sedan","submodel":{"body":"Sedan","modelName":"LeSabre Sedan","niceName":"sedan"},"trim":"Limited"}]},{"id":3249,"year":1993,"styles":[{"id":427,"name":"Limited 4dr Sedan","submodel":{"body":"Sedan","modelName":"LeSabre Sedan","niceName":"sedan"},"trim":"Limited"},{"id":422,"name":"Custom 4dr Sedan","submodel":{"body":"Sedan","modelName":"LeSabre Sedan","niceName":"sedan"},"trim":"Custom"},{"id":420,"name":"90th Anniversary 4dr Sedan","submodel":{"body":"Sedan","modelName":"LeSabre Sedan","niceName":"sedan"},"trim":"90th Anniversary"}]},{"id":3250,"year":1994,"styles":[{"id":386,"name":"Limited 4dr Sedan","submodel":{"body":"Sedan","modelName":"LeSabre Sedan","niceName":"sedan"},"trim":"Limited"},{"id":354,"name":"Custom 4dr Sedan","submodel":{"body":"Sedan","modelName":"LeSabre Sedan","niceName":"sedan"},"trim":"Custom"}]},{"id":3251,"year":1995,"styles":[{"id":367,"name":"Custom 4dr Sedan","submodel":{"body":"Sedan","modelName":"LeSabre Sedan","niceName":"sedan"},"trim":"Custom"},{"id":370,"name":"Limited 4dr Sedan","submodel":{"body":"Sedan","modelName":"LeSabre Sedan","niceName":"sedan"},"trim":"Limited"}]},{"id":3252,"year":1996,"styles":[{"id":307,"name":"Limited 4dr Sedan","submodel":{"body":"Sedan","modelName":"LeSabre Sedan","niceName":"sedan"},"trim":"Limited"},{"id":301,"name":"Custom 4dr Sedan","submodel":{"body":"Sedan","modelName":"LeSabre Sedan","niceName":"sedan"},"trim":"Custom"}]},{"id":923,"year":1997,"styles":[{"id":715,"name":"Limited 4dr Sedan","submodel":{"body":"Sedan","modelName":"LeSabre Sedan","niceName":"sedan"},"trim":"Limited"},{"id":714,"name":"Custom 4dr Sedan","submodel":{"body":"Sedan","modelName":"LeSabre Sedan","niceName":"sedan"},"trim":"Custom"}]},{"id":3422,"year":1998,"styles":[{"id":17124,"name":"Custom 4dr Sedan","submodel":{"body":"Sedan","modelName":"LeSabre Sedan","niceName":"sedan"},"trim":"Custom"},{"id":17126,"name":"Limited 4dr Sedan","submodel":{"body":"Sedan","modelName":"LeSabre Sedan","niceName":"sedan"},"trim":"Limited"}]},{"id":966,"year":1999,"styles":[{"id":12928,"name":"Limited 4dr Sedan","submodel":{"body":"Sedan","modelName":"LeSabre Sedan","niceName":"sedan"},"trim":"Limited"},{"id":13041,"name":"Custom 4dr Sedan","submodel":{"body":"Sedan","modelName":"LeSabre Sedan","niceName":"sedan"},"trim":"Custom"}]},{"id":1234,"year":2000,"styles":[{"id":8796,"name":"Limited 4dr Sedan","submodel":{"body":"Sedan","modelName":"LeSabre Sedan","niceName":"sedan"},"trim":"Limited"},{"id":8795,"name":"Custom 4dr Sedan","submodel":{"body":"Sedan","modelName":"LeSabre Sedan","niceName":"sedan"},"trim":"Custom"}]},{"id":100000030,"year":2001,"styles":[{"id":100000560,"name":"Custom 4dr Sedan (3.8L 6cyl 4A)","submodel":{"body":"Sedan","modelName":"LeSabre Sedan","niceName":"sedan"},"trim":"Custom"},{"id":100000561,"name":"Limited 4dr Sedan (3.8L 6cyl 4A)","submodel":{"body":"Sedan","modelName":"LeSabre Sedan","niceName":"sedan"},"trim":"Limited"}]},{"id":3813,"year":2002,"styles":[{"id":19006,"name":"Custom 4dr Sedan (3.8L 6cyl 4A)","submodel":{"body":"Sedan","modelName":"LeSabre Sedan","niceName":"sedan"},"trim":"Custom"},{"id":19007,"name":"Limited 4dr Sedan (3.8L 6cyl 4A)","submodel":{"body":"Sedan","modelName":"LeSabre Sedan","niceName":"sedan"},"trim":"Limited"}]},{"id":100502732,"year":2003,"styles":[{"id":100107242,"name":"Limited 4dr Sedan (3.8L 6cyl 4A)","submodel":{"body":"Sedan","modelName":"LeSabre Sedan","niceName":"sedan"},"trim":"Limited"},{"id":100107241,"name":"Custom 4dr Sedan (3.8L 6cyl 4A)","submodel":{"body":"Sedan","modelName":"LeSabre Sedan","niceName":"sedan"},"trim":"Custom"}]},{"id":100503173,"year":2004,"styles":[{"id":100273779,"name":"Limited 4dr Sedan (3.8L 6cyl 4A)","submodel":{"body":"Sedan","modelName":"LeSabre Sedan","niceName":"sedan"},"trim":"Limited"},{"id":100273778,"name":"Custom 4dr Sedan (3.8L 6cyl 4A)","submodel":{"body":"Sedan","modelName":"LeSabre Sedan","niceName":"sedan"},"trim":"Custom"}]},{"id":100503958,"year":2005,"styles":[{"id":100380671,"name":"Custom 4dr Sedan (3.8L 6cyl 4A)","submodel":{"body":"Sedan","modelName":"LeSabre Sedan","niceName":"sedan"},"trim":"Custom"},{"id":100380672,"name":"Limited 4dr Sedan (3.8L 6cyl 4A)","submodel":{"body":"Sedan","modelName":"LeSabre Sedan","niceName":"sedan"},"trim":"Limited"}]}]},{"id":"Buick_Lucerne","name":"Lucerne","niceName":"lucerne","years":[{"id":100505223,"year":2006,"styles":[{"id":100516977,"name":"CX 4dr Sedan (3.8L 6cyl 4A)","submodel":{"body":"Sedan","modelName":"Lucerne Sedan","niceName":"sedan"},"trim":"CX"},{"id":100621191,"name":"CXS 4dr Sedan (4.6L 8cyl 4A)","submodel":{"body":"Sedan","modelName":"Lucerne Sedan","niceName":"sedan"},"trim":"CXS"},{"id":100516978,"name":"CXL V6 4dr Sedan (3.8L 6cyl 4A)","submodel":{"body":"Sedan","modelName":"Lucerne Sedan","niceName":"sedan"},"trim":"CXL"},{"id":100516979,"name":"CXL V8 4dr Sedan (4.6L 8cyl 4A)","submodel":{"body":"Sedan","modelName":"Lucerne Sedan","niceName":"sedan"},"trim":"CXL"}]},{"id":100516842,"year":2007,"styles":[{"id":100757160,"name":"CX 4dr Sedan (3.8L 6cyl 4A)","submodel":{"body":"Sedan","modelName":"Lucerne Sedan","niceName":"sedan"},"trim":"CX"},{"id":100757161,"name":"CXL V6 4dr Sedan (3.8L 6cyl 4A)","submodel":{"body":"Sedan","modelName":"Lucerne Sedan","niceName":"sedan"},"trim":"CXL"},{"id":100757162,"name":"CXL V8 4dr Sedan (4.6L 8cyl 4A)","submodel":{"body":"Sedan","modelName":"Lucerne Sedan","niceName":"sedan"},"trim":"CXL"},{"id":100757163,"name":"CXS 4dr Sedan (4.6L 8cyl 4A)","submodel":{"body":"Sedan","modelName":"Lucerne Sedan","niceName":"sedan"},"trim":"CXS"}]},{"id":100523469,"year":2008,"styles":[{"id":100986221,"name":"Super 4dr Sedan (4.6L 8cyl 4A)","submodel":{"body":"Sedan","tuner":"Super","modelName":"Lucerne Super","niceName":"super"},"trim":"Super"},{"id":100890176,"name":"CX 4dr Sedan (3.8L 6cyl 4A)","submodel":{"body":"Sedan","modelName":"Lucerne Sedan","niceName":"sedan"},"trim":"CX"},{"id":100986220,"name":"CXL Special Edition 4dr Sedan (4.6L 8cyl 4A)","submodel":{"body":"Sedan","modelName":"Lucerne Sedan","niceName":"sedan"},"trim":"CXL Special Edition"},{"id":100986219,"name":"CXL Special Edition 4dr Sedan (3.8L 6cyl 4A)","submodel":{"body":"Sedan","modelName":"Lucerne Sedan","niceName":"sedan"},"trim":"CXL Special Edition"},{"id":100890177,"name":"CXL 4dr Sedan (3.8L 6cyl 4A)","submodel":{"body":"Sedan","modelName":"Lucerne Sedan","niceName":"sedan"},"trim":"CXL"},{"id":100890178,"name":"CXS 4dr Sedan (4.6L 8cyl 4A)","submodel":{"body":"Sedan","modelName":"Lucerne Sedan","niceName":"sedan"},"trim":"CXS"}]},{"id":100525770,"year":2009,"styles":[{"id":101035251,"name":"CX-2 4dr Sedan (3.9L 6cyl 4A)","submodel":{"body":"Sedan","modelName":"Lucerne Sedan","niceName":"sedan"},"trim":"CX-2"},{"id":101035357,"name":"CXL-3 4dr Sedan (3.9L 6cyl 4A)","submodel":{"body":"Sedan","modelName":"Lucerne Sedan","niceName":"sedan"},"trim":"CXL-3"},{"id":101035358,"name":"CXL-4 4dr Sedan (3.9L 6cyl 4A)","submodel":{"body":"Sedan","modelName":"Lucerne Sedan","niceName":"sedan"},"trim":"CXL-4"},{"id":101035359,"name":"CXL-5 4dr Sedan (3.9L 6cyl 4A)","submodel":{"body":"Sedan","modelName":"Lucerne Sedan","niceName":"sedan"},"trim":"CXL-5"},{"id":101035360,"name":"Super 4dr Sedan (4.6L 8cyl 4A)","submodel":{"body":"Sedan","tuner":"Super","modelName":"Lucerne Super","niceName":"super"},"trim":"Super"},{"id":101035185,"name":"CX 4dr Sedan (3.9L 6cyl 4A)","submodel":{"body":"Sedan","modelName":"Lucerne Sedan","niceName":"sedan"},"trim":"CX"},{"id":101035355,"name":"CXL 4dr Sedan (3.9L 6cyl 4A)","submodel":{"body":"Sedan","modelName":"Lucerne Sedan","niceName":"sedan"},"trim":"CXL"},{"id":101035356,"name":"CXL Special Edition 4dr Sedan (3.9L 6cyl 4A)","submodel":{"body":"Sedan","modelName":"Lucerne Sedan","niceName":"sedan"},"trim":"CXL Special Edition"}]},{"id":100528889,"year":2010,"styles":[{"id":101193912,"name":"CX 4dr Sedan (3.9L 6cyl 4A)","submodel":{"body":"Sedan","modelName":"Lucerne Sedan","niceName":"sedan"},"trim":"CX"},{"id":101261973,"name":"CXL Premium 4dr Sedan (3.9L 6cyl 4A)","submodel":{"body":"Sedan","modelName":"Lucerne Sedan","niceName":"sedan"},"trim":"CXL Premium"},{"id":101193915,"name":"CXL Special Edition 4dr Sedan (3.9L 6cyl 4A)","submodel":{"body":"Sedan","modelName":"Lucerne Sedan","niceName":"sedan"},"trim":"CXL Special Edition"},{"id":101193916,"name":"CXL-3 4dr Sedan (3.9L 6cyl 4A)","submodel":{"body":"Sedan","modelName":"Lucerne Sedan","niceName":"sedan"},"trim":"CXL-3"},{"id":101193913,"name":"CX-2 4dr Sedan (3.9L 6cyl 4A)","submodel":{"body":"Sedan","modelName":"Lucerne Sedan","niceName":"sedan"},"trim":"CX-2"},{"id":101193914,"name":"CXL 4dr Sedan (3.9L 6cyl 4A)","submodel":{"body":"Sedan","modelName":"Lucerne Sedan","niceName":"sedan"},"trim":"CXL"},{"id":101193919,"name":"Super 4dr Sedan (4.6L 8cyl 4A)","submodel":{"body":"Sedan","modelName":"Lucerne Sedan","niceName":"sedan"},"trim":"Super"},{"id":101193917,"name":"CXL-4 4dr Sedan (3.9L 6cyl 4A)","submodel":{"body":"Sedan","modelName":"Lucerne Sedan","niceName":"sedan"},"trim":"CXL-4"},{"id":101193918,"name":"CXL-5 4dr Sedan (3.9L 6cyl 4A)","submodel":{"body":"Sedan","modelName":"Lucerne Sedan","niceName":"sedan"},"trim":"CXL-5"}]},{"id":100532529,"year":2011,"styles":[{"id":101339926,"name":"Super 4dr Sedan (4.6L 8cyl 4A)","submodel":{"body":"Sedan","modelName":"Lucerne Sedan","niceName":"sedan"},"trim":"Super"},{"id":101339925,"name":"CXL Premium 4dr Sedan (3.9L 6cyl 4A)","submodel":{"body":"Sedan","modelName":"Lucerne Sedan","niceName":"sedan"},"trim":"CXL Premium"},{"id":101339924,"name":"CXL 4dr Sedan (3.9L 6cyl 4A)","submodel":{"body":"Sedan","modelName":"Lucerne Sedan","niceName":"sedan"},"trim":"CXL"},{"id":101339923,"name":"CX 4dr Sedan (3.9L 6cyl 4A)","submodel":{"body":"Sedan","modelName":"Lucerne Sedan","niceName":"sedan"},"trim":"CX"}]}]},{"id":"Buick_Park_Avenue","name":"Park Avenue","niceName":"park-avenue","years":[{"id":3253,"year":1991,"styles":[{"id":546,"name":"Ultra 4dr Sedan","submodel":{"body":"Sedan","modelName":"Park Avenue Sedan","niceName":"sedan"},"trim":"Ultra"},{"id":544,"name":"4dr Sedan","submodel":{"body":"Sedan","modelName":"Park Avenue Sedan","niceName":"sedan"},"trim":"Base"}]},{"id":3254,"year":1992,"styles":[{"id":502,"name":"Ultra 4dr Sedan","submodel":{"body":"Sedan","modelName":"Park Avenue Sedan","niceName":"sedan"},"trim":"Ultra"},{"id":501,"name":"4dr Sedan","submodel":{"body":"Sedan","modelName":"Park Avenue Sedan","niceName":"sedan"},"trim":"Base"}]},{"id":924,"year":1993,"styles":[{"id":418,"name":"Ultra 4dr Sedan","submodel":{"body":"Sedan","modelName":"Park Avenue Sedan","niceName":"sedan"},"trim":"Ultra"},{"id":417,"name":"4dr Sedan","submodel":{"body":"Sedan","modelName":"Park Avenue Sedan","niceName":"sedan"},"trim":"Base"}]},{"id":3019,"year":1994,"styles":[{"id":350,"name":"4dr Sedan","submodel":{"body":"Sedan","modelName":"Park Avenue Sedan","niceName":"sedan"},"trim":"Base"},{"id":352,"name":"Ultra 4dr Sedan","submodel":{"body":"Sedan","modelName":"Park Avenue Sedan","niceName":"sedan"},"trim":"Ultra"}]},{"id":3020,"year":1995,"styles":[{"id":364,"name":"Ultra 4dr Sedan","submodel":{"body":"Sedan","modelName":"Park Avenue Sedan","niceName":"sedan"},"trim":"Ultra"},{"id":361,"name":"4dr Sedan","submodel":{"body":"Sedan","modelName":"Park Avenue Sedan","niceName":"sedan"},"trim":"Base"}]},{"id":925,"year":1996,"styles":[{"id":299,"name":"Ultra 4dr Sedan","submodel":{"body":"Sedan","modelName":"Park Avenue Sedan","niceName":"sedan"},"trim":"Ultra"},{"id":297,"name":"4dr Sedan","submodel":{"body":"Sedan","modelName":"Park Avenue Sedan","niceName":"sedan"},"trim":"Base"}]},{"id":3021,"year":1997,"styles":[{"id":17742,"name":"4dr Sedan","submodel":{"body":"Sedan","modelName":"Park Avenue Sedan","niceName":"sedan"},"trim":"Base"},{"id":17743,"name":"Ultra 4dr Sedan","submodel":{"body":"Sedan","modelName":"Park Avenue Sedan","niceName":"sedan"},"trim":"Ultra"}]},{"id":3022,"year":1998,"styles":[{"id":2970,"name":"Ultra 4dr Sedan","submodel":{"body":"Sedan","modelName":"Park Avenue Sedan","niceName":"sedan"},"trim":"Ultra"},{"id":17128,"name":"4dr Sedan","submodel":{"body":"Sedan","modelName":"Park Avenue Sedan","niceName":"sedan"},"trim":"Base"}]},{"id":3423,"year":1999,"styles":[{"id":12552,"name":"Ultra 4dr Sedan","submodel":{"body":"Sedan","modelName":"Park Avenue Sedan","niceName":"sedan"},"trim":"Ultra"},{"id":12550,"name":"4dr Sedan","submodel":{"body":"Sedan","modelName":"Park Avenue Sedan","niceName":"sedan"},"trim":"Base"}]},{"id":1142,"year":2000,"styles":[{"id":13783,"name":"Ultra 4dr Sedan","submodel":{"body":"Sedan","modelName":"Park Avenue Sedan","niceName":"sedan"},"trim":"Ultra"},{"id":13782,"name":"4dr Sedan","submodel":{"body":"Sedan","modelName":"Park Avenue Sedan","niceName":"sedan"},"trim":"Base"}]},{"id":100000027,"year":2001,"styles":[{"id":100000562,"name":"4dr Sedan (3.8L 6cyl 4A)","submodel":{"body":"Sedan","modelName":"Park Avenue Sedan","niceName":"sedan"},"trim":"Base"},{"id":100000563,"name":"Ultra 4dr Sedan (3.8L 6cyl S/C 4A)","submodel":{"body":"Sedan","modelName":"Park Avenue Sedan","niceName":"sedan"},"trim":"Ultra"}]},{"id":3825,"year":2002,"styles":[{"id":19048,"name":"Ultra 4dr Sedan (3.8L 6cyl S/C 4A)","submodel":{"body":"Sedan","modelName":"Park Avenue Sedan","niceName":"sedan"},"trim":"Ultra"},{"id":19047,"name":"4dr Sedan (3.8L 6cyl 4A)","submodel":{"body":"Sedan","modelName":"Park Avenue Sedan","niceName":"sedan"},"trim":"Base"}]},{"id":100502733,"year":2003,"styles":[{"id":100118035,"name":"4dr Sedan (3.8L 6cyl 4A)","submodel":{"body":"Sedan","modelName":"Park Avenue Sedan","niceName":"sedan"},"trim":"Base"},{"id":100118036,"name":"Ultra 4dr Sedan (3.8L 6cyl S/C 4A)","submodel":{"body":"Sedan","modelName":"Park Avenue Sedan","niceName":"sedan"},"trim":"Ultra"}]},{"id":100503174,"year":2004,"styles":[{"id":100273783,"name":"Ultra 4dr Sedan (3.8L 6cyl S/C 4A)","submodel":{"body":"Sedan","modelName":"Park Avenue Sedan","niceName":"sedan"},"trim":"Ultra"},{"id":100273782,"name":"4dr Sedan (3.8L 6cyl 4A)","submodel":{"body":"Sedan","modelName":"Park Avenue Sedan","niceName":"sedan"},"trim":"Base"}]},{"id":100503959,"year":2005,"styles":[{"id":100380673,"name":"4dr Sedan (3.8L 6cyl 4A)","submodel":{"body":"Sedan","modelName":"Park Avenue Sedan","niceName":"sedan"},"trim":"Base"},{"id":100386757,"name":"Ultra 4dr Sedan (3.8L 6cyl S/C 4A)","submodel":{"body":"Sedan","modelName":"Park Avenue Sedan","niceName":"sedan"},"trim":"Ultra"}]}]},{"id":"Buick_Rainier","name":"Rainier","niceName":"rainier","years":[{"id":100502926,"year":2004,"styles":[{"id":100273801,"name":"CXL Plus Rwd 4dr SUV (4.2L 6cyl 4A)","submodel":{"body":"SUV","modelName":"Rainier SUV","niceName":"suv"},"trim":"CXL Plus"},{"id":100317742,"name":"CXL AWD 4dr SUV (4.2L 6cyl 4A)","submodel":{"body":"SUV","modelName":"Rainier SUV","niceName":"suv"},"trim":"CXL"},{"id":100317743,"name":"CXL Plus AWD 4dr SUV (4.2L 6cyl 4A)","submodel":{"body":"SUV","modelName":"Rainier SUV","niceName":"suv"},"trim":"CXL Plus"},{"id":100273798,"name":"CXL Rwd 4dr SUV (4.2L 6cyl 4A)","submodel":{"body":"SUV","modelName":"Rainier SUV","niceName":"suv"},"trim":"CXL"}]},{"id":100503960,"year":2005,"styles":[{"id":100380691,"name":"CXL Rwd 4dr SUV (4.2L 6cyl 4A)","submodel":{"body":"SUV","modelName":"Rainier SUV","niceName":"suv"},"trim":"CXL"},{"id":100380692,"name":"CXL AWD 4dr SUV (4.2L 6cyl 4A)","submodel":{"body":"SUV","modelName":"Rainier SUV","niceName":"suv"},"trim":"CXL"}]},{"id":100506272,"year":2006,"styles":[{"id":100565849,"name":"CXL 4dr SUV (4.2L 6cyl 4A)","submodel":{"body":"SUV","modelName":"Rainier SUV","niceName":"suv"},"trim":"CXL"},{"id":100565850,"name":"CXL 4dr SUV AWD (4.2L 6cyl 4A)","submodel":{"body":"SUV","modelName":"Rainier SUV","niceName":"suv"},"trim":"CXL"}]},{"id":100512859,"year":2007,"styles":[{"id":100721242,"name":"CXL 4dr SUV AWD (4.2L 6cyl 4A)","submodel":{"body":"SUV","modelName":"Rainier SUV","niceName":"suv"},"trim":"CXL"},{"id":100721241,"name":"CXL 4dr SUV (4.2L 6cyl 4A)","submodel":{"body":"SUV","modelName":"Rainier SUV","niceName":"suv"},"trim":"CXL"}]}]},{"id":"Buick_Reatta","name":"Reatta","niceName":"reatta","years":[{"id":926,"year":1990,"styles":[{"id":636,"name":"2dr Coupe","submodel":{"body":"Coupe","modelName":"Reatta Coupe","niceName":"coupe"},"trim":"Base"},{"id":632,"name":"2dr Convertible","submodel":{"body":"Convertible","modelName":"Reatta Convertible","niceName":"convertible"},"trim":"Base"}]},{"id":3024,"year":1991,"styles":[{"id":614,"name":"2dr Convertible","submodel":{"body":"Convertible","modelName":"Reatta Convertible","niceName":"convertible"},"trim":"Base"},{"id":616,"name":"2dr Coupe","submodel":{"body":"Coupe","modelName":"Reatta Coupe","niceName":"coupe"},"trim":"Base"}]}]},{"id":"Buick_Regal","name":"Regal","niceName":"regal","years":[{"id":3026,"year":1990,"styles":[{"id":622,"name":"Limited 2dr Coupe","submodel":{"body":"Coupe","modelName":"Regal Coupe","niceName":"coupe"},"trim":"Limited"},{"id":578,"name":"Custom 2dr Coupe","submodel":{"body":"Coupe","modelName":"Regal Coupe","niceName":"coupe"},"trim":"Custom"}]},{"id":3027,"year":1991,"styles":[{"id":594,"name":"Custom 4dr Sedan","submodel":{"body":"Sedan","modelName":"Regal Sedan","niceName":"sedan"},"trim":"Custom"},{"id":607,"name":"Limited 4dr Sedan","submodel":{"body":"Sedan","modelName":"Regal Sedan","niceName":"sedan"},"trim":"Limited"},{"id":590,"name":"Custom 2dr Coupe","submodel":{"body":"Coupe","modelName":"Regal Coupe","niceName":"coupe"},"trim":"Custom"},{"id":605,"name":"Limited 2dr Coupe","submodel":{"body":"Coupe","modelName":"Regal Coupe","niceName":"coupe"},"trim":"Limited"}]},{"id":3028,"year":1992,"styles":[{"id":519,"name":"Custom 4dr Sedan","submodel":{"body":"Sedan","modelName":"Regal Sedan","niceName":"sedan"},"trim":"Custom"},{"id":535,"name":"Limited 4dr Sedan","submodel":{"body":"Sedan","modelName":"Regal Sedan","niceName":"sedan"},"trim":"Limited"},{"id":515,"name":"Custom 2dr Coupe","submodel":{"body":"Coupe","modelName":"Regal Coupe","niceName":"coupe"},"trim":"Custom"},{"id":530,"name":"Limited 2dr Coupe","submodel":{"body":"Coupe","modelName":"Regal Coupe","niceName":"coupe"},"trim":"Limited"},{"id":527,"name":"Gran Sport 4dr Sedan","submodel":{"body":"Sedan","modelName":"Regal Sedan","niceName":"sedan"},"trim":"Gran Sport"},{"id":525,"name":"Gran Sport 2dr Coupe","submodel":{"body":"Coupe","modelName":"Regal Coupe","niceName":"coupe"},"trim":"Gran Sport"}]},{"id":3029,"year":1993,"styles":[{"id":486,"name":"Limited 2dr Coupe","submodel":{"body":"Coupe","modelName":"Regal Coupe","niceName":"coupe"},"trim":"Limited"},{"id":479,"name":"Gran Sport 2dr Coupe","submodel":{"body":"Coupe","modelName":"Regal Coupe","niceName":"coupe"},"trim":"Gran Sport"},{"id":473,"name":"Custom 4dr Sedan","submodel":{"body":"Sedan","modelName":"Regal Sedan","niceName":"sedan"},"trim":"Custom"},{"id":484,"name":"Gran Sport 4dr Sedan","submodel":{"body":"Sedan","modelName":"Regal Sedan","niceName":"sedan"},"trim":"Gran Sport"},{"id":493,"name":"Limited 4dr Sedan","submodel":{"body":"Sedan","modelName":"Regal Sedan","niceName":"sedan"},"trim":"Limited"},{"id":435,"name":"Custom 2dr Coupe","submodel":{"body":"Coupe","modelName":"Regal Coupe","niceName":"coupe"},"trim":"Custom"}]},{"id":3030,"year":1994,"styles":[{"id":412,"name":"Limited 4dr Sedan","submodel":{"body":"Sedan","modelName":"Regal Sedan","niceName":"sedan"},"trim":"Limited"},{"id":399,"name":"Custom 4dr Sedan","submodel":{"body":"Sedan","modelName":"Regal Sedan","niceName":"sedan"},"trim":"Custom"},{"id":403,"name":"Gran Sport 2dr Coupe","submodel":{"body":"Coupe","modelName":"Regal Coupe","niceName":"coupe"},"trim":"Gran Sport"},{"id":392,"name":"Custom 2dr Coupe","submodel":{"body":"Coupe","modelName":"Regal Coupe","niceName":"coupe"},"trim":"Custom"},{"id":407,"name":"Gran Sport 4dr Sedan","submodel":{"body":"Sedan","modelName":"Regal Sedan","niceName":"sedan"},"trim":"Gran Sport"}]},{"id":927,"year":1995,"styles":[{"id":342,"name":"Limited 4dr Sedan","submodel":{"body":"Sedan","modelName":"Regal Sedan","niceName":"sedan"},"trim":"Limited"},{"id":327,"name":"Custom 4dr Sedan","submodel":{"body":"Sedan","modelName":"Regal Sedan","niceName":"sedan"},"trim":"Custom"},{"id":338,"name":"Gran Sport 4dr Sedan","submodel":{"body":"Sedan","modelName":"Regal Sedan","niceName":"sedan"},"trim":"Gran Sport"},{"id":381,"name":"Custom 2dr Coupe","submodel":{"body":"Coupe","modelName":"Regal Coupe","niceName":"coupe"},"trim":"Custom"},{"id":333,"name":"Custom Select 4dr Sedan","submodel":{"body":"Sedan","modelName":"Regal Sedan","niceName":"sedan"},"trim":"Custom Select"},{"id":336,"name":"Gran Sport 2dr Coupe","submodel":{"body":"Coupe","modelName":"Regal Coupe","niceName":"coupe"},"trim":"Gran Sport"}]},{"id":3031,"year":1996,"styles":[{"id":321,"name":"Gran Sport 2dr Coupe","submodel":{"body":"Coupe","modelName":"Regal Coupe","niceName":"coupe"},"trim":"Gran Sport"},{"id":323,"name":"Gran Sport 4dr Sedan","submodel":{"body":"Sedan","modelName":"Regal Sedan","niceName":"sedan"},"trim":"Gran Sport"},{"id":324,"name":"Limited 4dr Sedan","submodel":{"body":"Sedan","modelName":"Regal Sedan","niceName":"sedan"},"trim":"Limited"},{"id":355,"name":"Olympic Gold 4dr Sedan","submodel":{"body":"Sedan","modelName":"Regal Sedan","niceName":"sedan"},"trim":"Olympic Gold"},{"id":316,"name":"Custom 4dr Sedan","submodel":{"body":"Sedan","modelName":"Regal Sedan","niceName":"sedan"},"trim":"Custom"},{"id":313,"name":"Custom 2dr Coupe","submodel":{"body":"Coupe","modelName":"Regal Coupe","niceName":"coupe"},"trim":"Custom"}]},{"id":3032,"year":1997,"styles":[{"id":294,"name":"LS 4dr Sedan","submodel":{"body":"Sedan","modelName":"Regal Sedan","niceName":"sedan"},"trim":"LS"},{"id":291,"name":"GS 4dr Sedan","submodel":{"body":"Sedan","modelName":"Regal Sedan","niceName":"sedan"},"trim":"GS"}]},{"id":928,"year":1998,"styles":[{"id":17131,"name":"LS 4dr Sedan","submodel":{"body":"Sedan","modelName":"Regal Sedan","niceName":"sedan"},"trim":"LS"},{"id":17132,"name":"GS 4dr Sedan","submodel":{"body":"Sedan","modelName":"Regal Sedan","niceName":"sedan"},"trim":"GS"},{"id":269,"name":"25th Anniversary 4dr Sedan","submodel":{"body":"Sedan","modelName":"Regal Sedan","niceName":"sedan"},"trim":"25th Anniversary"}]},{"id":3425,"year":1999,"styles":[{"id":12556,"name":"GS 4dr Sedan","submodel":{"body":"Sedan","modelName":"Regal Sedan","niceName":"sedan"},"trim":"GS"},{"id":12554,"name":"LS 4dr Sedan","submodel":{"body":"Sedan","modelName":"Regal Sedan","niceName":"sedan"},"trim":"LS"}]},{"id":1128,"year":2000,"styles":[{"id":9984,"name":"GS 4dr Sedan","submodel":{"body":"Sedan","modelName":"Regal Sedan","niceName":"sedan"},"trim":"GS"},{"id":9983,"name":"LS 4dr Sedan","submodel":{"body":"Sedan","modelName":"Regal Sedan","niceName":"sedan"},"trim":"LS"},{"id":1045,"name":"LSE 4dr Sedan","submodel":{"body":"Sedan","modelName":"Regal Sedan","niceName":"sedan"},"trim":"LSE"}]},{"id":100000029,"year":2001,"styles":[{"id":100000565,"name":"LS 4dr Sedan (3.8L 6cyl 4A)","submodel":{"body":"Sedan","modelName":"Regal Sedan","niceName":"sedan"},"trim":"LS"},{"id":100000564,"name":"GS 4dr Sedan (3.8L 6cyl S/C 4A)","submodel":{"body":"Sedan","modelName":"Regal Sedan","niceName":"sedan"},"trim":"GS"}]},{"id":3814,"year":2002,"styles":[{"id":19009,"name":"LS 4dr Sedan (3.8L 6cyl 4A)","submodel":{"body":"Sedan","modelName":"Regal Sedan","niceName":"sedan"},"trim":"LS"},{"id":19008,"name":"GS 4dr Sedan (3.8L 6cyl S/C 4A)","submodel":{"body":"Sedan","modelName":"Regal Sedan","niceName":"sedan"},"trim":"GS"}]},{"id":100502734,"year":2003,"styles":[{"id":100106581,"name":"LS 4dr Sedan (3.8L 6cyl 4A)","submodel":{"body":"Sedan","modelName":"Regal Sedan","niceName":"sedan"},"trim":"LS"},{"id":100106582,"name":"GS 4dr Sedan (3.8L 6cyl S/C 4A)","submodel":{"body":"Sedan","modelName":"Regal Sedan","niceName":"sedan"},"trim":"GS"}]},{"id":100503218,"year":2004,"styles":[{"id":100274235,"name":"GS 4dr Sedan (3.8L 6cyl S/C 4A)","submodel":{"body":"Sedan","modelName":"Regal Sedan","niceName":"sedan"},"trim":"GS"},{"id":100274234,"name":"LS 4dr Sedan (3.8L 6cyl 4A)","submodel":{"body":"Sedan","modelName":"Regal Sedan","niceName":"sedan"},"trim":"LS"}]},{"id":100530271,"year":2011,"styles":[{"id":101249102,"name":"CXL 4dr Sedan (2.4L 4cyl 6A)","submodel":{"body":"Sedan","modelName":"Regal Sedan","niceName":"sedan"},"trim":"CXL"},{"id":101352622,"name":"CXL Turbo 4dr Sedan (2.0L 4cyl Turbo 6A)","submodel":{"body":"Sedan","modelName":"Regal Sedan","niceName":"sedan"},"trim":"CXL Turbo"}]},{"id":100528849,"year":2012,"styles":[{"id":101401129,"name":"Premium 1 Turbo 4dr Sedan (2.0L 4cyl Turbo 6A)","submodel":{"body":"Sedan","modelName":"Regal Sedan","niceName":"sedan"},"trim":"Premium 1 Turbo"},{"id":101401134,"name":"Premium 2 Turbo 4dr Sedan (2.0L 4cyl Turbo 6A)","submodel":{"body":"Sedan","modelName":"Regal Sedan","niceName":"sedan"},"trim":"Premium 2 Turbo"},{"id":101401135,"name":"Premium 3 Turbo 4dr Sedan (2.0L 4cyl Turbo 6A)","submodel":{"body":"Sedan","modelName":"Regal Sedan","niceName":"sedan"},"trim":"Premium 3 Turbo"},{"id":101401136,"name":"GS 4dr Sedan (2.0L 4cyl Turbo 6M)","submodel":{"body":"Sedan","tuner":"GS","modelName":"Regal GS","niceName":"gs"},"trim":"GS"},{"id":101356433,"name":"Premium 1 4dr Sedan (2.4L 4cyl 6A)","submodel":{"body":"Sedan","modelName":"Regal Sedan","niceName":"sedan"},"trim":"Premium 1"},{"id":101401055,"name":"Premium 2 4dr Sedan (2.4L 4cyl 6A)","submodel":{"body":"Sedan","modelName":"Regal Sedan","niceName":"sedan"},"trim":"Premium 2"},{"id":101336912,"name":"4dr Sedan (2.4L 4cyl 6A)","submodel":{"body":"Sedan","modelName":"Regal Sedan","niceName":"sedan"},"trim":"Base"}]},{"id":200434927,"year":2013,"styles":[{"id":200434933,"name":"Premium 3 Turbo 4dr Sedan (2.0L 4cyl Turbo 6A)","submodel":{"body":"Sedan","modelName":"Regal Sedan","niceName":"sedan"},"trim":"Premium 3 Turbo"},{"id":200434934,"name":"GS 4dr Sedan (2.0L 4cyl Turbo 6A)","submodel":{"body":"Sedan","tuner":"GS","modelName":"Regal GS","niceName":"gs"},"trim":"GS"},{"id":200434929,"name":"Premium 1 4dr Sedan (2.4L 4cyl gas/electric hybrid 6A)","submodel":{"body":"Sedan","fuel":"Hybrid","modelName":"Regal Hybrid","niceName":"hybrid"},"trim":"Premium 1"},{"id":200434930,"name":"Premium 2 4dr Sedan (2.4L 4cyl gas/electric hybrid 6A)","submodel":{"body":"Sedan","fuel":"Hybrid","modelName":"Regal Hybrid","niceName":"hybrid"},"trim":"Premium 2"},{"id":200434931,"name":"Premium 1 Turbo 4dr Sedan (2.0L 4cyl Turbo 6A)","submodel":{"body":"Sedan","modelName":"Regal Sedan","niceName":"sedan"},"trim":"Premium 1 Turbo"},{"id":200434932,"name":"Premium 2 Turbo 4dr Sedan (2.0L 4cyl Turbo 6A)","submodel":{"body":"Sedan","modelName":"Regal Sedan","niceName":"sedan"},"trim":"Premium 2 Turbo"},{"id":200434928,"name":"4dr Sedan (2.4L 4cyl gas/electric hybrid 6A)","submodel":{"body":"Sedan","fuel":"Hybrid","modelName":"Regal Hybrid","niceName":"hybrid"},"trim":"Base"}]},{"id":200495789,"year":2014,"styles":[{"id":200495797,"name":"GS 4dr Sedan AWD (2.0L 4cyl Turbo 6A)","submodel":{"body":"Sedan","modelName":"Regal Sedan","niceName":"sedan"},"trim":"GS"},{"id":200495794,"name":"Premium II 4dr Sedan AWD (2.0L 4cyl Turbo 6A)","submodel":{"body":"Sedan","modelName":"Regal Sedan","niceName":"sedan"},"trim":"Premium II"},{"id":200495793,"name":"Premium II 4dr Sedan (2.0L 4cyl Turbo 6A)","submodel":{"body":"Sedan","modelName":"Regal Sedan","niceName":"sedan"},"trim":"Premium II"},{"id":200495796,"name":"4dr Sedan AWD (2.0L 4cyl Turbo 6A)","submodel":{"body":"Sedan","modelName":"Regal Sedan","niceName":"sedan"},"trim":"Base"},{"id":200495795,"name":"GS 4dr Sedan (2.0L 4cyl Turbo 6A)","submodel":{"body":"Sedan","modelName":"Regal Sedan","niceName":"sedan"},"trim":"GS"},{"id":200495790,"name":"Premium I 4dr Sedan (2.0L 4cyl Turbo 6A)","submodel":{"body":"Sedan","modelName":"Regal Sedan","niceName":"sedan"},"trim":"Premium I"},{"id":200495791,"name":"4dr Sedan (2.0L 4cyl Turbo 6A)","submodel":{"body":"Sedan","modelName":"Regal Sedan","niceName":"sedan"},"trim":"Base"},{"id":200495792,"name":"Premium I 4dr Sedan AWD (2.0L 4cyl Turbo 6A)","submodel":{"body":"Sedan","modelName":"Regal Sedan","niceName":"sedan"},"trim":"Premium I"}]},{"id":200705490,"year":2015,"styles":[{"id":200705506,"name":"Premium II 4dr Sedan (2.0L 4cyl Turbo 6A)","submodel":{"body":"Sedan","modelName":"Regal Sedan","niceName":"sedan"},"trim":"Premium II"},{"id":200705505,"name":"Premium II 4dr Sedan AWD (2.0L 4cyl Turbo 6A)","submodel":{"body":"Sedan","modelName":"Regal Sedan","niceName":"sedan"},"trim":"Premium II"},{"id":200705508,"name":"GS 4dr Sedan AWD (2.0L 4cyl Turbo 6A)","submodel":{"body":"Sedan","modelName":"Regal Sedan","niceName":"sedan"},"trim":"GS"},{"id":200705507,"name":"Premium I 4dr Sedan AWD (2.0L 4cyl Turbo 6A)","submodel":{"body":"Sedan","modelName":"Regal Sedan","niceName":"sedan"},"trim":"Premium I"},{"id":200705510,"name":"Premium I 4dr Sedan (2.0L 4cyl Turbo 6A)","submodel":{"body":"Sedan","modelName":"Regal Sedan","niceName":"sedan"},"trim":"Premium I"},{"id":200705509,"name":"4dr Sedan AWD (2.0L 4cyl Turbo 6A)","submodel":{"body":"Sedan","modelName":"Regal Sedan","niceName":"sedan"},"trim":"Base"},{"id":200705512,"name":"4dr Sedan (2.0L 4cyl Turbo 6A)","submodel":{"body":"Sedan","modelName":"Regal Sedan","niceName":"sedan"},"trim":"Base"},{"id":200705504,"name":"GS 4dr Sedan (2.0L 4cyl Turbo 6A)","submodel":{"body":"Sedan","modelName":"Regal Sedan","niceName":"sedan"},"trim":"GS"},{"id":200705511,"name":"1SV 4dr Sedan (2.4L 4cyl 6A)","submodel":{"body":"Sedan","modelName":"Regal Sedan","niceName":"sedan"},"trim":"Base"}]},{"id":200751751,"year":2016,"styles":[{"id":200751762,"name":"4dr Sedan AWD (2.0L 4cyl Turbo 6A)","submodel":{"body":"Sedan","modelName":"Regal Sedan","niceName":"sedan"},"trim":"Base"},{"id":401644912,"name":"Sport Touring 4dr Sedan (2.0L 4cyl Turbo 6A)","submodel":{"body":"Sedan","modelName":"Regal Sedan","niceName":"sedan"},"trim":"Sport Touring"},{"id":200751761,"name":"GS 4dr Sedan AWD (2.0L 4cyl Turbo 6A)","submodel":{"body":"Sedan","modelName":"Regal Sedan","niceName":"sedan"},"trim":"GS"},{"id":200751764,"name":"1SV 4dr Sedan (2.4L 4cyl 6A)","submodel":{"body":"Sedan","modelName":"Regal Sedan","niceName":"sedan"},"trim":"1SV"},{"id":200751763,"name":"Premium I Fleet 4dr Sedan (2.0L 4cyl Turbo 6A)","submodel":{"body":"Sedan","modelName":"Regal Sedan","niceName":"sedan"},"trim":"Premium I Fleet"},{"id":200751765,"name":"4dr Sedan (2.0L 4cyl Turbo 6A)","submodel":{"body":"Sedan","modelName":"Regal Sedan","niceName":"sedan"},"trim":"Base"},{"id":200751757,"name":"GS 4dr Sedan (2.0L 4cyl Turbo 6A)","submodel":{"body":"Sedan","modelName":"Regal Sedan","niceName":"sedan"},"trim":"GS"},{"id":200751758,"name":"Premium II 4dr Sedan AWD (2.0L 4cyl Turbo 6A)","submodel":{"body":"Sedan","modelName":"Regal Sedan","niceName":"sedan"},"trim":"Premium II"},{"id":200751759,"name":"Premium II 4dr Sedan (2.0L 4cyl Turbo 6A)","submodel":{"body":"Sedan","modelName":"Regal Sedan","niceName":"sedan"},"trim":"Premium II"},{"id":200751760,"name":"Premium I Fleet 4dr Sedan AWD (2.0L 4cyl Turbo 6A)","submodel":{"body":"Sedan","modelName":"Regal Sedan","niceName":"sedan"},"trim":"Premium I Fleet"}]},{"id":401645685,"year":2018,"styles":[{"id":401645687,"name":"4dr Sedan","submodel":{"body":"Sedan","modelName":"Regal Sedan","niceName":"sedan"},"trim":"Base"}]}]},{"id":"Buick_Rendezvous","name":"Rendezvous","niceName":"rendezvous","years":[{"id":100000311,"year":2002,"styles":[{"id":100002194,"name":"CX AWD 4dr SUV (3.4L 6cyl 4A)","submodel":{"body":"SUV","modelName":"Rendezvous SUV","niceName":"suv"},"trim":"CX"},{"id":100009999,"name":"CX Fwd 4dr SUV (3.4L 6cyl 4A)","submodel":{"body":"SUV","modelName":"Rendezvous SUV","niceName":"suv"},"trim":"CX"}]},{"id":100502735,"year":2003,"styles":[{"id":100122668,"name":"CX AWD 4dr SUV (3.4L 6cyl 4A)","submodel":{"body":"SUV","modelName":"Rendezvous SUV","niceName":"suv"},"trim":"CX"},{"id":100122667,"name":"CX Fwd 4dr SUV (3.4L 6cyl 4A)","submodel":{"body":"SUV","modelName":"Rendezvous SUV","niceName":"suv"},"trim":"CX"}]},{"id":100503175,"year":2004,"styles":[{"id":100273810,"name":"CX AWD 4dr SUV (3.4L 6cyl 4A)","submodel":{"body":"SUV","modelName":"Rendezvous SUV","niceName":"suv"},"trim":"CX"},{"id":100273809,"name":"CX Fwd 4dr SUV (3.4L 6cyl 4A)","submodel":{"body":"SUV","modelName":"Rendezvous SUV","niceName":"suv"},"trim":"CX"}]},{"id":100503956,"year":2005,"styles":[{"id":100380701,"name":"CX AWD 4dr SUV (3.4L 6cyl 4A)","submodel":{"body":"SUV","modelName":"Rendezvous SUV","niceName":"suv"},"trim":"CX"},{"id":100380700,"name":"CX Fwd 4dr SUV (3.4L 6cyl 4A)","submodel":{"body":"SUV","modelName":"Rendezvous SUV","niceName":"suv"},"trim":"CX"}]},{"id":100506308,"year":2006,"styles":[{"id":100569889,"name":"CX 4dr SUV (3.5L 6cyl 4A)","submodel":{"body":"SUV","modelName":"Rendezvous SUV","niceName":"suv"},"trim":"CX"},{"id":100569890,"name":"CX 4dr SUV AWD (3.5L 6cyl 4A)","submodel":{"body":"SUV","modelName":"Rendezvous SUV","niceName":"suv"},"trim":"CX"}]},{"id":100512860,"year":2007,"styles":[{"id":100721288,"name":"CX 4dr SUV (3.5L 6cyl 4A)","submodel":{"body":"SUV","modelName":"Rendezvous SUV","niceName":"suv"},"trim":"CX"},{"id":100721289,"name":"CXL 4dr SUV (3.5L 6cyl 4A)","submodel":{"body":"SUV","modelName":"Rendezvous SUV","niceName":"suv"},"trim":"CXL"}]}]},{"id":"Buick_Riviera","name":"Riviera","niceName":"riviera","years":[{"id":929,"year":1990,"styles":[{"id":574,"name":"2dr Coupe","submodel":{"body":"Coupe","modelName":"Riviera Coupe","niceName":"coupe"},"trim":"Base"}]},{"id":3034,"year":1991,"styles":[{"id":557,"name":"2dr Coupe","submodel":{"body":"Coupe","modelName":"Riviera Coupe","niceName":"coupe"},"trim":"Base"}]},{"id":3035,"year":1992,"styles":[{"id":511,"name":"2dr Coupe","submodel":{"body":"Coupe","modelName":"Riviera Coupe","niceName":"coupe"},"trim":"Base"}]},{"id":3036,"year":1993,"styles":[{"id":429,"name":"2dr Coupe","submodel":{"body":"Coupe","modelName":"Riviera Coupe","niceName":"coupe"},"trim":"Base"}]},{"id":930,"year":1995,"styles":[{"id":375,"name":"Supercharged 2dr Coupe","submodel":{"body":"Coupe","modelName":"Riviera Coupe","niceName":"coupe"},"trim":"Base"},{"id":373,"name":"2dr Coupe","submodel":{"body":"Coupe","modelName":"Riviera Coupe","niceName":"coupe"},"trim":"Base"}]},{"id":3037,"year":1996,"styles":[{"id":309,"name":"Supercharged 2dr Coupe","submodel":{"body":"Coupe","modelName":"Riviera Coupe","niceName":"coupe"},"trim":"Base"},{"id":308,"name":"2dr Coupe","submodel":{"body":"Coupe","modelName":"Riviera Coupe","niceName":"coupe"},"trim":"Base"}]},{"id":3038,"year":1997,"styles":[{"id":17744,"name":"2dr Coupe","submodel":{"body":"Coupe","modelName":"Riviera Coupe","niceName":"coupe"},"trim":"Base"},{"id":283,"name":"Supercharged 2dr Coupe","submodel":{"body":"Coupe","modelName":"Riviera Coupe","niceName":"coupe"},"trim":"Base"}]},{"id":931,"year":1998,"styles":[{"id":17133,"name":"Supercharged 2dr Coupe","submodel":{"body":"Coupe","modelName":"Riviera Coupe","niceName":"coupe"},"trim":"Base"}]},{"id":3426,"year":1999,"styles":[{"id":12557,"name":"Supercharged 2dr Coupe","submodel":{"body":"Coupe","modelName":"Riviera Coupe","niceName":"coupe"},"trim":"Base"}]}]},{"id":"Buick_Roadmaster","name":"Roadmaster","niceName":"roadmaster","years":[{"id":3039,"year":1991,"styles":[{"id":551,"name":"Estate 4dr Wagon","submodel":{"body":"Wagon","modelName":"Roadmaster Wagon","niceName":"wagon"},"trim":"Estate"}]},{"id":3040,"year":1992,"styles":[{"id":513,"name":"4dr Sedan","submodel":{"body":"Sedan","modelName":"Roadmaster Sedan","niceName":"sedan"},"trim":"Base"},{"id":505,"name":"Estate 4dr Wagon","submodel":{"body":"Wagon","modelName":"Roadmaster Wagon","niceName":"wagon"},"trim":"Estate"},{"id":507,"name":"Limited 4dr Sedan","submodel":{"body":"Sedan","modelName":"Roadmaster Sedan","niceName":"sedan"},"trim":"Limited"}]},{"id":3041,"year":1993,"styles":[{"id":431,"name":"4dr Sedan","submodel":{"body":"Sedan","modelName":"Roadmaster Sedan","niceName":"sedan"},"trim":"Base"},{"id":426,"name":"Limited 4dr Sedan","submodel":{"body":"Sedan","modelName":"Roadmaster Sedan","niceName":"sedan"},"trim":"Limited"},{"id":424,"name":"Estate 4dr Wagon","submodel":{"body":"Wagon","modelName":"Roadmaster Wagon","niceName":"wagon"},"trim":"Estate"}]},{"id":3042,"year":1994,"styles":[{"id":384,"name":"Estate 4dr Wagon","submodel":{"body":"Wagon","modelName":"Roadmaster Wagon","niceName":"wagon"},"trim":"Estate"},{"id":388,"name":"Limited 4dr Sedan","submodel":{"body":"Sedan","modelName":"Roadmaster Sedan","niceName":"sedan"},"trim":"Limited"},{"id":390,"name":"4dr Sedan","submodel":{"body":"Sedan","modelName":"Roadmaster Sedan","niceName":"sedan"},"trim":"Base"}]},{"id":3043,"year":1995,"styles":[{"id":377,"name":"4dr Sedan","submodel":{"body":"Sedan","modelName":"Roadmaster Sedan","niceName":"sedan"},"trim":"Base"},{"id":368,"name":"Estate 4dr Wagon","submodel":{"body":"Wagon","modelName":"Roadmaster Wagon","niceName":"wagon"},"trim":"Estate"},{"id":372,"name":"Limited 4dr Sedan","submodel":{"body":"Sedan","modelName":"Roadmaster Sedan","niceName":"sedan"},"trim":"Limited"}]},{"id":3044,"year":1996,"styles":[{"id":311,"name":"4dr Sedan","submodel":{"body":"Sedan","modelName":"Roadmaster Sedan","niceName":"sedan"},"trim":"Base"},{"id":305,"name":"Limited 4dr Sedan","submodel":{"body":"Sedan","modelName":"Roadmaster Sedan","niceName":"sedan"},"trim":"Limited"},{"id":303,"name":"Estate 4dr Wagon","submodel":{"body":"Wagon","modelName":"Roadmaster Wagon","niceName":"wagon"},"trim":"Estate"}]}]},{"id":"Buick_Skylark","name":"Skylark","niceName":"skylark","years":[{"id":932,"year":1990,"styles":[{"id":638,"name":"4dr Sedan","submodel":{"body":"Sedan","modelName":"Skylark Sedan","niceName":"sedan"},"trim":"Base"},{"id":584,"name":"Custom 4dr Sedan","submodel":{"body":"Sedan","modelName":"Skylark Sedan","niceName":"sedan"},"trim":"Custom"},{"id":634,"name":"2dr Coupe","submodel":{"body":"Coupe","modelName":"Skylark Coupe","niceName":"coupe"},"trim":"Base"},{"id":620,"name":"Gran Sport 2dr Coupe","submodel":{"body":"Coupe","modelName":"Skylark Coupe","niceName":"coupe"},"trim":"Gran Sport"},{"id":582,"name":"Custom 2dr Coupe","submodel":{"body":"Coupe","modelName":"Skylark Coupe","niceName":"coupe"},"trim":"Custom"},{"id":629,"name":"Luxury 4dr Sedan","submodel":{"body":"Sedan","modelName":"Skylark Sedan","niceName":"sedan"},"trim":"Luxury"}]},{"id":3047,"year":1991,"styles":[{"id":596,"name":"Custom 4dr Sedan","submodel":{"body":"Sedan","modelName":"Skylark Sedan","niceName":"sedan"},"trim":"Custom"},{"id":618,"name":"4dr Sedan","submodel":{"body":"Sedan","modelName":"Skylark Sedan","niceName":"sedan"},"trim":"Base"},{"id":603,"name":"Gran Sport 2dr Coupe","submodel":{"body":"Coupe","modelName":"Skylark Coupe","niceName":"coupe"},"trim":"Gran Sport"},{"id":615,"name":"2dr Coupe","submodel":{"body":"Coupe","modelName":"Skylark Coupe","niceName":"coupe"},"trim":"Base"},{"id":589,"name":"Custom 2dr Coupe","submodel":{"body":"Coupe","modelName":"Skylark Coupe","niceName":"coupe"},"trim":"Custom"},{"id":612,"name":"Luxury 4dr Sedan","submodel":{"body":"Sedan","modelName":"Skylark Sedan","niceName":"sedan"},"trim":"Luxury"}]},{"id":3048,"year":1992,"styles":[{"id":529,"name":"Gran Sport 4dr Sedan","submodel":{"body":"Sedan","modelName":"Skylark Sedan","niceName":"sedan"},"trim":"Gran Sport"},{"id":543,"name":"4dr Sedan","submodel":{"body":"Sedan","modelName":"Skylark Sedan","niceName":"sedan"},"trim":"Base"},{"id":541,"name":"2dr Coupe","submodel":{"body":"Coupe","modelName":"Skylark Coupe","niceName":"coupe"},"trim":"Base"},{"id":524,"name":"Gran Sport 2dr Coupe","submodel":{"body":"Coupe","modelName":"Skylark Coupe","niceName":"coupe"},"trim":"Gran Sport"}]},{"id":3049,"year":1993,"styles":[{"id":477,"name":"Gran Sport 2dr Coupe","submodel":{"body":"Coupe","modelName":"Skylark Coupe","niceName":"coupe"},"trim":"Gran Sport"},{"id":485,"name":"Limited 2dr Coupe","submodel":{"body":"Coupe","modelName":"Skylark Coupe","niceName":"coupe"},"trim":"Limited"},{"id":488,"name":"Limited 4dr Sedan","submodel":{"body":"Sedan","modelName":"Skylark Sedan","niceName":"sedan"},"trim":"Limited"},{"id":482,"name":"Gran Sport 4dr Sedan","submodel":{"body":"Sedan","modelName":"Skylark Sedan","niceName":"sedan"},"trim":"Gran Sport"},{"id":472,"name":"Custom 4dr Sedan","submodel":{"body":"Sedan","modelName":"Skylark Sedan","niceName":"sedan"},"trim":"Custom"},{"id":433,"name":"Custom 2dr Coupe","submodel":{"body":"Coupe","modelName":"Skylark Coupe","niceName":"coupe"},"trim":"Custom"}]},{"id":933,"year":1994,"styles":[{"id":394,"name":"Custom 2dr Coupe","submodel":{"body":"Coupe","modelName":"Skylark Coupe","niceName":"coupe"},"trim":"Custom"},{"id":409,"name":"Gran Sport 4dr Sedan","submodel":{"body":"Sedan","modelName":"Skylark Sedan","niceName":"sedan"},"trim":"Gran Sport"},{"id":6419,"name":"Limited 4dr Sedan","submodel":{"body":"Sedan","modelName":"Skylark Sedan","niceName":"sedan"},"trim":"Limited"},{"id":397,"name":"Custom 4dr Sedan","submodel":{"body":"Sedan","modelName":"Skylark Sedan","niceName":"sedan"},"trim":"Custom"},{"id":401,"name":"Gran Sport 2dr Coupe","submodel":{"body":"Coupe","modelName":"Skylark Coupe","niceName":"coupe"},"trim":"Gran Sport"}]},{"id":3050,"year":1995,"styles":[{"id":378,"name":"Custom 2dr Coupe","submodel":{"body":"Coupe","modelName":"Skylark Coupe","niceName":"coupe"},"trim":"Custom"},{"id":340,"name":"Gran Sport 4dr Sedan","submodel":{"body":"Sedan","modelName":"Skylark Sedan","niceName":"sedan"},"trim":"Gran Sport"},{"id":335,"name":"Gran Sport 2dr Coupe","submodel":{"body":"Coupe","modelName":"Skylark Coupe","niceName":"coupe"},"trim":"Gran Sport"},{"id":331,"name":"Custom 4dr Sedan","submodel":{"body":"Sedan","modelName":"Skylark Sedan","niceName":"sedan"},"trim":"Custom"}]},{"id":3051,"year":1996,"styles":[{"id":326,"name":"Olympic Gold 4dr Sedan","submodel":{"body":"Sedan","modelName":"Skylark Sedan","niceName":"sedan"},"trim":"Olympic Gold"},{"id":319,"name":"Custom 4dr Sedan","submodel":{"body":"Sedan","modelName":"Skylark Sedan","niceName":"sedan"},"trim":"Custom"},{"id":315,"name":"Custom 2dr Coupe","submodel":{"body":"Coupe","modelName":"Skylark Coupe","niceName":"coupe"},"trim":"Custom"}]},{"id":934,"year":1997,"styles":[{"id":289,"name":"Gran Sport 4dr Sedan","submodel":{"body":"Sedan","modelName":"Skylark Sedan","niceName":"sedan"},"trim":"Gran Sport"},{"id":17746,"name":"Custom 4dr Sedan","submodel":{"body":"Sedan","modelName":"Skylark Sedan","niceName":"sedan"},"trim":"Custom"},{"id":17745,"name":"Custom 2dr Coupe","submodel":{"body":"Coupe","modelName":"Skylark Coupe","niceName":"coupe"},"trim":"Custom"},{"id":287,"name":"Gran Sport 2dr Coupe","submodel":{"body":"Coupe","modelName":"Skylark Coupe","niceName":"coupe"},"trim":"Gran Sport"}]},{"id":3052,"year":1998,"styles":[{"id":271,"name":"Custom 4dr Sedan","submodel":{"body":"Sedan","modelName":"Skylark Sedan","niceName":"sedan"},"trim":"Custom"}]}]},{"id":"Buick_Terraza","name":"Terraza","niceName":"terraza","years":[{"id":100503664,"year":2005,"styles":[{"id":100376641,"name":"CXL Fwd 4dr Minivan (3.5L 6cyl 4A)","submodel":{"body":"Minivan","modelName":"Terraza Minivan","niceName":"minivan"},"trim":"CXL"},{"id":100376642,"name":"CXL AWD 4dr Minivan (3.5L 6cyl 4A)","submodel":{"body":"Minivan","modelName":"Terraza Minivan","niceName":"minivan"},"trim":"CXL"},{"id":100376640,"name":"CX AWD 4dr Minivan (3.5L 6cyl 4A)","submodel":{"body":"Minivan","modelName":"Terraza Minivan","niceName":"minivan"},"trim":"CX"},{"id":100376639,"name":"CX Fwd 4dr Minivan (3.5L 6cyl 4A)","submodel":{"body":"Minivan","modelName":"Terraza Minivan","niceName":"minivan"},"trim":"CX"}]},{"id":100503663,"year":2006,"styles":[{"id":100569850,"name":"CX 4dr Minivan AWD (3.5L 6cyl 4A)","submodel":{"body":"Minivan","modelName":"Terraza Minivan","niceName":"minivan"},"trim":"CX"},{"id":100569849,"name":"CX 4dr Minivan (3.5L 6cyl 4A)","submodel":{"body":"Minivan","modelName":"Terraza Minivan","niceName":"minivan"},"trim":"CX"},{"id":100569852,"name":"CXL 4dr Minivan AWD (3.5L 6cyl 4A)","submodel":{"body":"Minivan","modelName":"Terraza Minivan","niceName":"minivan"},"trim":"CXL"},{"id":100569851,"name":"CXL 4dr Minivan (3.5L 6cyl 4A)","submodel":{"body":"Minivan","modelName":"Terraza Minivan","niceName":"minivan"},"trim":"CXL"}]},{"id":100507520,"year":2007,"styles":[{"id":100700965,"name":"CXL 4dr Minivan (3.9L 6cyl 4A)","submodel":{"body":"Minivan","modelName":"Terraza Minivan","niceName":"minivan"},"trim":"CXL"},{"id":100721157,"name":"CX 4dr Minivan (3.9L 6cyl 4A)","submodel":{"body":"Minivan","modelName":"Terraza Minivan","niceName":"minivan"},"trim":"CX"},{"id":100700964,"name":"CX Plus 4dr Minivan (3.9L 6cyl 4A)","submodel":{"body":"Minivan","modelName":"Terraza Minivan","niceName":"minivan"},"trim":"CX Plus"}]}]},{"id":"Buick_Verano","name":"Verano","niceName":"verano","years":[{"id":100532089,"year":2012,"styles":[{"id":101407659,"name":"Convenience Group 4dr Sedan (2.4L 4cyl 6A)","submodel":{"body":"Sedan","modelName":"Verano Sedan","niceName":"sedan"},"trim":"Convenience Group 2"},{"id":101407660,"name":"Leather Group 4dr Sedan (2.4L 4cyl 6A)","submodel":{"body":"Sedan","modelName":"Verano Sedan","niceName":"sedan"},"trim":"Leather Group"},{"id":101322219,"name":"4dr Sedan (2.4L 4cyl 6A)","submodel":{"body":"Sedan","modelName":"Verano Sedan","niceName":"sedan"},"trim":"Base"}]},{"id":200424093,"year":2013,"styles":[{"id":200430609,"name":"Leather Group 4dr Sedan (2.4L 4cyl 6A)","submodel":{"body":"Sedan","modelName":"Verano Sedan","niceName":"sedan"},"trim":"Leather Group"},{"id":200430607,"name":"4dr Sedan (2.4L 4cyl 6A)","submodel":{"body":"Sedan","modelName":"Verano Sedan","niceName":"sedan"},"trim":"Base"},{"id":200424094,"name":"Premium Group 4dr Sedan (2.0L 4cyl Turbo 6A)","submodel":{"body":"Sedan","modelName":"Verano Sedan","niceName":"sedan"},"trim":"Premium Group"},{"id":200430608,"name":"Convenience Group 4dr Sedan (2.4L 4cyl 6A)","submodel":{"body":"Sedan","modelName":"Verano Sedan","niceName":"sedan"},"trim":"Convenience Group"}]},{"id":200482210,"year":2014,"styles":[{"id":200482224,"name":"Leather Group 4dr Sedan (2.4L 4cyl 6A)","submodel":{"body":"Sedan","modelName":"Verano Sedan","niceName":"sedan"},"trim":"Leather Group"},{"id":200482228,"name":"4dr Sedan (2.4L 4cyl 6A)","submodel":{"body":"Sedan","modelName":"Verano Sedan","niceName":"sedan"},"trim":"Base"},{"id":200482226,"name":"Premium Group 4dr Sedan (2.0L 4cyl Turbo 6A)","submodel":{"body":"Sedan","modelName":"Verano Sedan","niceName":"sedan"},"trim":"Premium Group"},{"id":200482225,"name":"Convenience Group 4dr Sedan (2.4L 4cyl 6A)","submodel":{"body":"Sedan","modelName":"Verano Sedan","niceName":"sedan"},"trim":"Convenience Group"}]},{"id":200712022,"year":2015,"styles":[{"id":200712030,"name":"Leather Group 4dr Sedan (2.4L 4cyl 6A)","submodel":{"body":"Sedan","modelName":"Verano Sedan","niceName":"sedan"},"trim":"Leather Group"},{"id":200712029,"name":"Convenience Group 4dr Sedan (2.4L 4cyl 6A)","submodel":{"body":"Sedan","modelName":"Verano Sedan","niceName":"sedan"},"trim":"Convenience Group"},{"id":200712032,"name":"4dr Sedan (2.4L 4cyl 6A)","submodel":{"body":"Sedan","modelName":"Verano Sedan","niceName":"sedan"},"trim":"Base"},{"id":200712031,"name":"Premium Turbo Group 4dr Sedan (2.0L 4cyl Turbo 6A)","submodel":{"body":"Sedan","modelName":"Verano Sedan","niceName":"sedan"},"trim":"Premium Turbo Group"},{"id":200748238,"name":"1SV 4dr Sedan (2.4L 4cyl 6A)","submodel":{"body":"Sedan","modelName":"Verano Sedan","niceName":"sedan"},"trim":"1SV"}]},{"id":200747588,"year":2016,"styles":[{"id":200747593,"name":"4dr Sedan (2.4L 4cyl 6A)","submodel":{"body":"Sedan","modelName":"Verano Sedan","niceName":"sedan"},"trim":"Base"},{"id":200747589,"name":"Premium Turbo Group 4dr Sedan (2.0L 4cyl Turbo 6A)","submodel":{"body":"Sedan","modelName":"Verano Sedan","niceName":"sedan"},"trim":"Premium Turbo Group"},{"id":200747590,"name":"Leather Group 4dr Sedan (2.4L 4cyl 6A)","submodel":{"body":"Sedan","modelName":"Verano Sedan","niceName":"sedan"},"trim":"Leather Group"},{"id":200747591,"name":"Convenience Group 4dr Sedan (2.4L 4cyl 6A)","submodel":{"body":"Sedan","modelName":"Verano Sedan","niceName":"sedan"},"trim":"Convenience Group"},{"id":200747592,"name":"1SV 4dr Sedan (2.4L 4cyl 6A)","submodel":{"body":"Sedan","modelName":"Verano Sedan","niceName":"sedan"},"trim":"1SV"}]}]}],"modelsCount":20,"make":"Buick"}