{"models":[{"id":"Chrysler_200","name":"200","niceName":"200","years":[{"id":100531270,"year":2011,"styles":[{"id":101376153,"name":"Limited 2dr Convertible (3.6L 6cyl 6A)","submodel":{"body":"Convertible","modelName":"200 Convertible","niceName":"convertible"},"trim":"Limited"},{"id":101370194,"name":"Limited 4dr Sedan (2.4L 4cyl 6A)","submodel":{"body":"Sedan","modelName":"200 Sedan","niceName":"sedan"},"trim":"Limited"},{"id":101287561,"name":"LX 4dr Sedan (2.4L 4cyl 4A)","submodel":{"body":"Sedan","modelName":"200 Sedan","niceName":"sedan"},"trim":"LX"},{"id":101356404,"name":"Touring 4dr Sedan (2.4L 4cyl 6A)","submodel":{"body":"Sedan","modelName":"200 Sedan","niceName":"sedan"},"trim":"Touring"},{"id":101380550,"name":"S 2dr Convertible (3.6L 6cyl 6A)","submodel":{"body":"Convertible","modelName":"200 Convertible","niceName":"convertible"},"trim":"S"},{"id":101380549,"name":"S 4dr Sedan (3.6L 6cyl 6A)","submodel":{"body":"Sedan","modelName":"200 Sedan","niceName":"sedan"},"trim":"S"},{"id":101376152,"name":"Touring 2dr Convertible (2.4L 4cyl 6A)","submodel":{"body":"Convertible","modelName":"200 Convertible","niceName":"convertible"},"trim":"Touring"},{"id":101376151,"name":"LX 2dr Convertible (2.4L 4cyl 4A)","submodel":{"body":"Convertible","modelName":"200 Convertible","niceName":"convertible"},"trim":"LX"}]},{"id":100536409,"year":2012,"styles":[{"id":101399427,"name":"S 2dr Convertible (3.6L 6cyl 6A)","submodel":{"body":"Convertible","modelName":"200 Convertible","niceName":"convertible"},"trim":"S"},{"id":101399425,"name":"Limited 2dr Convertible (3.6L 6cyl 6A)","submodel":{"body":"Convertible","modelName":"200 Convertible","niceName":"convertible"},"trim":"Limited"},{"id":101399245,"name":"Touring 4dr Sedan (2.4L 4cyl 6A)","submodel":{"body":"Sedan","modelName":"200 Sedan","niceName":"sedan"},"trim":"Touring"},{"id":101399246,"name":"Limited 4dr Sedan (2.4L 4cyl 6A)","submodel":{"body":"Sedan","modelName":"200 Sedan","niceName":"sedan"},"trim":"Limited"},{"id":101399247,"name":"S 4dr Sedan (3.6L 6cyl 6A)","submodel":{"body":"Sedan","modelName":"200 Sedan","niceName":"sedan"},"trim":"S"},{"id":101399424,"name":"Touring 2dr Convertible (2.4L 4cyl 6A)","submodel":{"body":"Convertible","modelName":"200 Convertible","niceName":"convertible"},"trim":"Touring"},{"id":101399244,"name":"LX 4dr Sedan (2.4L 4cyl 4A)","submodel":{"body":"Sedan","modelName":"200 Sedan","niceName":"sedan"},"trim":"LX"}]},{"id":200437792,"year":2013,"styles":[{"id":200437795,"name":"S 2dr Convertible (3.6L 6cyl 6A)","submodel":{"body":"Convertible","modelName":"200 Convertible","niceName":"convertible"},"trim":"S"},{"id":200437796,"name":"Limited 4dr Sedan (3.6L 6cyl 6A)","submodel":{"body":"Sedan","modelName":"200 Sedan","niceName":"sedan"},"trim":"Limited"},{"id":200437793,"name":"Touring 2dr Convertible (2.4L 4cyl 6A)","submodel":{"body":"Convertible","modelName":"200 Convertible","niceName":"convertible"},"trim":"Touring"},{"id":200437794,"name":"Touring 4dr Sedan (2.4L 4cyl 6A)","submodel":{"body":"Sedan","modelName":"200 Sedan","niceName":"sedan"},"trim":"Touring"},{"id":200437797,"name":"Limited 2dr Convertible (3.6L 6cyl 6A)","submodel":{"body":"Convertible","modelName":"200 Convertible","niceName":"convertible"},"trim":"Limited"},{"id":200437798,"name":"LX 4dr Sedan (2.4L 4cyl 4A)","submodel":{"body":"Sedan","modelName":"200 Sedan","niceName":"sedan"},"trim":"LX"}]},{"id":200476132,"year":2014,"styles":[{"id":200476133,"name":"Limited 4dr Sedan (3.6L 6cyl 6A)","submodel":{"body":"Sedan","modelName":"200 Sedan","niceName":"sedan"},"trim":"Limited"},{"id":200476134,"name":"Limited 2dr Convertible (3.6L 6cyl 6A)","submodel":{"body":"Convertible","modelName":"200 Convertible","niceName":"convertible"},"trim":"Limited"},{"id":200476135,"name":"LX 4dr Sedan (3.6L 6cyl 6A)","submodel":{"body":"Sedan","modelName":"200 Sedan","niceName":"sedan"},"trim":"LX"},{"id":200476136,"name":"Touring 2dr Convertible (2.4L 4cyl 6A)","submodel":{"body":"Convertible","modelName":"200 Convertible","niceName":"convertible"},"trim":"Touring"},{"id":200476137,"name":"Touring 4dr Sedan (2.4L 4cyl 6A)","submodel":{"body":"Sedan","modelName":"200 Sedan","niceName":"sedan"},"trim":"Touring"},{"id":200476138,"name":"S 2dr Convertible (3.6L 6cyl 6A)","submodel":{"body":"Convertible","modelName":"200 Convertible","niceName":"convertible"},"trim":"S"}]},{"id":200490591,"year":2015,"styles":[{"id":200674796,"name":"S 4dr Sedan (2.4L 4cyl 9A)","submodel":{"body":"Sedan","modelName":"200 Sedan","niceName":"sedan"},"trim":"S"},{"id":200674795,"name":"Limited 4dr Sedan (2.4L 4cyl 9A)","submodel":{"body":"Sedan","modelName":"200 Sedan","niceName":"sedan"},"trim":"Limited"},{"id":200674798,"name":"S 4dr Sedan AWD (3.6L 6cyl 9A)","submodel":{"body":"Sedan","modelName":"200 Sedan","niceName":"sedan"},"trim":"S"},{"id":200674797,"name":"C 4dr Sedan (2.4L 4cyl 9A)","submodel":{"body":"Sedan","modelName":"200 Sedan","niceName":"sedan"},"trim":"C"},{"id":200490592,"name":"LX 4dr Sedan (2.4L 4cyl 9A)","submodel":{"body":"Sedan","modelName":"200 Sedan","niceName":"sedan"},"trim":"LX"},{"id":200674799,"name":"C 4dr Sedan AWD (3.6L 6cyl 9A)","submodel":{"body":"Sedan","modelName":"200 Sedan","niceName":"sedan"},"trim":"C"}]},{"id":200741377,"year":2016,"styles":[{"id":200741388,"name":"S 4dr Sedan AWD (3.6L 6cyl 9A)","submodel":{"body":"Sedan","modelName":"200 Sedan","niceName":"sedan"},"trim":"S"},{"id":200741387,"name":"C 4dr Sedan (2.4L 4cyl 9A)","submodel":{"body":"Sedan","modelName":"200 Sedan","niceName":"sedan"},"trim":"C"},{"id":401630236,"name":"Touring 4dr Sedan (2.4L 4cyl 9A)","submodel":{"body":"Sedan","modelName":"200 Sedan","niceName":"sedan"},"trim":"Touring"},{"id":200741386,"name":"S 4dr Sedan (2.4L 4cyl 9A)","submodel":{"body":"Sedan","modelName":"200 Sedan","niceName":"sedan"},"trim":"S"},{"id":200741385,"name":"Limited 4dr Sedan (2.4L 4cyl 9A)","submodel":{"body":"Sedan","modelName":"200 Sedan","niceName":"sedan"},"trim":"Limited"},{"id":401630238,"name":"C Platinum 4dr Sedan (2.4L 4cyl 9A)","submodel":{"body":"Sedan","modelName":"200 Sedan","niceName":"sedan"},"trim":"C Platinum"},{"id":200741389,"name":"C 4dr Sedan AWD (3.6L 6cyl 9A)","submodel":{"body":"Sedan","modelName":"200 Sedan","niceName":"sedan"},"trim":"C"},{"id":200741384,"name":"LX 4dr Sedan (2.4L 4cyl 9A)","submodel":{"body":"Sedan","modelName":"200 Sedan","niceName":"sedan"},"trim":"LX"}]}]},{"id":"Chrysler_300","name":"300","niceName":"300","years":[{"id":100502967,"year":2005,"styles":[{"id":100507754,"name":"SRT-8 Rwd 4dr Sedan (6.1L 8cyl 5A)","submodel":{"body":"Sedan","tuner":"SRT-8","modelName":"300 SRT-8","niceName":"srt-8"},"trim":"SRT-8"},{"id":100378285,"name":"Rwd 4dr Sedan (2.7L 6cyl 4A)","submodel":{"body":"Sedan","modelName":"300 Sedan","niceName":"sedan"},"trim":"Base"},{"id":100378297,"name":"Touring Rwd 4dr Sedan (3.5L 6cyl 4A)","submodel":{"body":"Sedan","modelName":"300 Sedan","niceName":"sedan"},"trim":"Touring"},{"id":100473432,"name":"C AWD 4dr Sedan (5.7L 8cyl 5A)","submodel":{"body":"Sedan","modelName":"300 Sedan","niceName":"sedan"},"trim":"C"},{"id":100378299,"name":"C Rwd 4dr Sedan (5.7L 8cyl 5A)","submodel":{"body":"Sedan","modelName":"300 Sedan","niceName":"sedan"},"trim":"C"},{"id":100473429,"name":"Touring AWD 4dr Sedan (3.5L 6cyl 5A)","submodel":{"body":"Sedan","modelName":"300 Sedan","niceName":"sedan"},"trim":"Touring"}]},{"id":100505607,"year":2006,"styles":[{"id":100532628,"name":"Touring 4dr Sedan AWD (3.5L 6cyl 5A)","submodel":{"body":"Sedan","modelName":"300 Sedan","niceName":"sedan"},"trim":"Touring"},{"id":100532627,"name":"C 4dr Sedan (5.7L 8cyl 5A)","submodel":{"body":"Sedan","modelName":"300 Sedan","niceName":"sedan"},"trim":"C"},{"id":100532626,"name":"Touring 4dr Sedan (3.5L 6cyl 5A)","submodel":{"body":"Sedan","modelName":"300 Sedan","niceName":"sedan"},"trim":"Touring"},{"id":100532625,"name":"4dr Sedan (2.7L 6cyl 4A)","submodel":{"body":"Sedan","modelName":"300 Sedan","niceName":"sedan"},"trim":"Base"},{"id":100532866,"name":"SRT-8 4dr Sedan (6.1L 8cyl 5A)","submodel":{"body":"Sedan","tuner":"SRT-8","modelName":"300 SRT-8","niceName":"srt-8"},"trim":"SRT-8"},{"id":100532629,"name":"C 4dr Sedan AWD (5.7L 8cyl 5A)","submodel":{"body":"Sedan","modelName":"300 Sedan","niceName":"sedan"},"trim":"C"}]},{"id":100519561,"year":2007,"styles":[{"id":100809632,"name":"Touring 4dr Sedan AWD (3.5L 6cyl 5A)","submodel":{"body":"Sedan","modelName":"300 Sedan","niceName":"sedan"},"trim":"Touring"},{"id":100809631,"name":"SRT-8 4dr Sedan (6.1L 8cyl 5A)","submodel":{"body":"Sedan","tuner":"SRT-8","modelName":"300 SRT-8","niceName":"srt-8"},"trim":"SRT-8"},{"id":100809633,"name":"C 4dr Sedan AWD (5.7L 8cyl 5A)","submodel":{"body":"Sedan","modelName":"300 Sedan","niceName":"sedan"},"trim":"C"},{"id":100809623,"name":"C 4dr Sedan (5.7L 8cyl 5A)","submodel":{"body":"Sedan","modelName":"300 Sedan","niceName":"sedan"},"trim":"C"},{"id":100809622,"name":"Touring 4dr Sedan (3.5L 6cyl 5A)","submodel":{"body":"Sedan","modelName":"300 Sedan","niceName":"sedan"},"trim":"Touring"},{"id":100809621,"name":"4dr Sedan (2.7L 6cyl 4A)","submodel":{"body":"Sedan","modelName":"300 Sedan","niceName":"sedan"},"trim":"Base"}]},{"id":100522346,"year":2008,"styles":[{"id":100893138,"name":"C HEMI 4dr Sedan (5.7L 8cyl 5A)","submodel":{"body":"Sedan","modelName":"300 Sedan","niceName":"sedan"},"trim":"C HEMI"},{"id":100893062,"name":"LX 4dr Sedan (2.7L 6cyl 4A)","submodel":{"body":"Sedan","modelName":"300 Sedan","niceName":"sedan"},"trim":"LX"},{"id":100893137,"name":"Limited 4dr Sedan (3.5L 6cyl 4A)","submodel":{"body":"Sedan","modelName":"300 Sedan","niceName":"sedan"},"trim":"Limited"},{"id":100893063,"name":"Touring 4dr Sedan (3.5L 6cyl 4A)","submodel":{"body":"Sedan","modelName":"300 Sedan","niceName":"sedan"},"trim":"Touring"},{"id":100893140,"name":"Touring 4dr Sedan AWD (3.5L 6cyl 5A)","submodel":{"body":"Sedan","modelName":"300 Sedan","niceName":"sedan"},"trim":"Touring"},{"id":100893139,"name":"SRT-8 4dr Sedan (6.1L 8cyl 5A)","submodel":{"body":"Sedan","tuner":"SRT-8","modelName":"300 SRT-8","niceName":"srt-8"},"trim":"SRT-8"},{"id":100893142,"name":"C 4dr Sedan AWD (5.7L 8cyl 5A)","submodel":{"body":"Sedan","modelName":"300 Sedan","niceName":"sedan"},"trim":"C"},{"id":100893141,"name":"Limited 4dr Sedan AWD (3.5L 6cyl 5A)","submodel":{"body":"Sedan","modelName":"300 Sedan","niceName":"sedan"},"trim":"Limited"}]},{"id":100522710,"year":2009,"styles":[{"id":101055793,"name":"Touring 4dr Sedan (3.5L 6cyl 4A)","submodel":{"body":"Sedan","modelName":"300 Sedan","niceName":"sedan"},"trim":"Touring"},{"id":101055800,"name":"C HEMI 4dr Sedan (5.7L 8cyl 5A)","submodel":{"body":"Sedan","modelName":"300 Sedan","niceName":"sedan"},"trim":"C HEMI"},{"id":101055799,"name":"Limited 4dr Sedan (3.5L 6cyl 4A)","submodel":{"body":"Sedan","modelName":"300 Sedan","niceName":"sedan"},"trim":"Limited"},{"id":101124087,"name":"Touring 4dr Sedan (2.7L 6cyl 4A)","submodel":{"body":"Sedan","modelName":"300 Sedan","niceName":"sedan"},"trim":"Touring"},{"id":101055804,"name":"C 4dr Sedan AWD (5.7L 8cyl 5A)","submodel":{"body":"Sedan","modelName":"300 Sedan","niceName":"sedan"},"trim":"C"},{"id":101055803,"name":"Limited 4dr Sedan AWD (3.5L 6cyl 5A)","submodel":{"body":"Sedan","modelName":"300 Sedan","niceName":"sedan"},"trim":"Limited"},{"id":101055802,"name":"Touring 4dr Sedan AWD (3.5L 6cyl 5A)","submodel":{"body":"Sedan","modelName":"300 Sedan","niceName":"sedan"},"trim":"Touring"},{"id":101055801,"name":"SRT-8 4dr Sedan (6.1L 8cyl 5A)","submodel":{"body":"Sedan","tuner":"SRT-8","modelName":"300 SRT-8","niceName":"srt-8"},"trim":"SRT-8"},{"id":101055792,"name":"LX 4dr Sedan (2.7L 6cyl 4A)","submodel":{"body":"Sedan","modelName":"300 Sedan","niceName":"sedan"},"trim":"LX"}]},{"id":100529194,"year":2010,"styles":[{"id":101205062,"name":"Touring 4dr Sedan AWD (3.5L 6cyl 5A)","submodel":{"body":"Sedan","modelName":"300 Sedan","niceName":"sedan"},"trim":"Touring"},{"id":101205064,"name":"C 4dr Sedan AWD (5.7L 8cyl 5A)","submodel":{"body":"Sedan","modelName":"300 Sedan","niceName":"sedan"},"trim":"C"},{"id":101205063,"name":"Limited 4dr Sedan AWD (3.5L 6cyl 5A)","submodel":{"body":"Sedan","modelName":"300 Sedan","niceName":"sedan"},"trim":"Limited Fleet"},{"id":101205058,"name":"Limited 4dr Sedan (3.5L 6cyl 4A)","submodel":{"body":"Sedan","modelName":"300 Sedan","niceName":"sedan"},"trim":"Limited Fleet"},{"id":101295872,"name":"Touring Plus 4dr Sedan (3.5L 6cyl 4A)","submodel":{"body":"Sedan","modelName":"300 Sedan","niceName":"sedan"},"trim":"Touring Plus"},{"id":101205057,"name":"Touring 4dr Sedan (3.5L 6cyl 4A)","submodel":{"body":"Sedan","modelName":"300 Sedan","niceName":"sedan"},"trim":"Touring"},{"id":101205060,"name":"SRT-8 4dr Sedan (6.1L 8cyl 5A)","submodel":{"body":"Sedan","tuner":"SRT-8","modelName":"300 SRT-8","niceName":"srt-8"},"trim":"SRT-8"},{"id":101205059,"name":"C HEMI 4dr Sedan (5.7L 8cyl 5A)","submodel":{"body":"Sedan","modelName":"300 Sedan","niceName":"sedan"},"trim":"C HEMI"},{"id":101295873,"name":"S V8 4dr Sedan (5.7L 8cyl 5A)","submodel":{"body":"Sedan","modelName":"300 Sedan","niceName":"sedan"},"trim":"S V8"},{"id":101318602,"name":"S V6 4dr Sedan (3.5L 6cyl 4A)","submodel":{"body":"Sedan","modelName":"300 Sedan","niceName":"sedan"},"trim":"S V6"},{"id":101204891,"name":"Touring 4dr Sedan (2.7L 6cyl 4A)","submodel":{"body":"Sedan","modelName":"300 Sedan","niceName":"sedan"},"trim":"Touring"}]},{"id":100529291,"year":2011,"styles":[{"id":101375483,"name":"Limited 4dr Sedan (3.6L 6cyl 5A)","submodel":{"body":"Sedan","modelName":"300 Sedan","niceName":"sedan"},"trim":"Limited"},{"id":101205550,"name":"4dr Sedan (3.6L 6cyl 5A)","submodel":{"body":"Sedan","modelName":"300 Sedan","niceName":"sedan"},"trim":"Base"},{"id":101375489,"name":"C 4dr Sedan (5.7L 8cyl 5A)","submodel":{"body":"Sedan","modelName":"300 Sedan","niceName":"sedan"},"trim":"C"},{"id":101375490,"name":"C 4dr Sedan AWD (5.7L 8cyl 5A)","submodel":{"body":"Sedan","modelName":"300 Sedan","niceName":"sedan"},"trim":"C"}]},{"id":100536390,"year":2012,"styles":[{"id":101399239,"name":"S V6 4dr Sedan AWD (3.6L 6cyl 8A)","submodel":{"body":"Sedan","modelName":"300 Sedan","niceName":"sedan"},"trim":"S V6"},{"id":101399190,"name":"Limited 4dr Sedan (3.6L 6cyl 8A)","submodel":{"body":"Sedan","modelName":"300 Sedan","niceName":"sedan"},"trim":"Limited"},{"id":101399372,"name":"S V8 4dr Sedan AWD (5.7L 8cyl 5A)","submodel":{"body":"Sedan","modelName":"300 Sedan","niceName":"sedan"},"trim":"S V8"},{"id":101399189,"name":"4dr Sedan (3.6L 6cyl 8A)","submodel":{"body":"Sedan","modelName":"300 Sedan","niceName":"sedan"},"trim":"Base"},{"id":101399371,"name":"S V8 4dr Sedan (5.7L 8cyl 5A)","submodel":{"body":"Sedan","modelName":"300 Sedan","niceName":"sedan"},"trim":"S V8"},{"id":101399370,"name":"C 4dr Sedan AWD (5.7L 8cyl 5A)","submodel":{"body":"Sedan","modelName":"300 Sedan","niceName":"sedan"},"trim":"C"},{"id":101399369,"name":"C 4dr Sedan (5.7L 8cyl 5A)","submodel":{"body":"Sedan","modelName":"300 Sedan","niceName":"sedan"},"trim":"C"},{"id":101399194,"name":"Limited 4dr Sedan AWD (3.6L 6cyl 8A)","submodel":{"body":"Sedan","modelName":"300 Sedan","niceName":"sedan"},"trim":"Limited"},{"id":101402349,"name":"SRT8 4dr Sedan (6.4L 8cyl 5A)","submodel":{"body":"Sedan","tuner":"SRT8","modelName":"300 SRT8","niceName":"srt8"},"trim":"SRT8"},{"id":101422236,"name":"C Luxury Series 4dr Sedan AWD (5.7L 8cyl 5A)","submodel":{"body":"Sedan","modelName":"300 Sedan","niceName":"sedan"},"trim":"C Luxury Series"},{"id":101422235,"name":"C Luxury Series 4dr Sedan (5.7L 8cyl 5A)","submodel":{"body":"Sedan","modelName":"300 Sedan","niceName":"sedan"},"trim":"C Luxury Series"},{"id":101399199,"name":"S V6 4dr Sedan (3.6L 6cyl 8A)","submodel":{"body":"Sedan","modelName":"300 Sedan","niceName":"sedan"},"trim":"S V6"}]},{"id":200438656,"year":2013,"styles":[{"id":200438660,"name":"C Luxury Series 4dr Sedan AWD (3.6L 6cyl 8A)","submodel":{"body":"Sedan","modelName":"300 Sedan","niceName":"sedan"},"trim":"C Luxury Series"},{"id":200443570,"name":"C John Varvatos 4dr Sedan AWD (3.6L 6cyl 8A)","submodel":{"body":"Sedan","modelName":"300 Sedan","niceName":"sedan"},"trim":"C John Varvatos"},{"id":200438659,"name":"SRT8 4dr Sedan (6.4L 8cyl 5A)","submodel":{"body":"Sedan","tuner":"SRT8","modelName":"300 SRT8","niceName":"srt8"},"trim":"SRT8"},{"id":200443569,"name":"C John Varvatos 4dr Sedan (3.6L 6cyl 8A)","submodel":{"body":"Sedan","modelName":"300 Sedan","niceName":"sedan"},"trim":"C John Varvatos"},{"id":200438658,"name":"S 4dr Sedan AWD (3.6L 6cyl 8A)","submodel":{"body":"Sedan","modelName":"300 Sedan","niceName":"sedan"},"trim":"S"},{"id":200438657,"name":"S 4dr Sedan (3.6L 6cyl 8A)","submodel":{"body":"Sedan","modelName":"300 Sedan","niceName":"sedan"},"trim":"S"},{"id":200438664,"name":"4dr Sedan (3.6L 6cyl 8A)","submodel":{"body":"Sedan","modelName":"300 Sedan","niceName":"sedan"},"trim":"Base"},{"id":200467085,"name":"SRT8 Core 4dr Sedan (6.4L 8cyl 5A)","submodel":{"body":"Sedan","tuner":"SRT8 Core","modelName":"300 SRT8 Core","niceName":"srt8-core"},"trim":"SRT8 Core"},{"id":200438663,"name":"C 4dr Sedan (3.6L 6cyl 8A)","submodel":{"body":"Sedan","modelName":"300 Sedan","niceName":"sedan"},"trim":"C"},{"id":200438662,"name":"C 4dr Sedan AWD (3.6L 6cyl 8A)","submodel":{"body":"Sedan","modelName":"300 Sedan","niceName":"sedan"},"trim":"C"},{"id":200438661,"name":"C Luxury Series 4dr Sedan (3.6L 6cyl 8A)","submodel":{"body":"Sedan","modelName":"300 Sedan","niceName":"sedan"},"trim":"C Luxury Series"},{"id":200438667,"name":"4dr Sedan AWD (3.6L 6cyl 8A)","submodel":{"body":"Sedan","modelName":"300 Sedan","niceName":"sedan"},"trim":"Base"}]},{"id":200477946,"year":2014,"styles":[{"id":200477953,"name":"C John Varvatos Luxury 4dr Sedan (3.6L 6cyl 8A)","submodel":{"body":"Sedan","modelName":"300 Sedan","niceName":"sedan"},"trim":"C John Varvatos Luxury"},{"id":200477954,"name":"C 4dr Sedan (3.6L 6cyl 8A)","submodel":{"body":"Sedan","modelName":"300 Sedan","niceName":"sedan"},"trim":"C"},{"id":200477955,"name":"SRT8 Core 4dr Sedan (6.4L 8cyl 5A)","submodel":{"body":"Sedan","tuner":"SRT8 Core","modelName":"300 SRT8 Core","niceName":"srt8-core"},"trim":"SRT8 Core"},{"id":200477956,"name":"C 4dr Sedan AWD (3.6L 6cyl 8A)","submodel":{"body":"Sedan","modelName":"300 Sedan","niceName":"sedan"},"trim":"C"},{"id":200477957,"name":"4dr Sedan (3.6L 6cyl 8A)","submodel":{"body":"Sedan","modelName":"300 Sedan","niceName":"sedan"},"trim":"Base"},{"id":200477958,"name":"4dr Sedan AWD (3.6L 6cyl 8A)","submodel":{"body":"Sedan","modelName":"300 Sedan","niceName":"sedan"},"trim":"Base"},{"id":200477948,"name":"SRT8 4dr Sedan (6.4L 8cyl 5A)","submodel":{"body":"Sedan","tuner":"SRT8","modelName":"300 SRT8","niceName":"srt8"},"trim":"SRT8"},{"id":200477947,"name":"S 4dr Sedan (3.6L 6cyl 8A)","submodel":{"body":"Sedan","modelName":"300 Sedan","niceName":"sedan"},"trim":"S"},{"id":200477951,"name":"C John Varvatos Luxury 4dr Sedan AWD (3.6L 6cyl 8A)","submodel":{"body":"Sedan","modelName":"300 Sedan","niceName":"sedan"},"trim":"C John Varvatos Luxury"},{"id":200477949,"name":"S 4dr Sedan AWD (3.6L 6cyl 8A)","submodel":{"body":"Sedan","modelName":"300 Sedan","niceName":"sedan"},"trim":"S"}]},{"id":200696407,"year":2015,"styles":[{"id":200696409,"name":"Limited 4dr Sedan (3.6L 6cyl 8A)","submodel":{"body":"Sedan","modelName":"300 Sedan","niceName":"sedan"},"trim":"Limited"},{"id":200725575,"name":"C Platinum 4dr Sedan (3.6L 6cyl 8A)","submodel":{"body":"Sedan","modelName":"300 Sedan","niceName":"sedan"},"trim":"C Platinum"},{"id":200725576,"name":"C Platinum 4dr Sedan AWD (3.6L 6cyl 8A)","submodel":{"body":"Sedan","modelName":"300 Sedan","niceName":"sedan"},"trim":"C Platinum"},{"id":200725573,"name":"C 4dr Sedan (3.6L 6cyl 8A)","submodel":{"body":"Sedan","modelName":"300 Sedan","niceName":"sedan"},"trim":"C"},{"id":200725574,"name":"C 4dr Sedan AWD (3.6L 6cyl 8A)","submodel":{"body":"Sedan","modelName":"300 Sedan","niceName":"sedan"},"trim":"C"},{"id":200725571,"name":"S 4dr Sedan (3.6L 6cyl 8A)","submodel":{"body":"Sedan","modelName":"300 Sedan","niceName":"sedan"},"trim":"S"},{"id":200725572,"name":"S 4dr Sedan AWD (3.6L 6cyl 8A)","submodel":{"body":"Sedan","modelName":"300 Sedan","niceName":"sedan"},"trim":"S"},{"id":200725570,"name":"Limited 4dr Sedan AWD (3.6L 6cyl 8A)","submodel":{"body":"Sedan","modelName":"300 Sedan","niceName":"sedan"},"trim":"Limited"}]},{"id":200751747,"year":2016,"styles":[{"id":200752149,"name":"Limited 4dr Sedan AWD (3.6L 6cyl 8A)","submodel":{"body":"Sedan","modelName":"300 Sedan","niceName":"sedan"},"trim":"Limited"},{"id":200751783,"name":"C 4dr Sedan (3.6L 6cyl 8A)","submodel":{"body":"Sedan","modelName":"300 Sedan","niceName":"sedan"},"trim":"C"},{"id":200751784,"name":"C Platinum 4dr Sedan (3.6L 6cyl 8A)","submodel":{"body":"Sedan","modelName":"300 Sedan","niceName":"sedan"},"trim":"C Platinum"},{"id":200751781,"name":"Anniversary Package 4dr Sedan (3.6L 6cyl 8A)","submodel":{"body":"Sedan","modelName":"300 Sedan","niceName":"sedan"},"trim":"Anniversary Package"},{"id":200751782,"name":"S 4dr Sedan (3.6L 6cyl 8A)","submodel":{"body":"Sedan","modelName":"300 Sedan","niceName":"sedan"},"trim":"S"},{"id":200751748,"name":"Limited 4dr Sedan (3.6L 6cyl 8A)","submodel":{"body":"Sedan","modelName":"300 Sedan","niceName":"sedan"},"trim":"Limited"},{"id":200752580,"name":"C 4dr Sedan AWD (3.6L 6cyl 8A)","submodel":{"body":"Sedan","modelName":"300 Sedan","niceName":"sedan"},"trim":"C"},{"id":401638094,"name":"Alloy 4dr Sedan AWD (3.6L 6cyl 8A)","submodel":{"body":"Sedan","modelName":"300 Sedan","niceName":"sedan"},"trim":"Alloy"},{"id":200752159,"name":"Anniversary Package 4dr Sedan AWD (3.6L 6cyl 8A)","submodel":{"body":"Sedan","modelName":"300 Sedan","niceName":"sedan"},"trim":"Anniversary Package"},{"id":401638093,"name":"Alloy 4dr Sedan (3.6L 6cyl 8A)","submodel":{"body":"Sedan","modelName":"300 Sedan","niceName":"sedan"},"trim":"Alloy"},{"id":200752160,"name":"S 4dr Sedan AWD (3.6L 6cyl 8A)","submodel":{"body":"Sedan","modelName":"300 Sedan","niceName":"sedan"},"trim":"S"},{"id":200752582,"name":"C Platinum 4dr Sedan AWD (3.6L 6cyl 8A)","submodel":{"body":"Sedan","modelName":"300 Sedan","niceName":"sedan"},"trim":"C Platinum"}]}]},{"id":"Chrysler_300M","name":"300M","niceName":"300m","years":[{"id":3484,"year":1999,"styles":[{"id":14123,"name":"4dr Sedan","submodel":{"body":"Sedan","modelName":"300M Sedan","niceName":"sedan"},"trim":"Base"}]},{"id":369,"year":2000,"styles":[{"id":12444,"name":"4dr Sedan","submodel":{"body":"Sedan","modelName":"300M Sedan","niceName":"sedan"},"trim":"Base"}]},{"id":100000063,"year":2001,"styles":[{"id":100000722,"name":"4dr Sedan (3.5L 6cyl 4A)","submodel":{"body":"Sedan","modelName":"300M Sedan","niceName":"sedan"},"trim":"Base"}]},{"id":3877,"year":2002,"styles":[{"id":100002868,"name":"4dr Sedan (3.5L 6cyl 4A)","submodel":{"body":"Sedan","modelName":"300M Sedan","niceName":"sedan"},"trim":"Base"},{"id":100073799,"name":"Special 4dr Sedan (3.5L 6cyl 4A)","submodel":{"body":"Sedan","modelName":"300M Sedan","niceName":"sedan"},"trim":"Special"}]},{"id":100502763,"year":2003,"styles":[{"id":100178457,"name":"4dr Sedan (3.5L 6cyl 4A)","submodel":{"body":"Sedan","modelName":"300M Sedan","niceName":"sedan"},"trim":"Base"},{"id":100178611,"name":"Special 4dr Sedan (3.5L 6cyl 4A)","submodel":{"body":"Sedan","modelName":"300M Sedan","niceName":"sedan"},"trim":"Special"}]},{"id":100503146,"year":2004,"styles":[{"id":100222996,"name":"4dr Sedan (3.5L 6cyl 4A)","submodel":{"body":"Sedan","modelName":"300M Sedan","niceName":"sedan"},"trim":"Base"},{"id":100222998,"name":"Special 4dr Sedan (3.5L 6cyl 4A)","submodel":{"body":"Sedan","modelName":"300M Sedan","niceName":"sedan"},"trim":"Special"}]}]},{"id":"Chrysler_Aspen","name":"Aspen","niceName":"aspen","years":[{"id":100506192,"year":2007,"styles":[{"id":100783095,"name":"Limited 4dr SUV 4WD (4.7L 8cyl 5A)","submodel":{"body":"SUV","modelName":"Aspen SUV","niceName":"suv"},"trim":"Limited"},{"id":100783094,"name":"Limited 4dr SUV (4.7L 8cyl 5A)","submodel":{"body":"SUV","modelName":"Aspen SUV","niceName":"suv"},"trim":"Limited"}]},{"id":100523614,"year":2008,"styles":[{"id":100899765,"name":"Limited 4dr SUV (4.7L 8cyl 5A)","submodel":{"body":"SUV","modelName":"Aspen SUV","niceName":"suv"},"trim":"Limited"},{"id":100899766,"name":"Limited 4dr SUV 4WD (4.7L 8cyl 5A)","submodel":{"body":"SUV","modelName":"Aspen SUV","niceName":"suv"},"trim":"Limited"}]},{"id":100525931,"year":2009,"styles":[{"id":101052594,"name":"Limited 4dr SUV (4.7L 8cyl 5A)","submodel":{"body":"SUV","modelName":"Aspen SUV","niceName":"suv"},"trim":"Limited"},{"id":101052595,"name":"Limited 4dr SUV 4WD (4.7L 8cyl 5A)","submodel":{"body":"SUV","modelName":"Aspen SUV","niceName":"suv"},"trim":"Limited"},{"id":101052647,"name":"Limited HEV 4dr SUV 4WD (5.7L 8cyl gas/electric hybrid 4A)","submodel":{"body":"SUV","fuel":"Hybrid","modelName":"Aspen Hybrid","niceName":"hybrid"},"trim":"Limited HEV"}]}]},{"id":"Chrysler_Cirrus","name":"Cirrus","niceName":"cirrus","years":[{"id":2719,"year":1995,"styles":[{"id":9156,"name":"LX 4dr Sedan","submodel":{"body":"Sedan","modelName":"Cirrus Sedan","niceName":"sedan"},"trim":"LX"},{"id":9160,"name":"LXi 4dr Sedan","submodel":{"body":"Sedan","modelName":"Cirrus Sedan","niceName":"sedan"},"trim":"LXi"}]},{"id":829,"year":1996,"styles":[{"id":9193,"name":"LXi 4dr Sedan","submodel":{"body":"Sedan","modelName":"Cirrus Sedan","niceName":"sedan"},"trim":"LXi"},{"id":9189,"name":"LX 4dr Sedan","submodel":{"body":"Sedan","modelName":"Cirrus Sedan","niceName":"sedan"},"trim":"LX"}]},{"id":2720,"year":1997,"styles":[{"id":2,"name":"LX 4dr Sedan","submodel":{"body":"Sedan","modelName":"Cirrus Sedan","niceName":"sedan"},"trim":"LX"},{"id":9440,"name":"LXi 4dr Sedan","submodel":{"body":"Sedan","modelName":"Cirrus Sedan","niceName":"sedan"},"trim":"LXi"}]},{"id":2721,"year":1998,"styles":[{"id":17380,"name":"LXi 4dr Sedan","submodel":{"body":"Sedan","modelName":"Cirrus Sedan","niceName":"sedan"},"trim":"LXi"}]},{"id":3485,"year":1999,"styles":[{"id":12378,"name":"LXi 4dr Sedan","submodel":{"body":"Sedan","modelName":"Cirrus Sedan","niceName":"sedan"},"trim":"LXi"}]},{"id":1083,"year":2000,"styles":[{"id":5893,"name":"LX 4dr Sedan","submodel":{"body":"Sedan","modelName":"Cirrus Sedan","niceName":"sedan"},"trim":"LX"},{"id":5892,"name":"LXi 4dr Sedan","submodel":{"body":"Sedan","modelName":"Cirrus Sedan","niceName":"sedan"},"trim":"LXi"}]}]},{"id":"Chrysler_Concorde","name":"Concorde","niceName":"concorde","years":[{"id":830,"year":1993,"styles":[{"id":13460,"name":"4dr Sedan","submodel":{"body":"Sedan","modelName":"Concorde Sedan","niceName":"sedan"},"trim":"Base"}]},{"id":2722,"year":1994,"styles":[{"id":9171,"name":"4dr Sedan","submodel":{"body":"Sedan","modelName":"Concorde Sedan","niceName":"sedan"},"trim":"Base"}]},{"id":2723,"year":1995,"styles":[{"id":9202,"name":"4dr Sedan","submodel":{"body":"Sedan","modelName":"Concorde Sedan","niceName":"sedan"},"trim":"Base"}]},{"id":2724,"year":1996,"styles":[{"id":9452,"name":"LX 4dr Sedan","submodel":{"body":"Sedan","modelName":"Concorde Sedan","niceName":"sedan"},"trim":"LX"},{"id":9454,"name":"LXi 4dr Sedan","submodel":{"body":"Sedan","modelName":"Concorde Sedan","niceName":"sedan"},"trim":"LXi"}]},{"id":831,"year":1997,"styles":[{"id":3,"name":"LX 4dr Sedan","submodel":{"body":"Sedan","modelName":"Concorde Sedan","niceName":"sedan"},"trim":"LX"},{"id":9433,"name":"LXi 4dr Sedan","submodel":{"body":"Sedan","modelName":"Concorde Sedan","niceName":"sedan"},"trim":"LXi"}]},{"id":2725,"year":1998,"styles":[{"id":9625,"name":"LXi 4dr Sedan","submodel":{"body":"Sedan","modelName":"Concorde Sedan","niceName":"sedan"},"trim":"LXi"},{"id":13049,"name":"LX 4dr Sedan","submodel":{"body":"Sedan","modelName":"Concorde Sedan","niceName":"sedan"},"trim":"LX"}]},{"id":3486,"year":1999,"styles":[{"id":12673,"name":"LX 4dr Sedan","submodel":{"body":"Sedan","modelName":"Concorde Sedan","niceName":"sedan"},"trim":"LX"},{"id":3825,"name":"LXi 4dr Sedan","submodel":{"body":"Sedan","modelName":"Concorde Sedan","niceName":"sedan"},"trim":"LXi"}]},{"id":1154,"year":2000,"styles":[{"id":12446,"name":"LXi 4dr Sedan","submodel":{"body":"Sedan","modelName":"Concorde Sedan","niceName":"sedan"},"trim":"LXi"},{"id":12445,"name":"LX 4dr Sedan","submodel":{"body":"Sedan","modelName":"Concorde Sedan","niceName":"sedan"},"trim":"LX"}]},{"id":100000062,"year":2001,"styles":[{"id":100000724,"name":"LXi 4dr Sedan (3.2L 6cyl 4A)","submodel":{"body":"Sedan","modelName":"Concorde Sedan","niceName":"sedan"},"trim":"LXi"},{"id":100000723,"name":"LX 4dr Sedan (2.7L 6cyl 4A)","submodel":{"body":"Sedan","modelName":"Concorde Sedan","niceName":"sedan"},"trim":"LX"}]},{"id":3878,"year":2002,"styles":[{"id":100002869,"name":"LX 4dr Sedan (2.7L 6cyl 4A)","submodel":{"body":"Sedan","modelName":"Concorde Sedan","niceName":"sedan"},"trim":"LX"},{"id":100003302,"name":"Limited 4dr Sedan (3.5L 6cyl 4A)","submodel":{"body":"Sedan","modelName":"Concorde Sedan","niceName":"sedan"},"trim":"Limited"},{"id":100002870,"name":"LXi 4dr Sedan (3.5L 6cyl 4A)","submodel":{"body":"Sedan","modelName":"Concorde Sedan","niceName":"sedan"},"trim":"LXi"}]},{"id":100502764,"year":2003,"styles":[{"id":100193312,"name":"LXi 4dr Sedan (3.5L 6cyl 4A)","submodel":{"body":"Sedan","modelName":"Concorde Sedan","niceName":"sedan"},"trim":"LXi"},{"id":100193283,"name":"LX 4dr Sedan (2.7L 6cyl 4A)","submodel":{"body":"Sedan","modelName":"Concorde Sedan","niceName":"sedan"},"trim":"LX"},{"id":100193420,"name":"Limited 4dr Sedan (3.5L 6cyl 4A)","submodel":{"body":"Sedan","modelName":"Concorde Sedan","niceName":"sedan"},"trim":"Limited"}]},{"id":100503147,"year":2004,"styles":[{"id":100223765,"name":"Limited 4dr Sedan (3.5L 6cyl 4A)","submodel":{"body":"Sedan","modelName":"Concorde Sedan","niceName":"sedan"},"trim":"Limited"},{"id":100223764,"name":"LXi 4dr Sedan (3.5L 6cyl 4A)","submodel":{"body":"Sedan","modelName":"Concorde Sedan","niceName":"sedan"},"trim":"LXi"},{"id":100223763,"name":"LX 4dr Sedan (2.7L 6cyl 4A)","submodel":{"body":"Sedan","modelName":"Concorde Sedan","niceName":"sedan"},"trim":"LX"}]}]},{"id":"Chrysler_Crossfire","name":"Crossfire","niceName":"crossfire","years":[{"id":100502655,"year":2004,"styles":[{"id":100303167,"name":"2dr Sports Coupe (3.2L 6cyl 6M)","submodel":{"body":"Hatchback","modelName":"Crossfire Hatchback","niceName":"hatchback"},"trim":"Base"},{"id":100303168,"name":"2dr Sports Coupe (3.2L 6cyl 5A)","submodel":{"body":"Hatchback","modelName":"Crossfire Hatchback","niceName":"hatchback"},"trim":"Base"}]},{"id":100503149,"year":2005,"styles":[{"id":100393255,"name":"2dr Coupe (3.2L 6cyl 6M)","submodel":{"body":"Coupe","modelName":"Crossfire Coupe","niceName":"coupe"},"trim":"Base"},{"id":100394762,"name":"2dr Convertible (3.2L 6cyl 6M)","submodel":{"body":"Convertible","modelName":"Crossfire Convertible","niceName":"convertible"},"trim":"Base"},{"id":100394763,"name":"Limited 2dr Convertible (3.2L 6cyl 6M)","submodel":{"body":"Convertible","modelName":"Crossfire Convertible","niceName":"convertible"},"trim":"Limited"},{"id":100391951,"name":"SRT-6 2dr Convertible (3.2L 6cyl S/C 5A)","submodel":{"body":"Convertible","tuner":"SRT-6","modelName":"Crossfire SRT-6","niceName":"srt-6"},"trim":"SRT-6"},{"id":100394760,"name":"Limited 2dr Coupe (3.2L 6cyl 6M)","submodel":{"body":"Coupe","modelName":"Crossfire Coupe","niceName":"coupe"},"trim":"Limited"},{"id":100391810,"name":"SRT-6 2dr Coupe (3.2L 6cyl S/C 5A)","submodel":{"body":"Coupe","tuner":"SRT-6","modelName":"Crossfire SRT-6","niceName":"srt-6"},"trim":"SRT-6"}]},{"id":100506850,"year":2006,"styles":[{"id":100872009,"name":"SRT-6 2dr Convertible (3.2L 6cyl S/C 5A)","submodel":{"body":"Convertible","tuner":"SRT-6","modelName":"Crossfire SRT-6","niceName":"srt-6"},"trim":"SRT-6"},{"id":100872008,"name":"Limited 2dr Convertible (3.2L 6cyl 6M)","submodel":{"body":"Convertible","modelName":"Crossfire Convertible","niceName":"convertible"},"trim":"Limited"},{"id":100676749,"name":"SRT-6 2dr Coupe (3.2L 6cyl S/C 5A)","submodel":{"body":"Coupe","tuner":"SRT-6","modelName":"Crossfire SRT-6","niceName":"srt-6"},"trim":"SRT-6"},{"id":100676750,"name":"2dr Convertible (3.2L 6cyl 6M)","submodel":{"body":"Convertible","modelName":"Crossfire Convertible","niceName":"convertible"},"trim":"Base"},{"id":100676747,"name":"2dr Coupe (3.2L 6cyl 6M)","submodel":{"body":"Coupe","modelName":"Crossfire Coupe","niceName":"coupe"},"trim":"Base"},{"id":100676748,"name":"Limited 2dr Coupe (3.2L 6cyl 6M)","submodel":{"body":"Coupe","modelName":"Crossfire Coupe","niceName":"coupe"},"trim":"Limited"}]},{"id":100523009,"year":2007,"styles":[{"id":100878344,"name":"2dr Convertible (3.2L 6cyl 6M)","submodel":{"body":"Convertible","modelName":"Crossfire Convertible","niceName":"convertible"},"trim":"Base"},{"id":100878343,"name":"Limited 2dr Hatchback (3.2L 6cyl 6M)","submodel":{"body":"Hatchback","modelName":"Crossfire Hatchback","niceName":"hatchback"},"trim":"Limited"},{"id":100878342,"name":"2dr Hatchback (3.2L 6cyl 6M)","submodel":{"body":"Hatchback","modelName":"Crossfire Hatchback","niceName":"hatchback"},"trim":"Base"},{"id":100878345,"name":"Limited 2dr Convertible (3.2L 6cyl 6M)","submodel":{"body":"Convertible","modelName":"Crossfire Convertible","niceName":"convertible"},"trim":"Limited"}]},{"id":100524769,"year":2008,"styles":[{"id":100980436,"name":"Limited 2dr Convertible (3.2L 6cyl 6M)","submodel":{"body":"Convertible","modelName":"Crossfire Convertible","niceName":"convertible"},"trim":"Limited"},{"id":100980435,"name":"Limited 2dr Hatchback (3.2L 6cyl 6M)","submodel":{"body":"Hatchback","modelName":"Crossfire Hatchback","niceName":"hatchback"},"trim":"Limited"}]}]},{"id":"Chrysler_Grand_Voyager","name":"Grand Voyager","niceName":"grand-voyager","years":[{"id":100503413,"year":2000,"styles":[{"id":12730,"name":"SE 4dr Minivan","submodel":{"body":"Minivan","modelName":"Grand Voyager Minivan","niceName":"minivan"},"trim":"SE"},{"id":12729,"name":"4dr Minivan","submodel":{"body":"Minivan","modelName":"Grand Voyager Minivan","niceName":"minivan"},"trim":"Base"}]}]},{"id":"Chrysler_Imperial","name":"Imperial","niceName":"imperial","years":[{"id":2518,"year":1990,"styles":[{"id":10459,"name":"4dr Sedan","submodel":{"body":"Sedan","modelName":"Imperial Sedan","niceName":"sedan"},"trim":"Base"}]},{"id":2519,"year":1991,"styles":[{"id":9445,"name":"4dr Sedan","submodel":{"body":"Sedan","modelName":"Imperial Sedan","niceName":"sedan"},"trim":"Base"}]},{"id":2520,"year":1992,"styles":[{"id":13483,"name":"4dr Sedan","submodel":{"body":"Sedan","modelName":"Imperial Sedan","niceName":"sedan"},"trim":"Base"}]},{"id":2521,"year":1993,"styles":[{"id":9180,"name":"4dr Sedan","submodel":{"body":"Sedan","modelName":"Imperial Sedan","niceName":"sedan"},"trim":"Base"}]}]},{"id":"Chrysler_LHS","name":"LHS","niceName":"lhs","years":[{"id":2522,"year":1994,"styles":[{"id":9168,"name":"4dr Sedan","submodel":{"body":"Sedan","modelName":"LHS Sedan","niceName":"sedan"},"trim":"Base"}]},{"id":833,"year":1995,"styles":[{"id":9200,"name":"4dr Sedan","submodel":{"body":"Sedan","modelName":"LHS Sedan","niceName":"sedan"},"trim":"Base"}]},{"id":2523,"year":1996,"styles":[{"id":9450,"name":"4dr Sedan","submodel":{"body":"Sedan","modelName":"LHS Sedan","niceName":"sedan"},"trim":"Base"}]},{"id":2524,"year":1997,"styles":[{"id":4,"name":"4dr Sedan","submodel":{"body":"Sedan","modelName":"LHS Sedan","niceName":"sedan"},"trim":"Base"}]},{"id":973,"year":1999,"styles":[{"id":14126,"name":"4dr Sedan","submodel":{"body":"Sedan","modelName":"LHS Sedan","niceName":"sedan"},"trim":"Base"}]},{"id":1155,"year":2000,"styles":[{"id":12447,"name":"4dr Sedan","submodel":{"body":"Sedan","modelName":"LHS Sedan","niceName":"sedan"},"trim":"Base"}]},{"id":100000061,"year":2001,"styles":[{"id":100000725,"name":"4dr Sedan (3.5L 6cyl 4A)","submodel":{"body":"Sedan","modelName":"LHS Sedan","niceName":"sedan"},"trim":"Base"}]}]},{"id":"Chrysler_Le_Baron","name":"Le Baron","niceName":"le-baron","years":[{"id":2525,"year":1990,"styles":[{"id":9672,"name":"Highline Turbo 2dr Coupe","submodel":{"body":"Coupe","modelName":"Le Baron Coupe","niceName":"coupe"},"trim":"Highline"},{"id":10481,"name":"Highline 2dr Coupe","submodel":{"body":"Coupe","modelName":"Le Baron Coupe","niceName":"coupe"},"trim":"Highline"},{"id":10467,"name":"GT Turbo 2dr Convertible","submodel":{"body":"Convertible","modelName":"Le Baron Convertible","niceName":"convertible"},"trim":"GT"},{"id":10464,"name":"GT 2dr Convertible","submodel":{"body":"Convertible","modelName":"Le Baron Convertible","niceName":"convertible"},"trim":"GT"},{"id":10469,"name":"GT 2dr Coupe","submodel":{"body":"Coupe","modelName":"Le Baron Coupe","niceName":"coupe"},"trim":"GT"},{"id":9681,"name":"4dr Sedan","submodel":{"body":"Sedan","modelName":"Le Baron Sedan","niceName":"sedan"},"trim":"Base"},{"id":10471,"name":"GT Turbo 2dr Coupe","submodel":{"body":"Coupe","modelName":"Le Baron Coupe","niceName":"coupe"},"trim":"GT"},{"id":10473,"name":"GTC Turbo 2dr Convertible","submodel":{"body":"Convertible","modelName":"Le Baron Convertible","niceName":"convertible"},"trim":"GTC"},{"id":9679,"name":"Premium 2dr Coupe","submodel":{"body":"Coupe","modelName":"Le Baron Coupe","niceName":"coupe"},"trim":"Premium"},{"id":10475,"name":"GTC Turbo 2dr Coupe","submodel":{"body":"Coupe","modelName":"Le Baron Coupe","niceName":"coupe"},"trim":"GTC"},{"id":9677,"name":"Premium 2dr Convertible","submodel":{"body":"Convertible","modelName":"Le Baron Convertible","niceName":"convertible"},"trim":"Premium"},{"id":10477,"name":"Highline 2dr Convertible","submodel":{"body":"Convertible","modelName":"Le Baron Convertible","niceName":"convertible"},"trim":"Highline"},{"id":10478,"name":"Highline Turbo 2dr Convertible","submodel":{"body":"Convertible","modelName":"Le Baron Convertible","niceName":"convertible"},"trim":"Highline"}]},{"id":2526,"year":1991,"styles":[{"id":9086,"name":"GTC Turbo 2dr Coupe","submodel":{"body":"Coupe","modelName":"Le Baron Coupe","niceName":"coupe"},"trim":"GTC"},{"id":9088,"name":"Highline 2dr Convertible","submodel":{"body":"Convertible","modelName":"Le Baron Convertible","niceName":"convertible"},"trim":"Highline"},{"id":9081,"name":"GTC 2dr Convertible","submodel":{"body":"Convertible","modelName":"Le Baron Convertible","niceName":"convertible"},"trim":"GTC"},{"id":9099,"name":"4dr Sedan","submodel":{"body":"Sedan","modelName":"Le Baron Sedan","niceName":"sedan"},"trim":"Base"},{"id":9083,"name":"GTC Turbo 2dr Convertible","submodel":{"body":"Convertible","modelName":"Le Baron Convertible","niceName":"convertible"},"trim":"GTC"},{"id":9084,"name":"GTC 2dr Coupe","submodel":{"body":"Coupe","modelName":"Le Baron Coupe","niceName":"coupe"},"trim":"GTC"},{"id":9097,"name":"Premium LX 2dr Coupe","submodel":{"body":"Coupe","modelName":"Le Baron Coupe","niceName":"coupe"},"trim":"Premium LX"},{"id":9095,"name":"Premium LX 2dr Convertible","submodel":{"body":"Convertible","modelName":"Le Baron Convertible","niceName":"convertible"},"trim":"Premium LX"},{"id":9093,"name":"Highline Turbo 2dr Coupe","submodel":{"body":"Coupe","modelName":"Le Baron Coupe","niceName":"coupe"},"trim":"Highline"},{"id":9091,"name":"Highline 2dr Coupe","submodel":{"body":"Coupe","modelName":"Le Baron Coupe","niceName":"coupe"},"trim":"Highline"},{"id":9090,"name":"Highline Turbo 2dr Convertible","submodel":{"body":"Convertible","modelName":"Le Baron Convertible","niceName":"convertible"},"trim":"Highline"}]},{"id":2527,"year":1992,"styles":[{"id":10499,"name":"Turbo 2dr Convertible","submodel":{"body":"Convertible","modelName":"Le Baron Convertible","niceName":"convertible"},"trim":"Base"},{"id":10497,"name":"2dr Convertible","submodel":{"body":"Convertible","modelName":"Le Baron Convertible","niceName":"convertible"},"trim":"Base"},{"id":10483,"name":"GTC Turbo 2dr Convertible","submodel":{"body":"Convertible","modelName":"Le Baron Convertible","niceName":"convertible"},"trim":"GTC"},{"id":10503,"name":"Turbo 2dr Coupe","submodel":{"body":"Coupe","modelName":"Le Baron Coupe","niceName":"coupe"},"trim":"Base"},{"id":10485,"name":"GTC 2dr Coupe","submodel":{"body":"Coupe","modelName":"Le Baron Coupe","niceName":"coupe"},"trim":"GTC"},{"id":10487,"name":"GTC Turbo 2dr Coupe","submodel":{"body":"Coupe","modelName":"Le Baron Coupe","niceName":"coupe"},"trim":"GTC"},{"id":10502,"name":"2dr Coupe","submodel":{"body":"Coupe","modelName":"Le Baron Coupe","niceName":"coupe"},"trim":"Base"},{"id":10489,"name":"Landau 4dr Sedan","submodel":{"body":"Sedan","modelName":"Le Baron Sedan","niceName":"sedan"},"trim":"Landau"},{"id":10505,"name":"4dr Sedan","submodel":{"body":"Sedan","modelName":"Le Baron Sedan","niceName":"sedan"},"trim":"Base"},{"id":10491,"name":"LX 2dr Convertible","submodel":{"body":"Convertible","modelName":"Le Baron Convertible","niceName":"convertible"},"trim":"LX"},{"id":13486,"name":"GTC 2dr Convertible","submodel":{"body":"Convertible","modelName":"Le Baron Convertible","niceName":"convertible"},"trim":"GTC"},{"id":10493,"name":"LX 2dr Coupe","submodel":{"body":"Coupe","modelName":"Le Baron Coupe","niceName":"coupe"},"trim":"LX"},{"id":10495,"name":"LX 4dr Sedan","submodel":{"body":"Sedan","modelName":"Le Baron Sedan","niceName":"sedan"},"trim":"LX"}]},{"id":835,"year":1993,"styles":[{"id":13477,"name":"2dr Coupe","submodel":{"body":"Coupe","modelName":"Le Baron Coupe","niceName":"coupe"},"trim":"Base"},{"id":13462,"name":"GTC 2dr Convertible","submodel":{"body":"Convertible","modelName":"Le Baron Convertible","niceName":"convertible"},"trim":"GTC"},{"id":13463,"name":"GTC 2dr Coupe","submodel":{"body":"Coupe","modelName":"Le Baron Coupe","niceName":"coupe"},"trim":"GTC"},{"id":13474,"name":"2dr Convertible","submodel":{"body":"Convertible","modelName":"Le Baron Convertible","niceName":"convertible"},"trim":"Base"},{"id":13465,"name":"Landau 4dr Sedan","submodel":{"body":"Sedan","modelName":"Le Baron Sedan","niceName":"sedan"},"trim":"Landau"},{"id":13467,"name":"LE 4dr Sedan","submodel":{"body":"Sedan","modelName":"Le Baron Sedan","niceName":"sedan"},"trim":"LE"},{"id":13469,"name":"LX 2dr Convertible","submodel":{"body":"Convertible","modelName":"Le Baron Convertible","niceName":"convertible"},"trim":"LX"},{"id":13472,"name":"LX 2dr Coupe","submodel":{"body":"Coupe","modelName":"Le Baron Coupe","niceName":"coupe"},"trim":"LX"}]},{"id":2528,"year":1994,"styles":[{"id":9175,"name":"Landau 4dr Sedan","submodel":{"body":"Sedan","modelName":"Le Baron Sedan","niceName":"sedan"},"trim":"Landau"},{"id":9176,"name":"LE 4dr Sedan","submodel":{"body":"Sedan","modelName":"Le Baron Sedan","niceName":"sedan"},"trim":"LE"},{"id":9173,"name":"GTC 2dr Convertible","submodel":{"body":"Convertible","modelName":"Le Baron Convertible","niceName":"convertible"},"trim":"GTC"}]},{"id":2529,"year":1995,"styles":[{"id":9207,"name":"GTC 2dr Convertible","submodel":{"body":"Convertible","modelName":"Le Baron Convertible","niceName":"convertible"},"trim":"GTC"}]}]},{"id":"Chrysler_New_Yorker","name":"New Yorker","niceName":"new-yorker","years":[{"id":2530,"year":1990,"styles":[{"id":10463,"name":"Salon 4dr Sedan","submodel":{"body":"Sedan","modelName":"New Yorker Sedan","niceName":"sedan"},"trim":"Salon"},{"id":9683,"name":"Fifth Avenue 4dr Sedan","submodel":{"body":"Sedan","modelName":"New Yorker Sedan","niceName":"sedan"},"trim":"Fifth Avenue"},{"id":10460,"name":"Mark Cross 4dr Sedan","submodel":{"body":"Sedan","modelName":"New Yorker Sedan","niceName":"sedan"},"trim":"Mark Cross"},{"id":9675,"name":"Fifth Avenue Mark Cross 4dr Sedan","submodel":{"body":"Sedan","modelName":"New Yorker Sedan","niceName":"sedan"},"trim":"Fifth Avenue Mark Cross"},{"id":9673,"name":"Landau 4dr Sedan","submodel":{"body":"Sedan","modelName":"New Yorker Sedan","niceName":"sedan"},"trim":"Landau"}]},{"id":2531,"year":1991,"styles":[{"id":9077,"name":"Salon 4dr Sedan","submodel":{"body":"Sedan","modelName":"New Yorker Sedan","niceName":"sedan"},"trim":"Salon"},{"id":9076,"name":"Fifth Avenue 4dr Sedan","submodel":{"body":"Sedan","modelName":"New Yorker Sedan","niceName":"sedan"},"trim":"Fifth Avenue"}]},{"id":2532,"year":1992,"styles":[{"id":10361,"name":"Salon 4dr Sedan","submodel":{"body":"Sedan","modelName":"New Yorker Sedan","niceName":"sedan"},"trim":"Salon"},{"id":10506,"name":"Fifth Avenue 4dr Sedan","submodel":{"body":"Sedan","modelName":"New Yorker Sedan","niceName":"sedan"},"trim":"Fifth Avenue"}]},{"id":837,"year":1993,"styles":[{"id":13479,"name":"Fifth Avenue 4dr Sedan","submodel":{"body":"Sedan","modelName":"New Yorker Sedan","niceName":"sedan"},"trim":"Fifth Avenue"},{"id":13459,"name":"Salon 4dr Sedan","submodel":{"body":"Sedan","modelName":"New Yorker Sedan","niceName":"sedan"},"trim":"Salon"}]},{"id":2533,"year":1994,"styles":[{"id":9169,"name":"4dr Sedan","submodel":{"body":"Sedan","modelName":"New Yorker Sedan","niceName":"sedan"},"trim":"Base"}]},{"id":2534,"year":1995,"styles":[{"id":9204,"name":"4dr Sedan","submodel":{"body":"Sedan","modelName":"New Yorker Sedan","niceName":"sedan"},"trim":"Base"}]},{"id":2535,"year":1996,"styles":[{"id":9182,"name":"4dr Sedan","submodel":{"body":"Sedan","modelName":"New Yorker Sedan","niceName":"sedan"},"trim":"Base"}]}]},{"id":"Chrysler_PT_Cruiser","name":"PT Cruiser","niceName":"pt-cruiser","years":[{"id":100000058,"year":2001,"styles":[{"id":100000726,"name":"4dr Wagon (2.4L 4cyl 5M)","submodel":{"body":"Wagon","modelName":"PT Cruiser Wagon","niceName":"wagon"},"trim":"Base"}]},{"id":3727,"year":2002,"styles":[{"id":100002291,"name":"4dr Wagon (2.4L 4cyl 5M)","submodel":{"body":"Wagon","modelName":"PT Cruiser Wagon","niceName":"wagon"},"trim":"Base"},{"id":100002292,"name":"Limited Edition 4dr Wagon (2.4L 4cyl 5M)","submodel":{"body":"Wagon","modelName":"PT Cruiser Wagon","niceName":"wagon"},"trim":"Limited Edition"},{"id":100002293,"name":"Touring Edition 4dr Wagon (2.4L 4cyl 5M)","submodel":{"body":"Wagon","modelName":"PT Cruiser Wagon","niceName":"wagon"},"trim":"Touring Edition"}]},{"id":100502690,"year":2003,"styles":[{"id":100193700,"name":"GT 4dr Wagon (2.4L 4cyl Turbo 5M)","submodel":{"body":"Wagon","modelName":"PT Cruiser Wagon","niceName":"wagon"},"trim":"GT"},{"id":100193571,"name":"Touring Edition 4dr Wagon (2.4L 4cyl 5M)","submodel":{"body":"Wagon","modelName":"PT Cruiser Wagon","niceName":"wagon"},"trim":"Touring Edition"},{"id":100193569,"name":"4dr Wagon (2.4L 4cyl 5M)","submodel":{"body":"Wagon","modelName":"PT Cruiser Wagon","niceName":"wagon"},"trim":"Base"},{"id":100193696,"name":"Limited Edition 4dr Wagon (2.4L 4cyl 5M)","submodel":{"body":"Wagon","modelName":"PT Cruiser Wagon","niceName":"wagon"},"trim":"Limited Edition"}]},{"id":100502689,"year":2004,"styles":[{"id":100330169,"name":"Limited Edition Platinum Series 4dr Wagon (2.4L 4cyl Turbo 4A)","submodel":{"body":"Wagon","modelName":"PT Cruiser Wagon","niceName":"wagon"},"trim":"Limited Edition"},{"id":100288068,"name":"4dr Wagon (2.4L 4cyl 5M)","submodel":{"body":"Wagon","modelName":"PT Cruiser Wagon","niceName":"wagon"},"trim":"Base"},{"id":100288262,"name":"Touring Edition 4dr Wagon (2.4L 4cyl 5M)","submodel":{"body":"Wagon","modelName":"PT Cruiser Wagon","niceName":"wagon"},"trim":"Touring Edition"},{"id":100288261,"name":"4dr Wagon (2.4L 4cyl 4A)","submodel":{"body":"Wagon","modelName":"PT Cruiser Wagon","niceName":"wagon"},"trim":"Base"},{"id":100288368,"name":"Limited Edition 4dr Wagon (2.4L 4cyl 5M)","submodel":{"body":"Wagon","modelName":"PT Cruiser Wagon","niceName":"wagon"},"trim":"Limited Edition"},{"id":100334917,"name":"Dream Cruiser 3 4dr Wagon (2.4L 4cyl Turbo 5M)","submodel":{"body":"Wagon","modelName":"PT Cruiser Wagon","niceName":"wagon"},"trim":"Dream Cruiser 3"},{"id":100334933,"name":"Dream Cruiser 3 4dr Wagon (2.4L 4cyl Turbo 4A)","submodel":{"body":"Wagon","modelName":"PT Cruiser Wagon","niceName":"wagon"},"trim":"Dream Cruiser 3"},{"id":100288269,"name":"Touring Edition 4dr Wagon (2.4L 4cyl 4A)","submodel":{"body":"Wagon","modelName":"PT Cruiser Wagon","niceName":"wagon"},"trim":"Touring Edition"},{"id":100288360,"name":"Touring Edition 4dr Wagon (2.4L 4cyl Turbo 4A)","submodel":{"body":"Wagon","modelName":"PT Cruiser Wagon","niceName":"wagon"},"trim":"Touring Edition"},{"id":100288370,"name":"Limited Edition 4dr Wagon (2.4L 4cyl Turbo 4A)","submodel":{"body":"Wagon","modelName":"PT Cruiser Wagon","niceName":"wagon"},"trim":"Limited Edition"},{"id":100288387,"name":"GT 4dr Wagon (2.4L 4cyl Turbo 4A)","submodel":{"body":"Wagon","modelName":"PT Cruiser Wagon","niceName":"wagon"},"trim":"GT"},{"id":100288369,"name":"Limited Edition 4dr Wagon (2.4L 4cyl 4A)","submodel":{"body":"Wagon","modelName":"PT Cruiser Wagon","niceName":"wagon"},"trim":"Limited Edition"},{"id":100288386,"name":"GT 4dr Wagon (2.4L 4cyl Turbo 5M)","submodel":{"body":"Wagon","modelName":"PT Cruiser Wagon","niceName":"wagon"},"trim":"GT"}]},{"id":100503806,"year":2005,"styles":[{"id":100466991,"name":"Limited 4dr Wagon (2.4L 4cyl 5M)","submodel":{"body":"Wagon","modelName":"PT Cruiser Wagon","niceName":"wagon"},"trim":"Limited"},{"id":100378461,"name":"Touring 2dr Convertible (2.4L 4cyl Turbo 4A)","submodel":{"body":"Convertible","modelName":"PT Cruiser Convertible","niceName":"convertible"},"trim":"Touring"},{"id":100466989,"name":"Touring 4dr Wagon (2.4L 4cyl 5M)","submodel":{"body":"Wagon","modelName":"PT Cruiser Wagon","niceName":"wagon"},"trim":"Touring"},{"id":100466987,"name":"4dr Wagon (2.4L 4cyl 5M)","submodel":{"body":"Wagon","modelName":"PT Cruiser Wagon","niceName":"wagon"},"trim":"Base"},{"id":100378421,"name":"GT 2dr Convertible (2.4L 4cyl Turbo 5M)","submodel":{"body":"Convertible","modelName":"PT Cruiser Convertible","niceName":"convertible"},"trim":"GT"},{"id":100466996,"name":"GT 4dr Wagon (2.4L 4cyl Turbo 5M)","submodel":{"body":"Wagon","modelName":"PT Cruiser Wagon","niceName":"wagon"},"trim":"GT"},{"id":100378418,"name":"2dr Convertible (2.4L 4cyl 5M)","submodel":{"body":"Convertible","modelName":"PT Cruiser Convertible","niceName":"convertible"},"trim":"Base"}]},{"id":100505885,"year":2006,"styles":[{"id":100593401,"name":"Touring 2dr Convertible (2.4L 4cyl 5M)","submodel":{"body":"Convertible","modelName":"PT Cruiser Convertible","niceName":"convertible"},"trim":"Touring"},{"id":100593365,"name":"GT 4dr Wagon (2.4L 4cyl Turbo 5M)","submodel":{"body":"Wagon","modelName":"PT Cruiser Wagon","niceName":"wagon"},"trim":"GT"},{"id":100593402,"name":"GT 2dr Convertible (2.4L 4cyl Turbo 5M)","submodel":{"body":"Convertible","modelName":"PT Cruiser Convertible","niceName":"convertible"},"trim":"GT"},{"id":100593364,"name":"Limited 4dr Wagon (2.4L 4cyl 5M)","submodel":{"body":"Wagon","modelName":"PT Cruiser Wagon","niceName":"wagon"},"trim":"Limited"},{"id":100593363,"name":"Touring 4dr Wagon (2.4L 4cyl 5M)","submodel":{"body":"Wagon","modelName":"PT Cruiser Wagon","niceName":"wagon"},"trim":"Touring"},{"id":100593362,"name":"4dr Wagon (2.4L 4cyl 5M)","submodel":{"body":"Wagon","modelName":"PT Cruiser Wagon","niceName":"wagon"},"trim":"Base"},{"id":100593400,"name":"2dr Convertible (2.4L 4cyl 5M)","submodel":{"body":"Convertible","modelName":"PT Cruiser Convertible","niceName":"convertible"},"trim":"Base"}]},{"id":100519284,"year":2007,"styles":[{"id":100785851,"name":"Touring 2dr Convertible (2.4L 4cyl Turbo 4A)","submodel":{"body":"Convertible","modelName":"PT Cruiser Convertible","niceName":"convertible"},"trim":"Touring"},{"id":100785852,"name":"GT 2dr Convertible (2.4L 4cyl Turbo 5M)","submodel":{"body":"Convertible","modelName":"PT Cruiser Convertible","niceName":"convertible"},"trim":"GT"},{"id":100785849,"name":"GT 4dr Wagon (2.4L 4cyl Turbo 5M)","submodel":{"body":"Wagon","modelName":"PT Cruiser Wagon","niceName":"wagon"},"trim":"GT"},{"id":100785850,"name":"2dr Convertible (2.4L 4cyl 4A)","submodel":{"body":"Convertible","modelName":"PT Cruiser Convertible","niceName":"convertible"},"trim":"Base"},{"id":100785847,"name":"Touring 4dr Wagon (2.4L 4cyl 5M)","submodel":{"body":"Wagon","modelName":"PT Cruiser Wagon","niceName":"wagon"},"trim":"Touring"},{"id":100785848,"name":"Limited 4dr Wagon (2.4L 4cyl 5M)","submodel":{"body":"Wagon","modelName":"PT Cruiser Wagon","niceName":"wagon"},"trim":"Limited"},{"id":100785846,"name":"4dr Wagon (2.4L 4cyl 5M)","submodel":{"body":"Wagon","modelName":"PT Cruiser Wagon","niceName":"wagon"},"trim":"Base"}]},{"id":100523554,"year":2008,"styles":[{"id":100893672,"name":"Touring 4dr Wagon (2.4L 4cyl 4A)","submodel":{"body":"Wagon","modelName":"PT Cruiser Wagon","niceName":"wagon"},"trim":"Touring"},{"id":100893671,"name":"4dr Wagon (2.4L 4cyl 5M)","submodel":{"body":"Wagon","modelName":"PT Cruiser Wagon","niceName":"wagon"},"trim":"Base"},{"id":100893674,"name":"2dr Convertible (2.4L 4cyl 5M)","submodel":{"body":"Convertible","modelName":"PT Cruiser Convertible","niceName":"convertible"},"trim":"Base"},{"id":100893673,"name":"Limited 4dr Wagon (2.4L 4cyl Turbo 4A)","submodel":{"body":"Wagon","modelName":"PT Cruiser Wagon","niceName":"wagon"},"trim":"Limited"}]},{"id":100525933,"year":2009,"styles":[{"id":101068494,"name":"4dr Wagon (2.4L 4cyl 5M)","submodel":{"body":"Wagon","modelName":"PT Cruiser Wagon","niceName":"wagon"},"trim":"Base"},{"id":101068496,"name":"Limited 4dr Wagon (2.4L 4cyl Turbo 4A)","submodel":{"body":"Wagon","modelName":"PT Cruiser Wagon","niceName":"wagon"},"trim":"Limited"},{"id":101068495,"name":"Touring 4dr Wagon (2.4L 4cyl 4A)","submodel":{"body":"Wagon","modelName":"PT Cruiser Wagon","niceName":"wagon"},"trim":"Touring"}]},{"id":100529491,"year":2010,"styles":[{"id":101209325,"name":"Classic 4dr Wagon (2.4L 4cyl 4A)","submodel":{"body":"Wagon","modelName":"PT Cruiser Wagon","niceName":"wagon"},"trim":"Classic"}]}]},{"id":"Chrysler_Pacifica","name":"Pacifica","niceName":"pacifica","years":[{"id":100502656,"year":2004,"styles":[{"id":100218686,"name":"AWD 4dr Wagon (3.5L 6cyl 4A)","submodel":{"body":"Wagon","modelName":"Pacifica Wagon","niceName":"wagon"},"trim":"Base"},{"id":100218687,"name":"Fwd 4dr Wagon (3.5L 6cyl 4A)","submodel":{"body":"Wagon","modelName":"Pacifica Wagon","niceName":"wagon"},"trim":"Base"}]},{"id":100504327,"year":2005,"styles":[{"id":100394675,"name":"Touring Fwd 4dr Wagon (3.5L 6cyl 4A)","submodel":{"body":"Wagon","modelName":"Pacifica Wagon","niceName":"wagon"},"trim":"Touring"},{"id":100394676,"name":"Touring AWD 4dr Wagon (3.5L 6cyl 4A)","submodel":{"body":"Wagon","modelName":"Pacifica Wagon","niceName":"wagon"},"trim":"Touring"},{"id":100473942,"name":"Limited AWD 4dr Wagon (3.5L 6cyl 4A)","submodel":{"body":"Wagon","modelName":"Pacifica Wagon","niceName":"wagon"},"trim":"Limited"},{"id":100473924,"name":"Fwd 4dr Wagon (3.8L 6cyl 4A)","submodel":{"body":"Wagon","modelName":"Pacifica Wagon","niceName":"wagon"},"trim":"Base"},{"id":100473936,"name":"AWD 4dr Wagon (3.5L 6cyl 4A)","submodel":{"body":"Wagon","modelName":"Pacifica Wagon","niceName":"wagon"},"trim":"Base"}]},{"id":100506365,"year":2006,"styles":[{"id":100570607,"name":"4dr Wagon AWD (3.5L 6cyl 4A)","submodel":{"body":"Wagon","modelName":"Pacifica Wagon","niceName":"wagon"},"trim":"Base"},{"id":100570608,"name":"Limited 4dr Wagon AWD (3.5L 6cyl 4A)","submodel":{"body":"Wagon","modelName":"Pacifica Wagon","niceName":"wagon"},"trim":"Limited"},{"id":100570605,"name":"Touring 4dr Wagon AWD (3.5L 6cyl 4A)","submodel":{"body":"Wagon","modelName":"Pacifica Wagon","niceName":"wagon"},"trim":"Touring"},{"id":100570606,"name":"4dr Wagon (3.5L 6cyl 4A)","submodel":{"body":"Wagon","modelName":"Pacifica Wagon","niceName":"wagon"},"trim":"Base"},{"id":100570604,"name":"Touring 4dr Wagon (3.5L 6cyl 4A)","submodel":{"body":"Wagon","modelName":"Pacifica Wagon","niceName":"wagon"},"trim":"Touring"},{"id":100693727,"name":"Limited 4dr Wagon (3.5L 6cyl 4A)","submodel":{"body":"Wagon","modelName":"Pacifica Wagon","niceName":"wagon"},"trim":"Limited"}]},{"id":100519241,"year":2007,"styles":[{"id":100782112,"name":"Touring 4dr Wagon (4.0L 6cyl 6A)","submodel":{"body":"Wagon","modelName":"Pacifica Wagon","niceName":"wagon"},"trim":"Touring"},{"id":100782111,"name":"4dr Wagon (3.8L 6cyl 4A)","submodel":{"body":"Wagon","modelName":"Pacifica Wagon","niceName":"wagon"},"trim":"Base"},{"id":100782115,"name":"Touring 4dr Wagon AWD (4.0L 6cyl 6A)","submodel":{"body":"Wagon","modelName":"Pacifica Wagon","niceName":"wagon"},"trim":"Touring"},{"id":100782116,"name":"Limited 4dr Wagon AWD (4.0L 6cyl 6A)","submodel":{"body":"Wagon","modelName":"Pacifica Wagon","niceName":"wagon"},"trim":"Limited"},{"id":100782113,"name":"Limited 4dr Wagon (4.0L 6cyl 6A)","submodel":{"body":"Wagon","modelName":"Pacifica Wagon","niceName":"wagon"},"trim":"Limited"},{"id":100782114,"name":"4dr Wagon AWD (4.0L 6cyl 6A)","submodel":{"body":"Wagon","modelName":"Pacifica Wagon","niceName":"wagon"},"trim":"Base"}]},{"id":100523749,"year":2008,"styles":[{"id":100902465,"name":"Limited 4dr Wagon AWD (4.0L 6cyl 6A)","submodel":{"body":"Wagon","modelName":"Pacifica Wagon","niceName":"wagon"},"trim":"Limited"},{"id":100902463,"name":"LX 4dr Wagon AWD (4.0L 6cyl 6A)","submodel":{"body":"Wagon","modelName":"Pacifica Wagon","niceName":"wagon"},"trim":"LX"},{"id":100902464,"name":"Touring 4dr Wagon AWD (4.0L 6cyl 6A)","submodel":{"body":"Wagon","modelName":"Pacifica Wagon","niceName":"wagon"},"trim":"Touring"},{"id":100902461,"name":"Touring 4dr Wagon (4.0L 6cyl 6A)","submodel":{"body":"Wagon","modelName":"Pacifica Wagon","niceName":"wagon"},"trim":"Touring"},{"id":100902462,"name":"Limited 4dr Wagon (4.0L 6cyl 6A)","submodel":{"body":"Wagon","modelName":"Pacifica Wagon","niceName":"wagon"},"trim":"Limited"},{"id":100902460,"name":"LX 4dr Wagon (3.8L 6cyl 4A)","submodel":{"body":"Wagon","modelName":"Pacifica Wagon","niceName":"wagon"},"trim":"LX"}]},{"id":200728424,"year":2017,"styles":[{"id":401633828,"name":"Touring-L 4dr Minivan (3.6L 6cyl 9A)","submodel":{"body":"Minivan","modelName":"Pacifica Minivan","niceName":"minivan"},"trim":"Touring-L"},{"id":401633827,"name":"Touring 4dr Minivan (3.6L 6cyl 9A)","submodel":{"body":"Minivan","modelName":"Pacifica Minivan","niceName":"minivan"},"trim":"Touring"},{"id":401633830,"name":"Limited 4dr Minivan (3.6L 6cyl 9A)","submodel":{"body":"Minivan","modelName":"Pacifica Minivan","niceName":"minivan"},"trim":"Limited"},{"id":401633829,"name":"Touring-L Plus 4dr Minivan (3.6L 6cyl 9A)","submodel":{"body":"Minivan","modelName":"Pacifica Minivan","niceName":"minivan"},"trim":"Touring-L Plus"},{"id":200696429,"name":"LX 4dr Minivan (3.6L 6cyl 9A)","submodel":{"body":"Minivan","modelName":"Pacifica Minivan","niceName":"minivan"},"trim":"LX"}]}]},{"id":"Chrysler_Prowler","name":"Prowler","niceName":"prowler","years":[{"id":100000306,"year":2001,"styles":[{"id":100002094,"name":"2dr Convertible (3.5L 6cyl 4A)","submodel":{"body":"Convertible","modelName":"Prowler Convertible","niceName":"convertible"},"trim":"Base"}]},{"id":3880,"year":2002,"styles":[{"id":100070618,"name":"2dr Convertible (3.5L 6cyl 4A)","submodel":{"body":"Convertible","modelName":"Prowler Convertible","niceName":"convertible"},"trim":"Base"}]}]},{"id":"Chrysler_Sebring","name":"Sebring","niceName":"sebring","years":[{"id":2536,"year":1995,"styles":[{"id":9209,"name":"LX 2dr Coupe","submodel":{"body":"Coupe","modelName":"Sebring Coupe","niceName":"coupe"},"trim":"LX"},{"id":9158,"name":"LXi 2dr Coupe","submodel":{"body":"Coupe","modelName":"Sebring Coupe","niceName":"coupe"},"trim":"LXi"}]},{"id":2537,"year":1996,"styles":[{"id":9187,"name":"LX 2dr Coupe","submodel":{"body":"Coupe","modelName":"Sebring Coupe","niceName":"coupe"},"trim":"LX"},{"id":9185,"name":"JX 2dr Convertible","submodel":{"body":"Convertible","modelName":"Sebring Convertible","niceName":"convertible"},"trim":"JX"},{"id":9186,"name":"JXi 2dr Convertible","submodel":{"body":"Convertible","modelName":"Sebring Convertible","niceName":"convertible"},"trim":"JXi"},{"id":9191,"name":"LXi 2dr Coupe","submodel":{"body":"Coupe","modelName":"Sebring Coupe","niceName":"coupe"},"trim":"LXi"}]},{"id":2538,"year":1997,"styles":[{"id":716,"name":"JX 2dr Convertible","submodel":{"body":"Convertible","modelName":"Sebring Convertible","niceName":"convertible"},"trim":"JX"},{"id":717,"name":"JXi 2dr Convertible","submodel":{"body":"Convertible","modelName":"Sebring Convertible","niceName":"convertible"},"trim":"JXi"},{"id":591,"name":"LXi 2dr Coupe","submodel":{"body":"Coupe","modelName":"Sebring Coupe","niceName":"coupe"},"trim":"LXi"},{"id":558,"name":"LX 2dr Coupe","submodel":{"body":"Coupe","modelName":"Sebring Coupe","niceName":"coupe"},"trim":"LX"}]},{"id":838,"year":1998,"styles":[{"id":14465,"name":"LX 2dr Coupe","submodel":{"body":"Coupe","modelName":"Sebring Coupe","niceName":"coupe"},"trim":"LX"},{"id":14467,"name":"LXi 2dr Coupe","submodel":{"body":"Coupe","modelName":"Sebring Coupe","niceName":"coupe"},"trim":"LXi"},{"id":14469,"name":"JX 2dr Convertible","submodel":{"body":"Convertible","modelName":"Sebring Convertible","niceName":"convertible"},"trim":"JX"},{"id":14471,"name":"JXi 2dr Convertible","submodel":{"body":"Convertible","modelName":"Sebring Convertible","niceName":"convertible"},"trim":"JXi"}]},{"id":3487,"year":1999,"styles":[{"id":11974,"name":"JXi 2dr Convertible","submodel":{"body":"Convertible","modelName":"Sebring Convertible","niceName":"convertible"},"trim":"JXi"},{"id":4000,"name":"LXi 2dr Coupe","submodel":{"body":"Coupe","modelName":"Sebring Coupe","niceName":"coupe"},"trim":"LXi"},{"id":12068,"name":"LX 2dr Coupe","submodel":{"body":"Coupe","modelName":"Sebring Coupe","niceName":"coupe"},"trim":"LX"},{"id":12072,"name":"JX 2dr Convertible","submodel":{"body":"Convertible","modelName":"Sebring Convertible","niceName":"convertible"},"trim":"JX"}]},{"id":1157,"year":2000,"styles":[{"id":12448,"name":"JX 2dr Convertible","submodel":{"body":"Convertible","modelName":"Sebring Convertible","niceName":"convertible"},"trim":"JX"},{"id":1064,"name":"JXi Limited 2dr Convertible","submodel":{"body":"Convertible","modelName":"Sebring Convertible","niceName":"convertible"},"trim":"JXi Limited"},{"id":12451,"name":"LXi 2dr Coupe","submodel":{"body":"Coupe","modelName":"Sebring Coupe","niceName":"coupe"},"trim":"LXi"},{"id":12449,"name":"JXi 2dr Convertible","submodel":{"body":"Convertible","modelName":"Sebring Convertible","niceName":"convertible"},"trim":"JXi"},{"id":12450,"name":"LX 2dr Coupe","submodel":{"body":"Coupe","modelName":"Sebring Coupe","niceName":"coupe"},"trim":"LX"}]},{"id":100000060,"year":2001,"styles":[{"id":100000728,"name":"Limited 2dr Convertible (2.7L 6cyl 4A)","submodel":{"body":"Convertible","modelName":"Sebring Convertible","niceName":"convertible"},"trim":"Limited"},{"id":100000734,"name":"LXi 4dr Sedan (2.7L 6cyl 4A)","submodel":{"body":"Sedan","modelName":"Sebring Sedan","niceName":"sedan"},"trim":"LXi"},{"id":100000733,"name":"LXi 2dr Coupe (3.0L 6cyl 5M)","submodel":{"body":"Coupe","modelName":"Sebring Coupe","niceName":"coupe"},"trim":"LXi"},{"id":100000732,"name":"LXi 2dr Convertible (2.7L 6cyl 4A)","submodel":{"body":"Convertible","modelName":"Sebring Convertible","niceName":"convertible"},"trim":"LXi"},{"id":100000731,"name":"LX 4dr Sedan (2.4L 4cyl 4A)","submodel":{"body":"Sedan","modelName":"Sebring Sedan","niceName":"sedan"},"trim":"LX"},{"id":100000730,"name":"LX 2dr Coupe (2.4L 4cyl 4A)","submodel":{"body":"Coupe","modelName":"Sebring Coupe","niceName":"coupe"},"trim":"LX"},{"id":100000729,"name":"LX 2dr Convertible (2.7L 6cyl 4A)","submodel":{"body":"Convertible","modelName":"Sebring Convertible","niceName":"convertible"},"trim":"LX"}]},{"id":3881,"year":2002,"styles":[{"id":100074489,"name":"GTC 2dr Convertible (2.7L 6cyl 4A)","submodel":{"body":"Convertible","modelName":"Sebring Convertible","niceName":"convertible"},"trim":"GTC"},{"id":100002875,"name":"LX 4dr Sedan (2.4L 4cyl 4A)","submodel":{"body":"Sedan","modelName":"Sebring Sedan","niceName":"sedan"},"trim":"LX"},{"id":100002876,"name":"LXi 2dr Convertible (2.7L 6cyl 4A)","submodel":{"body":"Convertible","modelName":"Sebring Convertible","niceName":"convertible"},"trim":"LXi"},{"id":100002873,"name":"LX 2dr Convertible (2.4L 4cyl 4A)","submodel":{"body":"Convertible","modelName":"Sebring Convertible","niceName":"convertible"},"trim":"LX"},{"id":100003321,"name":"LXi 2dr Coupe (3.0L 6cyl 4A)","submodel":{"body":"Coupe","modelName":"Sebring Coupe","niceName":"coupe"},"trim":"LXi"},{"id":100002874,"name":"LX 2dr Coupe (2.4L 4cyl 4A)","submodel":{"body":"Coupe","modelName":"Sebring Coupe","niceName":"coupe"},"trim":"LX"},{"id":100002879,"name":"Limited 2dr Convertible (2.7L 6cyl 4A)","submodel":{"body":"Convertible","modelName":"Sebring Convertible","niceName":"convertible"},"trim":"Limited"},{"id":100002878,"name":"LXi 4dr Sedan (2.7L 6cyl 4A)","submodel":{"body":"Sedan","modelName":"Sebring Sedan","niceName":"sedan"},"trim":"LXi"}]},{"id":100502766,"year":2003,"styles":[{"id":100191243,"name":"LXi FFV 2dr Convertible (2.7L 6cyl 4A)","submodel":{"body":"Convertible","modelName":"Sebring Convertible","niceName":"convertible"},"trim":"LXi"},{"id":100181008,"name":"LX 2dr Coupe (2.4L 4cyl 5M)","submodel":{"body":"Coupe","modelName":"Sebring Coupe","niceName":"coupe"},"trim":"LX"},{"id":100191242,"name":"GTC 2dr Convertible (2.7L 6cyl 5M)","submodel":{"body":"Convertible","modelName":"Sebring Convertible","niceName":"convertible"},"trim":"GTC"},{"id":100191978,"name":"Limited 2dr Convertible (2.7L 6cyl 4A)","submodel":{"body":"Convertible","modelName":"Sebring Convertible","niceName":"convertible"},"trim":"Limited"},{"id":100191140,"name":"LX 2dr Convertible (2.4L 4cyl 4A)","submodel":{"body":"Convertible","modelName":"Sebring Convertible","niceName":"convertible"},"trim":"LX"},{"id":100183864,"name":"LXi 4dr Sedan (2.7L 6cyl 4A)","submodel":{"body":"Sedan","modelName":"Sebring Sedan","niceName":"sedan"},"trim":"LXi"},{"id":100183663,"name":"LX 4dr Sedan (2.4L 4cyl 4A)","submodel":{"body":"Sedan","modelName":"Sebring Sedan","niceName":"sedan"},"trim":"LX"},{"id":100181336,"name":"LXi 2dr Coupe (3.0L 6cyl 5M)","submodel":{"body":"Coupe","modelName":"Sebring Coupe","niceName":"coupe"},"trim":"LXi"}]},{"id":100503118,"year":2004,"styles":[{"id":100327649,"name":"Limited 4dr Sedan (2.7L 6cyl 4A)","submodel":{"body":"Sedan","modelName":"Sebring Sedan","niceName":"sedan"},"trim":"Limited"},{"id":100250118,"name":"Touring 2dr Convertible (2.7L 6cyl 4A)","submodel":{"body":"Convertible","modelName":"Sebring Convertible","niceName":"convertible"},"trim":"Touring"},{"id":100358536,"name":"Touring Platinum Series 2dr Convertible (2.7L 6cyl 4A)","submodel":{"body":"Convertible","modelName":"Sebring Convertible","niceName":"convertible"},"trim":"Touring"},{"id":100250119,"name":"Limited 2dr Convertible (2.7L 6cyl 4A)","submodel":{"body":"Convertible","modelName":"Sebring Convertible","niceName":"convertible"},"trim":"Limited"},{"id":100250092,"name":"Touring 4dr Sedan (2.7L 6cyl 4A)","submodel":{"body":"Sedan","modelName":"Sebring Sedan","niceName":"sedan"},"trim":"Touring"},{"id":100250091,"name":"LX 4dr Sedan (2.4L 4cyl 4A)","submodel":{"body":"Sedan","modelName":"Sebring Sedan","niceName":"sedan"},"trim":"LX"},{"id":100250094,"name":"GTC 2dr Convertible (2.7L 6cyl 4A)","submodel":{"body":"Convertible","modelName":"Sebring Convertible","niceName":"convertible"},"trim":"GTC"},{"id":100250093,"name":"GTC 2dr Convertible (2.7L 6cyl 5M)","submodel":{"body":"Convertible","modelName":"Sebring Convertible","niceName":"convertible"},"trim":"GTC"},{"id":100358493,"name":"Touring Platinum Series 4dr Sedan (2.7L 6cyl 4A)","submodel":{"body":"Sedan","modelName":"Sebring Sedan","niceName":"sedan"},"trim":"Touring"},{"id":100250239,"name":"4dr Sedan (2.4L 4cyl 4A)","submodel":{"body":"Sedan","modelName":"Sebring Sedan","niceName":"sedan"},"trim":"Base"},{"id":100250111,"name":"2dr Convertible (2.4L 4cyl 4A)","submodel":{"body":"Convertible","modelName":"Sebring Convertible","niceName":"convertible"},"trim":"Base"},{"id":100327739,"name":"Limited Platinum Series 2dr Coupe (3.0L 6cyl 5M)","submodel":{"body":"Coupe","modelName":"Sebring Coupe","niceName":"coupe"},"trim":"Limited"},{"id":100288700,"name":"Limited 2dr Coupe (3.0L 6cyl 4A)","submodel":{"body":"Coupe","modelName":"Sebring Coupe","niceName":"coupe"},"trim":"Limited"},{"id":100288699,"name":"Limited 2dr Coupe (3.0L 6cyl 5M)","submodel":{"body":"Coupe","modelName":"Sebring Coupe","niceName":"coupe"},"trim":"Limited"},{"id":100250112,"name":"LX 2dr Convertible (2.7L 6cyl 4A)","submodel":{"body":"Convertible","modelName":"Sebring Convertible","niceName":"convertible"},"trim":"LX"},{"id":100327740,"name":"Limited Platinum Series 2dr Coupe (3.0L 6cyl 4A)","submodel":{"body":"Coupe","modelName":"Sebring Coupe","niceName":"coupe"},"trim":"Limited"},{"id":100288698,"name":"2dr Coupe (2.4L 4cyl 4A)","submodel":{"body":"Coupe","modelName":"Sebring Coupe","niceName":"coupe"},"trim":"Base"},{"id":100288697,"name":"2dr Coupe (2.4L 4cyl 5M)","submodel":{"body":"Coupe","modelName":"Sebring Coupe","niceName":"coupe"},"trim":"Base"}]},{"id":100505022,"year":2005,"styles":[{"id":100462316,"name":"2dr Coupe (2.4L 4cyl 4A)","submodel":{"body":"Coupe","modelName":"Sebring Coupe","niceName":"coupe"},"trim":"Base"},{"id":100463225,"name":"Touring 4dr Sedan (2.7L 6cyl 4A)","submodel":{"body":"Sedan","modelName":"Sebring Sedan","niceName":"sedan"},"trim":"Touring"},{"id":100463226,"name":"Limited 4dr Sedan (2.7L 6cyl 4A)","submodel":{"body":"Sedan","modelName":"Sebring Sedan","niceName":"sedan"},"trim":"Limited"},{"id":100464232,"name":"Touring 2dr Convertible (2.7L 6cyl 4A)","submodel":{"body":"Convertible","modelName":"Sebring Convertible","niceName":"convertible"},"trim":"Touring"},{"id":100519663,"name":"TSi 4dr Sedan (2.7L 6cyl 4A)","submodel":{"body":"Sedan","modelName":"Sebring Sedan","niceName":"sedan"},"trim":"TSi"},{"id":100462317,"name":"Limited 2dr Coupe (3.0L 6cyl 4A)","submodel":{"body":"Coupe","modelName":"Sebring Coupe","niceName":"coupe"},"trim":"Limited"},{"id":100464231,"name":"GTC 2dr Convertible (2.7L 6cyl 4A)","submodel":{"body":"Convertible","modelName":"Sebring Convertible","niceName":"convertible"},"trim":"GTC"},{"id":100464230,"name":"2dr Convertible (2.4L 4cyl 4A)","submodel":{"body":"Convertible","modelName":"Sebring Convertible","niceName":"convertible"},"trim":"Base"},{"id":100464233,"name":"Limited 2dr Convertible (2.7L 6cyl 4A)","submodel":{"body":"Convertible","modelName":"Sebring Convertible","niceName":"convertible"},"trim":"Limited"},{"id":100463224,"name":"4dr Sedan (2.4L 4cyl 4A)","submodel":{"body":"Sedan","modelName":"Sebring Sedan","niceName":"sedan"},"trim":"Base"}]},{"id":100506560,"year":2006,"styles":[{"id":100552554,"name":"Limited 4dr Sedan (2.7L 6cyl 4A)","submodel":{"body":"Sedan","modelName":"Sebring Sedan","niceName":"sedan"},"trim":"Limited"},{"id":100552555,"name":"TSI 4dr Sedan (2.7L 6cyl 4A)","submodel":{"body":"Sedan","modelName":"Sebring Sedan","niceName":"sedan"},"trim":"TSI"},{"id":100552743,"name":"Touring 2dr Convertible (2.7L 6cyl 4A)","submodel":{"body":"Convertible","modelName":"Sebring Convertible","niceName":"convertible"},"trim":"Touring"},{"id":100552744,"name":"Limited 2dr Convertible (2.7L 6cyl 4A)","submodel":{"body":"Convertible","modelName":"Sebring Convertible","niceName":"convertible"},"trim":"Limited"},{"id":100552551,"name":"4dr Sedan (2.4L 4cyl 4A)","submodel":{"body":"Sedan","modelName":"Sebring Sedan","niceName":"sedan"},"trim":"Base"},{"id":100552741,"name":"2dr Convertible (2.4L 4cyl 4A)","submodel":{"body":"Convertible","modelName":"Sebring Convertible","niceName":"convertible"},"trim":"Base"},{"id":100552552,"name":"Touring 4dr Sedan (2.7L 6cyl 4A)","submodel":{"body":"Sedan","modelName":"Sebring Sedan","niceName":"sedan"},"trim":"Touring"},{"id":100552742,"name":"GTC 2dr Convertible (2.7L 6cyl 4A)","submodel":{"body":"Convertible","modelName":"Sebring Convertible","niceName":"convertible"},"trim":"GTC"}]},{"id":100505987,"year":2007,"styles":[{"id":100804598,"name":"Limited 4dr Sedan (2.4L 4cyl 4A)","submodel":{"body":"Sedan","modelName":"Sebring Sedan","niceName":"sedan"},"trim":"Limited"},{"id":100804597,"name":"Touring 4dr Sedan (2.4L 4cyl 4A)","submodel":{"body":"Sedan","modelName":"Sebring Sedan","niceName":"sedan"},"trim":"Touring"},{"id":100804596,"name":"4dr Sedan (2.4L 4cyl 4A)","submodel":{"body":"Sedan","modelName":"Sebring Sedan","niceName":"sedan"},"trim":"Base"}]},{"id":100520389,"year":2008,"styles":[{"id":100864185,"name":"LX 2dr Convertible (2.4L 4cyl 4A)","submodel":{"body":"Convertible","modelName":"Sebring Convertible","niceName":"convertible"},"trim":"LX"},{"id":100864186,"name":"Touring 2dr Convertible (2.7L 6cyl 4A)","submodel":{"body":"Convertible","modelName":"Sebring Convertible","niceName":"convertible"},"trim":"Touring"},{"id":100864187,"name":"Limited 2dr Convertible (3.5L 6cyl 6A)","submodel":{"body":"Convertible","modelName":"Sebring Convertible","niceName":"convertible"},"trim":"Limited"},{"id":100900661,"name":"Limited 4dr Sedan AWD (3.5L 6cyl 6A)","submodel":{"body":"Sedan","modelName":"Sebring Sedan","niceName":"sedan"},"trim":"Limited"},{"id":100900660,"name":"Limited 4dr Sedan (2.4L 4cyl 4A)","submodel":{"body":"Sedan","modelName":"Sebring Sedan","niceName":"sedan"},"trim":"Limited"},{"id":100900659,"name":"Touring 4dr Sedan (2.4L 4cyl 4A)","submodel":{"body":"Sedan","modelName":"Sebring Sedan","niceName":"sedan"},"trim":"Touring"},{"id":100900658,"name":"LX 4dr Sedan (2.4L 4cyl 4A)","submodel":{"body":"Sedan","modelName":"Sebring Sedan","niceName":"sedan"},"trim":"LX"}]},{"id":100525932,"year":2009,"styles":[{"id":101068576,"name":"Touring 2dr Convertible (2.7L 6cyl 4A)","submodel":{"body":"Convertible","modelName":"Sebring Convertible","niceName":"convertible"},"trim":"Touring"},{"id":101068575,"name":"LX 2dr Convertible (2.4L 4cyl 4A)","submodel":{"body":"Convertible","modelName":"Sebring Convertible","niceName":"convertible"},"trim":"LX"},{"id":101124039,"name":"Touring Fleet 4dr Sedan (2.4L 4cyl 4A)","submodel":{"body":"Sedan","modelName":"Sebring Sedan","niceName":"sedan"},"trim":"Touring Fleet"},{"id":101124040,"name":"Limited 4dr Sedan (2.4L 4cyl 4A)","submodel":{"body":"Sedan","modelName":"Sebring Sedan","niceName":"sedan"},"trim":"Limited"},{"id":101068577,"name":"Limited 2dr Convertible (3.5L 6cyl 6A)","submodel":{"body":"Convertible","modelName":"Sebring Convertible","niceName":"convertible"},"trim":"Limited"},{"id":101068669,"name":"Touring 4dr Sedan w/Prod. End 11/08 (2.7L 6cyl 4A)","submodel":{"body":"Sedan","modelName":"Sebring Sedan","niceName":"sedan"},"trim":"Touring"},{"id":101068578,"name":"LX 4dr Sedan w/Prod. End 11/08 (2.7L 6cyl 4A)","submodel":{"body":"Sedan","modelName":"Sebring Sedan","niceName":"sedan"},"trim":"LX"},{"id":101068670,"name":"Limited 4dr Sedan w/Prod. End 11/08 (3.5L 6cyl 6A)","submodel":{"body":"Sedan","modelName":"Sebring Sedan","niceName":"sedan"},"trim":"Limited"}]},{"id":100529642,"year":2010,"styles":[{"id":101225862,"name":"Limited 2dr Convertible (3.5L 6cyl 6A)","submodel":{"body":"Convertible","modelName":"Sebring Convertible","niceName":"convertible"},"trim":"Limited"},{"id":101225861,"name":"Touring 2dr Convertible (2.7L 6cyl 4A)","submodel":{"body":"Convertible","modelName":"Sebring Convertible","niceName":"convertible"},"trim":"Touring"},{"id":101225860,"name":"LX 2dr Convertible (2.4L 4cyl 4A)","submodel":{"body":"Convertible","modelName":"Sebring Convertible","niceName":"convertible"},"trim":"LX"},{"id":101225777,"name":"Limited 4dr Sedan (2.4L 4cyl 4A)","submodel":{"body":"Sedan","modelName":"Sebring Sedan","niceName":"sedan"},"trim":"Limited"},{"id":101225716,"name":"Touring 4dr Sedan (2.4L 4cyl 4A)","submodel":{"body":"Sedan","modelName":"Sebring Sedan","niceName":"sedan"},"trim":"Touring"}]}]},{"id":"Chrysler_TC","name":"TC","niceName":"tc","years":[{"id":2540,"year":1990,"styles":[{"id":9687,"name":"2dr Convertible","submodel":{"body":"Convertible","modelName":"TC Convertible","niceName":"convertible"},"trim":"Base"},{"id":9689,"name":"Turbo 2dr Convertible","submodel":{"body":"Convertible","modelName":"TC Convertible","niceName":"convertible"},"trim":"Base"}]},{"id":839,"year":1991,"styles":[{"id":10457,"name":"2dr Convertible","submodel":{"body":"Convertible","modelName":"TC Convertible","niceName":"convertible"},"trim":"Base"}]}]},{"id":"Chrysler_Town_and_Country","name":"Town and Country","niceName":"town-and-country","years":[{"id":2541,"year":1990,"styles":[{"id":9685,"name":"3dr Minivan","submodel":{"body":"Minivan","modelName":"Town and Country Minivan","niceName":"minivan"},"trim":"Base"}]},{"id":2542,"year":1991,"styles":[{"id":10455,"name":"3dr Minivan","submodel":{"body":"Minivan","modelName":"Town and Country Minivan","niceName":"minivan"},"trim":"Base"}]},{"id":840,"year":1992,"styles":[{"id":10507,"name":"3dr Minivan","submodel":{"body":"Minivan","modelName":"Town and Country Minivan","niceName":"minivan"},"trim":"Base"},{"id":10510,"name":"3dr Minivan AWD","submodel":{"body":"Minivan","modelName":"Town and Country Minivan","niceName":"minivan"},"trim":"Base"}]},{"id":2543,"year":1993,"styles":[{"id":13480,"name":"3dr Minivan","submodel":{"body":"Minivan","modelName":"Town and Country Minivan","niceName":"minivan"},"trim":"Base"},{"id":13481,"name":"3dr Minivan AWD","submodel":{"body":"Minivan","modelName":"Town and Country Minivan","niceName":"minivan"},"trim":"Base"}]},{"id":2544,"year":1994,"styles":[{"id":9179,"name":"3dr Minivan AWD","submodel":{"body":"Minivan","modelName":"Town and Country Minivan","niceName":"minivan"},"trim":"Base"},{"id":9177,"name":"3dr Minivan","submodel":{"body":"Minivan","modelName":"Town and Country Minivan","niceName":"minivan"},"trim":"Base"}]},{"id":2545,"year":1995,"styles":[{"id":9164,"name":"3dr Minivan AWD","submodel":{"body":"Minivan","modelName":"Town and Country Minivan","niceName":"minivan"},"trim":"Base"},{"id":9162,"name":"3dr Minivan","submodel":{"body":"Minivan","modelName":"Town and Country Minivan","niceName":"minivan"},"trim":"Base"}]},{"id":841,"year":1996,"styles":[{"id":9196,"name":"LXi 4dr Ext Minivan","submodel":{"body":"Minivan","modelName":"Town and Country Minivan","niceName":"minivan"},"trim":"LXi"},{"id":9194,"name":"LX 3dr Minivan","submodel":{"body":"Minivan","modelName":"Town and Country Minivan","niceName":"minivan"},"trim":"LX"},{"id":9198,"name":"3dr Ext Minivan","submodel":{"body":"Minivan","modelName":"Town and Country Minivan","niceName":"minivan"},"trim":"Base"}]},{"id":2546,"year":1997,"styles":[{"id":11970,"name":"LXi 4dr Ext Minivan","submodel":{"body":"Minivan","modelName":"Town and Country Minivan","niceName":"minivan"},"trim":"LXi"},{"id":11322,"name":"LX 4dr Ext Minivan","submodel":{"body":"Minivan","modelName":"Town and Country Minivan","niceName":"minivan"},"trim":"LX"},{"id":11005,"name":"LXi 4dr Ext Minivan AWD","submodel":{"body":"Minivan","modelName":"Town and Country Minivan","niceName":"minivan"},"trim":"LXi"},{"id":9374,"name":"SX 4dr Minivan","submodel":{"body":"Minivan","modelName":"Town and Country Minivan","niceName":"minivan"},"trim":"SX"},{"id":11003,"name":"LX 4dr Ext Minivan AWD","submodel":{"body":"Minivan","modelName":"Town and Country Minivan","niceName":"minivan"},"trim":"LX"}]},{"id":2547,"year":1998,"styles":[{"id":10310,"name":"LXi 4dr Ext Minivan AWD","submodel":{"body":"Minivan","modelName":"Town and Country Minivan","niceName":"minivan"},"trim":"LXi"},{"id":2959,"name":"SX 4dr Minivan","submodel":{"body":"Minivan","modelName":"Town and Country Minivan","niceName":"minivan"},"trim":"SX"},{"id":10306,"name":"LX 4dr Ext Minivan AWD","submodel":{"body":"Minivan","modelName":"Town and Country Minivan","niceName":"minivan"},"trim":"LX"},{"id":10308,"name":"LXi 4dr Ext Minivan","submodel":{"body":"Minivan","modelName":"Town and Country Minivan","niceName":"minivan"},"trim":"LXi"},{"id":10304,"name":"LX 4dr Ext Minivan","submodel":{"body":"Minivan","modelName":"Town and Country Minivan","niceName":"minivan"},"trim":"LX"}]},{"id":3489,"year":1999,"styles":[{"id":8164,"name":"Limited 4dr Ext Minivan","submodel":{"body":"Minivan","modelName":"Town and Country Minivan","niceName":"minivan"},"trim":"Limited"},{"id":8162,"name":"Limited 4dr Ext Minivan AWD","submodel":{"body":"Minivan","modelName":"Town and Country Minivan","niceName":"minivan"},"trim":"Limited"},{"id":12992,"name":"LXi 4dr Ext Minivan AWD","submodel":{"body":"Minivan","modelName":"Town and Country Minivan","niceName":"minivan"},"trim":"LXi"},{"id":11199,"name":"LX 4dr Ext Minivan AWD","submodel":{"body":"Minivan","modelName":"Town and Country Minivan","niceName":"minivan"},"trim":"LX"},{"id":11203,"name":"SX 4dr Minivan","submodel":{"body":"Minivan","modelName":"Town and Country Minivan","niceName":"minivan"},"trim":"SX"},{"id":11201,"name":"LX 4dr Ext Minivan","submodel":{"body":"Minivan","modelName":"Town and Country Minivan","niceName":"minivan"},"trim":"LX"},{"id":3826,"name":"LXi 4dr Ext Minivan","submodel":{"body":"Minivan","modelName":"Town and Country Minivan","niceName":"minivan"},"trim":"LXi"}]},{"id":1158,"year":2000,"styles":[{"id":12455,"name":"LXi 4dr Minivan AWD","submodel":{"body":"Minivan","modelName":"Town and Country Minivan","niceName":"minivan"},"trim":"LXi"},{"id":12456,"name":"Limited 4dr Minivan","submodel":{"body":"Minivan","modelName":"Town and Country Minivan","niceName":"minivan"},"trim":"Limited"},{"id":12453,"name":"LXi 4dr Minivan","submodel":{"body":"Minivan","modelName":"Town and Country Minivan","niceName":"minivan"},"trim":"LXi"},{"id":12454,"name":"LX 4dr Minivan AWD","submodel":{"body":"Minivan","modelName":"Town and Country Minivan","niceName":"minivan"},"trim":"LX"},{"id":12452,"name":"LX 4dr Minivan","submodel":{"body":"Minivan","modelName":"Town and Country Minivan","niceName":"minivan"},"trim":"LX"},{"id":866,"name":"Limited 4dr Minivan AWD","submodel":{"body":"Minivan","modelName":"Town and Country Minivan","niceName":"minivan"},"trim":"Limited"}]},{"id":100000064,"year":2001,"styles":[{"id":100000741,"name":"LXi Fwd 4dr Minivan (3.3L 6cyl 4A)","submodel":{"body":"Minivan","modelName":"Town and Country Minivan","niceName":"minivan"},"trim":"LXi"},{"id":100000740,"name":"LXi AWD 4dr Minivan (3.8L 6cyl 4A)","submodel":{"body":"Minivan","modelName":"Town and Country Minivan","niceName":"minivan"},"trim":"LXi"},{"id":100000739,"name":"LX Fwd 4dr Minivan (3.3L 6cyl 4A)","submodel":{"body":"Minivan","modelName":"Town and Country Minivan","niceName":"minivan"},"trim":"LX"},{"id":100000738,"name":"LX AWD 4dr Minivan (3.8L 6cyl 4A)","submodel":{"body":"Minivan","modelName":"Town and Country Minivan","niceName":"minivan"},"trim":"LX"},{"id":100000737,"name":"Limited Fwd 4dr Minivan (3.8L 6cyl 4A)","submodel":{"body":"Minivan","modelName":"Town and Country Minivan","niceName":"minivan"},"trim":"Limited"},{"id":100000736,"name":"Limited AWD 4dr Minivan (3.8L 6cyl 4A)","submodel":{"body":"Minivan","modelName":"Town and Country Minivan","niceName":"minivan"},"trim":"Limited"},{"id":100000735,"name":"EX Fwd 4dr Minivan (3.8L 6cyl 4A)","submodel":{"body":"Minivan","modelName":"Town and Country Minivan","niceName":"minivan"},"trim":"EX"}]},{"id":3882,"year":2002,"styles":[{"id":100002882,"name":"LX Fwd 4dr Minivan (3.3L 6cyl 4A)","submodel":{"body":"Minivan","modelName":"Town and Country Minivan","niceName":"minivan"},"trim":"LX"},{"id":100002881,"name":"LX AWD 4dr Minivan (3.8L 6cyl 4A)","submodel":{"body":"Minivan","modelName":"Town and Country Minivan","niceName":"minivan"},"trim":"LX"},{"id":100002884,"name":"LXi Fwd 4dr Minivan (3.3L 6cyl 4A)","submodel":{"body":"Minivan","modelName":"Town and Country Minivan","niceName":"minivan"},"trim":"LXi"},{"id":100002883,"name":"LXi AWD 4dr Minivan (3.8L 6cyl 4A)","submodel":{"body":"Minivan","modelName":"Town and Country Minivan","niceName":"minivan"},"trim":"LXi"},{"id":100002886,"name":"Limited Fwd 4dr Minivan (3.8L 6cyl 4A)","submodel":{"body":"Minivan","modelName":"Town and Country Minivan","niceName":"minivan"},"trim":"Limited"},{"id":100002885,"name":"Limited AWD 4dr Minivan (3.8L 6cyl 4A)","submodel":{"body":"Minivan","modelName":"Town and Country Minivan","niceName":"minivan"},"trim":"Limited"},{"id":100003605,"name":"eL Fwd 4dr Minivan (3.3L 6cyl 4A)","submodel":{"body":"Minivan","modelName":"Town and Country Minivan","niceName":"minivan"},"trim":"eL"},{"id":100002880,"name":"EX Fwd 4dr Minivan (3.8L 6cyl 4A)","submodel":{"body":"Minivan","modelName":"Town and Country Minivan","niceName":"minivan"},"trim":"EX"}]},{"id":100502767,"year":2003,"styles":[{"id":100194960,"name":"EX Fwd 4dr Minivan (3.8L 6cyl 4A)","submodel":{"body":"Minivan","modelName":"Town and Country Minivan","niceName":"minivan"},"trim":"EX"},{"id":100194958,"name":"eL FFV Fwd 4dr Minivan (3.3L 6cyl 4A)","submodel":{"body":"Minivan","modelName":"Town and Country Minivan","niceName":"minivan"},"trim":"eL"},{"id":100194955,"name":"LX Family Value Fwd 4dr Minivan (3.3L 6cyl 4A)","submodel":{"body":"Minivan","modelName":"Town and Country Minivan","niceName":"minivan"},"trim":"LX Family Value"},{"id":100213680,"name":"Fwd 4dr Minivan (3.3L 6cyl 4A)","submodel":{"body":"Minivan","modelName":"Town and Country Minivan","niceName":"minivan"},"trim":"Base"},{"id":100194963,"name":"LXi AWD 4dr Minivan (3.8L 6cyl 4A)","submodel":{"body":"Minivan","modelName":"Town and Country Minivan","niceName":"minivan"},"trim":"LXi"},{"id":100194964,"name":"Limited AWD 4dr Minivan (3.8L 6cyl 4A)","submodel":{"body":"Minivan","modelName":"Town and Country Minivan","niceName":"minivan"},"trim":"Limited"},{"id":100194961,"name":"LXi Fwd 4dr Minivan (3.8L 6cyl 4A)","submodel":{"body":"Minivan","modelName":"Town and Country Minivan","niceName":"minivan"},"trim":"LXi"},{"id":100194962,"name":"Limited Fwd 4dr Minivan (3.8L 6cyl 4A)","submodel":{"body":"Minivan","modelName":"Town and Country Minivan","niceName":"minivan"},"trim":"Limited"}]},{"id":100503327,"year":2004,"styles":[{"id":100289981,"name":"Family Value Fwd 4dr Minivan (3.3L 6cyl 4A)","submodel":{"body":"Minivan","modelName":"Town and Country Minivan","niceName":"minivan"},"trim":"Family Value"},{"id":100290220,"name":"Limited Fwd 4dr Ext Minivan (3.8L 6cyl 4A)","submodel":{"body":"Minivan","modelName":"Town and Country Minivan","niceName":"minivan"},"trim":"Limited"},{"id":100290217,"name":"EX Fwd 4dr Ext Minivan (3.8L 6cyl 4A)","submodel":{"body":"Minivan","modelName":"Town and Country Minivan","niceName":"minivan"},"trim":"EX"},{"id":100290218,"name":"Touring Fwd 4dr Ext Minivan (3.8L 6cyl 4A)","submodel":{"body":"Minivan","modelName":"Town and Country Minivan","niceName":"minivan"},"trim":"Touring"},{"id":100290052,"name":"Touring AWD 4dr Ext Minivan (3.8L 6cyl 4A)","submodel":{"body":"Minivan","modelName":"Town and Country Minivan","niceName":"minivan"},"trim":"Touring"},{"id":100290051,"name":"Limited AWD 4dr Ext Minivan (3.8L 6cyl 4A)","submodel":{"body":"Minivan","modelName":"Town and Country Minivan","niceName":"minivan"},"trim":"Limited"},{"id":100290197,"name":"LX Family Value Fwd 4dr Ext Minivan (3.3L 6cyl 4A)","submodel":{"body":"Minivan","modelName":"Town and Country Minivan","niceName":"minivan"},"trim":"LX Family Value"},{"id":100330716,"name":"Touring Platinum Series Fwd 4dr Ext Minivan (3.8L 6cyl 4A)","submodel":{"body":"Minivan","modelName":"Town and Country Minivan","niceName":"minivan"},"trim":"Touring Platinum Series"}]},{"id":100504118,"year":2005,"styles":[{"id":100385039,"name":"Touring 4dr Ext Minivan (3.8L 6cyl 4A)","submodel":{"body":"Minivan","modelName":"Town and Country Minivan","niceName":"minivan"},"trim":"Touring"},{"id":100385040,"name":"Limited 4dr Ext Minivan (3.8L 6cyl 4A)","submodel":{"body":"Minivan","modelName":"Town and Country Minivan","niceName":"minivan"},"trim":"Limited"},{"id":100385037,"name":"4dr Minivan (3.3L 6cyl 4A)","submodel":{"body":"Minivan","modelName":"Town and Country Minivan","niceName":"minivan"},"trim":"Base"},{"id":100385038,"name":"LX 4dr Ext Minivan (3.3L 6cyl 4A)","submodel":{"body":"Minivan","modelName":"Town and Country Minivan","niceName":"minivan"},"trim":"LX"}]},{"id":100506485,"year":2006,"styles":[{"id":100570347,"name":"4dr Minivan (3.3L 6cyl 4A)","submodel":{"body":"Minivan","modelName":"Town and Country Minivan","niceName":"minivan"},"trim":"Base"},{"id":100570348,"name":"LX 4dr Ext Minivan (3.3L 6cyl 4A)","submodel":{"body":"Minivan","modelName":"Town and Country Minivan","niceName":"minivan"},"trim":"LX"},{"id":100570349,"name":"Touring 4dr Ext Minivan (3.8L 6cyl 4A)","submodel":{"body":"Minivan","modelName":"Town and Country Minivan","niceName":"minivan"},"trim":"Touring"},{"id":100570350,"name":"Limited 4dr Ext Minivan (3.8L 6cyl 4A)","submodel":{"body":"Minivan","modelName":"Town and Country Minivan","niceName":"minivan"},"trim":"Limited"}]},{"id":100519562,"year":2007,"styles":[{"id":100810239,"name":"LX 4dr Ext Minivan (3.3L 6cyl 4A)","submodel":{"body":"Minivan","modelName":"Town and Country Minivan","niceName":"minivan"},"trim":"LX"},{"id":100810240,"name":"Touring 4dr Ext Minivan (3.8L 6cyl 4A)","submodel":{"body":"Minivan","modelName":"Town and Country Minivan","niceName":"minivan"},"trim":"Touring"},{"id":100810238,"name":"4dr Minivan (3.3L 6cyl 4A)","submodel":{"body":"Minivan","modelName":"Town and Country Minivan","niceName":"minivan"},"trim":"Base"},{"id":100810241,"name":"Limited 4dr Ext Minivan (3.8L 6cyl 4A)","submodel":{"body":"Minivan","modelName":"Town and Country Minivan","niceName":"minivan"},"trim":"Limited"}]},{"id":100506513,"year":2008,"styles":[{"id":100903241,"name":"Limited 4dr Minivan (4.0L 6cyl 6A)","submodel":{"body":"Minivan","modelName":"Town and Country Minivan","niceName":"minivan"},"trim":"Limited"},{"id":100903240,"name":"Touring 4dr Minivan (3.8L 6cyl 6A)","submodel":{"body":"Minivan","modelName":"Town and Country Minivan","niceName":"minivan"},"trim":"Touring"},{"id":100903239,"name":"LX 4dr Minivan (3.3L 6cyl 4A)","submodel":{"body":"Minivan","modelName":"Town and Country Minivan","niceName":"minivan"},"trim":"LX"}]},{"id":100525869,"year":2009,"styles":[{"id":101047350,"name":"Limited 4dr Minivan (4.0L 6cyl 6A)","submodel":{"body":"Minivan","modelName":"Town and Country Minivan","niceName":"minivan"},"trim":"Limited"},{"id":101047349,"name":"Touring 4dr Minivan (3.8L 6cyl 6A)","submodel":{"body":"Minivan","modelName":"Town and Country Minivan","niceName":"minivan"},"trim":"Touring"},{"id":101047323,"name":"LX 4dr Minivan (3.3L 6cyl 4A)","submodel":{"body":"Minivan","modelName":"Town and Country Minivan","niceName":"minivan"},"trim":"LX"}]},{"id":100529210,"year":2010,"styles":[{"id":101204794,"name":"LX Fleet 4dr Minivan w/Prod. End 02/10 (3.3L 6cyl 4A)","submodel":{"body":"Minivan","modelName":"Town and Country Minivan","niceName":"minivan"},"trim":"LX Fleet"},{"id":101287828,"name":"Touring Plus 4dr Minivan (3.8L 6cyl 6A)","submodel":{"body":"Minivan","modelName":"Town and Country Minivan","niceName":"minivan"},"trim":"Touring Plus"},{"id":101204795,"name":"Touring 4dr Minivan (3.8L 6cyl 6A)","submodel":{"body":"Minivan","modelName":"Town and Country Minivan","niceName":"minivan"},"trim":"Touring"},{"id":101204796,"name":"Limited Fleet 4dr Minivan w/Prod. End 02/10 (4.0L 6cyl 6A)","submodel":{"body":"Minivan","modelName":"Town and Country Minivan","niceName":"minivan"},"trim":"Limited Fleet"},{"id":101286412,"name":"LX 4dr Minivan (3.8L 6cyl 6A)","submodel":{"body":"Minivan","modelName":"Town and Country Minivan","niceName":"minivan"},"trim":"LX"},{"id":101286413,"name":"Limited 4dr Minivan (4.0L 6cyl 6A)","submodel":{"body":"Minivan","modelName":"Town and Country Minivan","niceName":"minivan"},"trim":"Limited"}]},{"id":100531271,"year":2011,"styles":[{"id":101287562,"name":"Touring 4dr Minivan (3.6L 6cyl 6A)","submodel":{"body":"Minivan","modelName":"Town and Country Minivan","niceName":"minivan"},"trim":"Touring"},{"id":101370189,"name":"Limited 4dr Minivan (3.6L 6cyl 6A)","submodel":{"body":"Minivan","modelName":"Town and Country Minivan","niceName":"minivan"},"trim":"Limited"},{"id":101370188,"name":"Touring-L 4dr Minivan (3.6L 6cyl 6A)","submodel":{"body":"Minivan","modelName":"Town and Country Minivan","niceName":"minivan"},"trim":"Touring-L"}]},{"id":100536669,"year":2012,"styles":[{"id":101400914,"name":"Touring 4dr Minivan (3.6L 6cyl 6A)","submodel":{"body":"Minivan","modelName":"Town and Country Minivan","niceName":"minivan"},"trim":"Touring"},{"id":101400916,"name":"Limited 4dr Minivan (3.6L 6cyl 6A)","submodel":{"body":"Minivan","modelName":"Town and Country Minivan","niceName":"minivan"},"trim":"Limited"},{"id":101400915,"name":"Touring-L 4dr Minivan (3.6L 6cyl 6A)","submodel":{"body":"Minivan","modelName":"Town and Country Minivan","niceName":"minivan"},"trim":"Touring-L"}]},{"id":200436309,"year":2013,"styles":[{"id":200471466,"name":"S 4dr Minivan (3.6L 6cyl 6A)","submodel":{"body":"Minivan","modelName":"Town and Country Minivan","niceName":"minivan"},"trim":"S"},{"id":200436310,"name":"Limited 4dr Minivan (3.6L 6cyl 6A)","submodel":{"body":"Minivan","modelName":"Town and Country Minivan","niceName":"minivan"},"trim":"Limited"},{"id":200436311,"name":"Touring 4dr Minivan (3.6L 6cyl 6A)","submodel":{"body":"Minivan","modelName":"Town and Country Minivan","niceName":"minivan"},"trim":"Touring"},{"id":200436312,"name":"Touring-L 4dr Minivan (3.6L 6cyl 6A)","submodel":{"body":"Minivan","modelName":"Town and Country Minivan","niceName":"minivan"},"trim":"Touring-L"}]},{"id":200476049,"year":2014,"styles":[{"id":200476050,"name":"Touring 4dr Minivan (3.6L 6cyl 6A)","submodel":{"body":"Minivan","modelName":"Town and Country Minivan","niceName":"minivan"},"trim":"Touring"},{"id":200476051,"name":"S 4dr Minivan (3.6L 6cyl 6A)","submodel":{"body":"Minivan","modelName":"Town and Country Minivan","niceName":"minivan"},"trim":"S"},{"id":200476052,"name":"Touring-L 4dr Minivan (3.6L 6cyl 6A)","submodel":{"body":"Minivan","modelName":"Town and Country Minivan","niceName":"minivan"},"trim":"Touring-L"},{"id":200476053,"name":"Limited 4dr Minivan (3.6L 6cyl 6A)","submodel":{"body":"Minivan","modelName":"Town and Country Minivan","niceName":"minivan"},"trim":"Limited"}]},{"id":200704317,"year":2015,"styles":[{"id":200704322,"name":"Limited Platinum 4dr Minivan (3.6L 6cyl 6A)","submodel":{"body":"Minivan","modelName":"Town and Country Minivan","niceName":"minivan"},"trim":"Limited Platinum"},{"id":200704321,"name":"Touring-L 4dr Minivan (3.6L 6cyl 6A)","submodel":{"body":"Minivan","modelName":"Town and Country Minivan","niceName":"minivan"},"trim":"Touring-L"},{"id":200721786,"name":"Limited 4dr Minivan (3.6L 6cyl 6A)","submodel":{"body":"Minivan","modelName":"Town and Country Minivan","niceName":"minivan"},"trim":"Limited"},{"id":200704319,"name":"Touring 4dr Minivan (3.6L 6cyl 6A)","submodel":{"body":"Minivan","modelName":"Town and Country Minivan","niceName":"minivan"},"trim":"Touring"},{"id":200704320,"name":"S 4dr Minivan (3.6L 6cyl 6A)","submodel":{"body":"Minivan","modelName":"Town and Country Minivan","niceName":"minivan"},"trim":"S"},{"id":200704318,"name":"LX 4dr Minivan (3.6L 6cyl 6A)","submodel":{"body":"Minivan","modelName":"Town and Country Minivan","niceName":"minivan"},"trim":"LX"}]},{"id":200696428,"year":2016,"styles":[{"id":200740463,"name":"Anniversary Edition 4dr Minivan (3.6L 6cyl 6A)","submodel":{"body":"Minivan","modelName":"Town and Country Minivan","niceName":"minivan"},"trim":"Anniversary Edition"},{"id":200740452,"name":"Touring 4dr Minivan (3.6L 6cyl 6A)","submodel":{"body":"Minivan","modelName":"Town and Country Minivan","niceName":"minivan"},"trim":"Touring"},{"id":200740451,"name":"LX 4dr Minivan (3.6L 6cyl 6A)","submodel":{"body":"Minivan","modelName":"Town and Country Minivan","niceName":"minivan"},"trim":"LX"},{"id":200740454,"name":"Touring-L 4dr Minivan (3.6L 6cyl 6A)","submodel":{"body":"Minivan","modelName":"Town and Country Minivan","niceName":"minivan"},"trim":"Touring-L"},{"id":200740453,"name":"S 4dr Minivan (3.6L 6cyl 6A)","submodel":{"body":"Minivan","modelName":"Town and Country Minivan","niceName":"minivan"},"trim":"S"},{"id":200740456,"name":"Limited Platinum 4dr Minivan (3.6L 6cyl 6A)","submodel":{"body":"Minivan","modelName":"Town and Country Minivan","niceName":"minivan"},"trim":"Limited Platinum"},{"id":200740455,"name":"Limited 4dr Minivan (3.6L 6cyl 6A)","submodel":{"body":"Minivan","modelName":"Town and Country Minivan","niceName":"minivan"},"trim":"Limited"}]}]},{"id":"Chrysler_Voyager","name":"Voyager","niceName":"voyager","years":[{"id":431,"year":2000,"styles":[{"id":12732,"name":"SE 4dr Minivan","submodel":{"body":"Minivan","modelName":"Voyager Minivan","niceName":"minivan"},"trim":"SE"},{"id":12731,"name":"3dr Minivan","submodel":{"body":"Minivan","modelName":"Voyager Minivan","niceName":"minivan"},"trim":"Base"}]},{"id":100000059,"year":2001,"styles":[{"id":100000743,"name":"LX 4dr Minivan (3.3L 6cyl 4A)","submodel":{"body":"Minivan","modelName":"Voyager Minivan","niceName":"minivan"},"trim":"LX"},{"id":100000742,"name":"4dr Minivan (2.4L 4cyl 3A)","submodel":{"body":"Minivan","modelName":"Voyager Minivan","niceName":"minivan"},"trim":"Base"}]},{"id":3883,"year":2002,"styles":[{"id":100002888,"name":"LX 4dr Minivan (3.3L 6cyl 4A)","submodel":{"body":"Minivan","modelName":"Voyager Minivan","niceName":"minivan"},"trim":"LX"},{"id":100002887,"name":"4dr Minivan (2.4L 4cyl 3A)","submodel":{"body":"Minivan","modelName":"Voyager Minivan","niceName":"minivan"},"trim":"Base"},{"id":100003606,"name":"eC 4dr Minivan (2.4L 4cyl 4A)","submodel":{"body":"Minivan","modelName":"Voyager Minivan","niceName":"minivan"},"trim":"eC"}]},{"id":100502768,"year":2003,"styles":[{"id":100194214,"name":"LX Value 4dr Minivan (2.4L 4cyl 4A)","submodel":{"body":"Minivan","modelName":"Voyager Minivan","niceName":"minivan"},"trim":"LX Value"},{"id":100194300,"name":"LX Popular 4dr Minivan (3.3L 6cyl 4A)","submodel":{"body":"Minivan","modelName":"Voyager Minivan","niceName":"minivan"},"trim":"LX Popular"}]}]}],"modelsCount":19,"make":"Chrysler"}