{"models":[{"id":"FIAT_124_Spider","name":"124 Spider","niceName":"124-spider","years":[{"id":200742453,"year":2017,"styles":[{"id":200742455,"name":"Classica 2dr Convertible (1.4L 4cyl Turbo 6M)","submodel":{"body":"Convertible","modelName":"124 Spider Convertible","niceName":"convertible"},"trim":"Classica"},{"id":401643913,"name":"Lusso 2dr Convertible (1.4L 4cyl Turbo 6M)","submodel":{"body":"Convertible","modelName":"124 Spider Convertible","niceName":"convertible"},"trim":"Lusso"},{"id":401643914,"name":"Abarth 2dr Convertible (1.4L 4cyl Turbo 6M)","submodel":{"body":"Convertible","modelName":"124 Spider Convertible","niceName":"convertible"},"trim":"Abarth"}]}]},{"id":"FIAT_500","name":"500","niceName":"500","years":[{"id":100532699,"year":2012,"styles":[{"id":101385815,"name":"C Lounge 2dr Convertible (1.4L 4cyl 5M)","submodel":{"body":"Convertible","modelName":"500 Convertible","niceName":"convertible"},"trim":"C Lounge"},{"id":101348476,"name":"Sport 2dr Hatchback (1.4L 4cyl 5M)","submodel":{"body":"Hatchback","modelName":"500 Hatchback","niceName":"hatchback"},"trim":"Sport"},{"id":101235876,"name":"Pop 2dr Hatchback (1.4L 4cyl 5M)","submodel":{"body":"Hatchback","modelName":"500 Hatchback","niceName":"hatchback"},"trim":"Pop"},{"id":101385814,"name":"C Pop 2dr Convertible (1.4L 4cyl 5M)","submodel":{"body":"Convertible","modelName":"500 Convertible","niceName":"convertible"},"trim":"C Pop"},{"id":101419483,"name":"Abarth 2dr Hatchback (1.4L 4cyl Turbo 5M)","submodel":{"body":"Hatchback","tuner":"Abarth","modelName":"500 Abarth","niceName":"abarth"},"trim":"Abarth"},{"id":101356430,"name":"Lounge 2dr Hatchback (1.4L 4cyl 5M)","submodel":{"body":"Hatchback","modelName":"500 Hatchback","niceName":"hatchback"},"trim":"Lounge"}]},{"id":200440779,"year":2013,"styles":[{"id":200460943,"name":"C Abarth 2dr Convertible (1.4L 4cyl Turbo 5M)","submodel":{"body":"Convertible","tuner":"C Abarth","modelName":"500 C Abarth","niceName":"c-abarth"},"trim":"C Abarth"},{"id":200440785,"name":"Sport 2dr Hatchback (1.4L 4cyl 5M)","submodel":{"body":"Hatchback","modelName":"500 Hatchback","niceName":"hatchback"},"trim":"Sport"},{"id":200440786,"name":"t Turbo 2dr Hatchback (1.4L 4cyl Turbo 5M)","submodel":{"body":"Hatchback","modelName":"500 Hatchback","niceName":"hatchback"},"trim":"t Turbo"},{"id":200440784,"name":"Pop 2dr Hatchback (1.4L 4cyl 5M)","submodel":{"body":"Hatchback","modelName":"500 Hatchback","niceName":"hatchback"},"trim":"Pop"},{"id":200440783,"name":"Lounge 2dr Hatchback (1.4L 4cyl 5M)","submodel":{"body":"Hatchback","modelName":"500 Hatchback","niceName":"hatchback"},"trim":"Lounge"},{"id":200440782,"name":"C Pop 2dr Convertible (1.4L 4cyl 5M)","submodel":{"body":"Convertible","modelName":"500 Convertible","niceName":"convertible"},"trim":"C Pop"},{"id":200440781,"name":"C Lounge 2dr Convertible (1.4L 4cyl 5M)","submodel":{"body":"Convertible","modelName":"500 Convertible","niceName":"convertible"},"trim":"C Lounge"},{"id":200440780,"name":"Abarth 2dr Hatchback (1.4L 4cyl Turbo 5M)","submodel":{"body":"Hatchback","tuner":"Abarth","modelName":"500 Abarth","niceName":"abarth"},"trim":"Abarth"}]},{"id":200493793,"year":2014,"styles":[{"id":200493801,"name":"C Lounge 2dr Convertible (1.4L 4cyl 5M)","submodel":{"body":"Convertible","modelName":"500 Convertible","niceName":"convertible"},"trim":"C Lounge"},{"id":200493802,"name":"C Abarth 2dr Convertible (1.4L 4cyl Turbo 5M)","submodel":{"body":"Convertible","tuner":"C Abarth","modelName":"500 C Abarth","niceName":"c-abarth"},"trim":"C Abarth"},{"id":200674223,"name":"GQ Edition 2dr Convertible (1.4L 4cyl Turbo 5M)","submodel":{"body":"Convertible","modelName":"500 Convertible","niceName":"convertible"},"trim":"GQ Edition"},{"id":200493795,"name":"Pop 2dr Hatchback (1.4L 4cyl 5M)","submodel":{"body":"Hatchback","modelName":"500 Hatchback","niceName":"hatchback"},"trim":"Pop"},{"id":200493796,"name":"Sport 2dr Hatchback (1.4L 4cyl 5M)","submodel":{"body":"Hatchback","modelName":"500 Hatchback","niceName":"hatchback"},"trim":"Sport"},{"id":200493799,"name":"Abarth 2dr Hatchback (1.4L 4cyl Turbo 5M)","submodel":{"body":"Hatchback","tuner":"Abarth","modelName":"500 Abarth","niceName":"abarth"},"trim":"Abarth"},{"id":200493800,"name":"C Pop 2dr Convertible (1.4L 4cyl 5M)","submodel":{"body":"Convertible","modelName":"500 Convertible","niceName":"convertible"},"trim":"C Pop"},{"id":200493797,"name":"Lounge 2dr Hatchback (1.4L 4cyl 5M)","submodel":{"body":"Hatchback","modelName":"500 Hatchback","niceName":"hatchback"},"trim":"Lounge"},{"id":200493798,"name":"Turbo 2dr Hatchback (1.4L 4cyl Turbo 5M)","submodel":{"body":"Hatchback","modelName":"500 Hatchback","niceName":"hatchback"},"trim":"Turbo"}]},{"id":200700812,"year":2015,"styles":[{"id":200700821,"name":"C Pop 2dr Convertible (1.4L 4cyl 5M)","submodel":{"body":"Convertible","modelName":"500 Convertible","niceName":"convertible"},"trim":"C Pop"},{"id":200721753,"name":"Ribelle 2dr Hatchback (1.4L 4cyl 5M)","submodel":{"body":"Hatchback","modelName":"500 Hatchback","niceName":"hatchback"},"trim":"Ribelle"},{"id":200700819,"name":"C Lounge 2dr Convertible (1.4L 4cyl 5M)","submodel":{"body":"Convertible","modelName":"500 Convertible","niceName":"convertible"},"trim":"C Lounge"},{"id":200700817,"name":"Pop 2dr Hatchback (1.4L 4cyl 5M)","submodel":{"body":"Hatchback","modelName":"500 Hatchback","niceName":"hatchback"},"trim":"Pop"},{"id":200700840,"name":"1957 Edition 2dr Hatchback (1.4L 4cyl 5M)","submodel":{"body":"Hatchback","modelName":"500 Hatchback","niceName":"hatchback"},"trim":"1957 Edition"},{"id":200700818,"name":"C Abarth 2dr Convertible (1.4L 4cyl Turbo 5M)","submodel":{"body":"Convertible","tuner":"C Abarth","modelName":"500 C Abarth","niceName":"c-abarth"},"trim":"C Abarth"},{"id":200700816,"name":"Sport 2dr Hatchback (1.4L 4cyl 5M)","submodel":{"body":"Hatchback","modelName":"500 Hatchback","niceName":"hatchback"},"trim":"Sport"},{"id":200700815,"name":"Lounge 2dr Hatchback (1.4L 4cyl 5M)","submodel":{"body":"Hatchback","modelName":"500 Hatchback","niceName":"hatchback"},"trim":"Lounge"},{"id":200700814,"name":"Turbo 2dr Hatchback (1.4L 4cyl Turbo 5M)","submodel":{"body":"Hatchback","modelName":"500 Hatchback","niceName":"hatchback"},"trim":"Turbo"},{"id":200733043,"name":"C 1957 Edition 2dr Convertible (1.4L 4cyl 5M)","submodel":{"body":"Convertible","modelName":"500 Convertible","niceName":"convertible"},"trim":"C 1957 Edition"},{"id":200700813,"name":"Abarth 2dr Hatchback (1.4L 4cyl Turbo 5M)","submodel":{"body":"Hatchback","tuner":"Abarth","modelName":"500 Abarth","niceName":"abarth"},"trim":"Abarth"}]},{"id":401572290,"year":2016,"styles":[{"id":401572435,"name":"Turbo 2dr Hatchback (1.4L 4cyl Turbo 5M)","submodel":{"body":"Hatchback","modelName":"500 Hatchback","niceName":"hatchback"},"trim":"Turbo"},{"id":401572436,"name":"Abarth 2dr Hatchback (1.4L 4cyl Turbo 5M)","submodel":{"body":"Hatchback","tuner":"Abarth","modelName":"500 Abarth","niceName":"abarth"},"trim":"Abarth"},{"id":401572434,"name":"Retro 2dr Hatchback (1.4L 4cyl 5M)","submodel":{"body":"Hatchback","modelName":"500 Hatchback","niceName":"hatchback"},"trim":"Retro"},{"id":401572439,"name":"C Lounge 2dr Convertible (1.4L 4cyl 5M)","submodel":{"body":"Convertible","modelName":"500 Convertible","niceName":"convertible"},"trim":"C Lounge"},{"id":401572297,"name":"Easy 2dr Hatchback (1.4L 4cyl 5M)","submodel":{"body":"Hatchback","modelName":"500 Hatchback","niceName":"hatchback"},"trim":"Easy"},{"id":401572298,"name":"Sport 2dr Hatchback (1.4L 4cyl 5M)","submodel":{"body":"Hatchback","modelName":"500 Hatchback","niceName":"hatchback"},"trim":"Sport"},{"id":401572437,"name":"C Pop 2dr Convertible (1.4L 4cyl 5M)","submodel":{"body":"Convertible","modelName":"500 Convertible","niceName":"convertible"},"trim":"C Pop"},{"id":401572299,"name":"Lounge 2dr Hatchback (1.4L 4cyl 5M)","submodel":{"body":"Hatchback","modelName":"500 Hatchback","niceName":"hatchback"},"trim":"Lounge"},{"id":401572438,"name":"C Easy 2dr Convertible (1.4L 4cyl 5M)","submodel":{"body":"Convertible","modelName":"500 Convertible","niceName":"convertible"},"trim":"C Easy"},{"id":401572291,"name":"Pop 2dr Hatchback (1.4L 4cyl 5M)","submodel":{"body":"Hatchback","modelName":"500 Hatchback","niceName":"hatchback"},"trim":"Pop"},{"id":401572885,"name":"C Abarth 2dr Convertible (1.4L 4cyl Turbo 5M)","submodel":{"body":"Convertible","tuner":"C Abarth","modelName":"500 C Abarth","niceName":"c-abarth"},"trim":"C Abarth"}]}]},{"id":"FIAT_500L","name":"500L","niceName":"500l","years":[{"id":200461884,"year":2014,"styles":[{"id":200461885,"name":"Easy 4dr Wagon (1.4L 4cyl Turbo 6AM)","submodel":{"body":"Wagon","modelName":"500L Wagon","niceName":"wagon"},"trim":"Easy"},{"id":200474603,"name":"Trekking 4dr Wagon (1.4L 4cyl Turbo 6AM)","submodel":{"body":"Wagon","modelName":"500L Wagon","niceName":"wagon"},"trim":"Trekking"},{"id":200474604,"name":"Lounge 4dr Wagon (1.4L 4cyl Turbo 6AM)","submodel":{"body":"Wagon","modelName":"500L Wagon","niceName":"wagon"},"trim":"Lounge"},{"id":200471793,"name":"Pop 4dr Wagon (1.4L 4cyl Turbo 6M)","submodel":{"body":"Wagon","modelName":"500L Wagon","niceName":"wagon"},"trim":"Pop"}]},{"id":200724260,"year":2015,"styles":[{"id":200724326,"name":"Urbana Trekking 4dr Wagon (1.4L 4cyl Turbo 6M)","submodel":{"body":"Wagon","modelName":"500L Wagon","niceName":"wagon"},"trim":"Urbana Trekking"},{"id":200724264,"name":"Lounge 4dr Wagon (1.4L 4cyl Turbo 6A)","submodel":{"body":"Wagon","modelName":"500L Wagon","niceName":"wagon"},"trim":"Lounge"},{"id":200724263,"name":"Trekking 4dr Wagon (1.4L 4cyl Turbo 6M)","submodel":{"body":"Wagon","modelName":"500L Wagon","niceName":"wagon"},"trim":"Trekking"},{"id":200724262,"name":"Easy 4dr Wagon (1.4L 4cyl Turbo 6M)","submodel":{"body":"Wagon","modelName":"500L Wagon","niceName":"wagon"},"trim":"Easy"},{"id":200724261,"name":"Pop 4dr Wagon (1.4L 4cyl Turbo 6M)","submodel":{"body":"Wagon","modelName":"500L Wagon","niceName":"wagon"},"trim":"Pop"}]},{"id":401573921,"year":2016,"styles":[{"id":401573967,"name":"Lounge 4dr Wagon (1.4L 4cyl Turbo 6A)","submodel":{"body":"Wagon","modelName":"500L Wagon","niceName":"wagon"},"trim":"Lounge"},{"id":401573966,"name":"Urbana Trekking 4dr Wagon (1.4L 4cyl Turbo 6M)","submodel":{"body":"Wagon","modelName":"500L Wagon","niceName":"wagon"},"trim":"Urbana Trekking"},{"id":401573965,"name":"Trekking 4dr Wagon (1.4L 4cyl Turbo 6M)","submodel":{"body":"Wagon","modelName":"500L Wagon","niceName":"wagon"},"trim":"Trekking"},{"id":401573964,"name":"Easy 4dr Wagon (1.4L 4cyl Turbo 6M)","submodel":{"body":"Wagon","modelName":"500L Wagon","niceName":"wagon"},"trim":"Easy"},{"id":401573963,"name":"Pop 4dr Wagon (1.4L 4cyl Turbo 6M)","submodel":{"body":"Wagon","modelName":"500L Wagon","niceName":"wagon"},"trim":"Pop"}]}]},{"id":"FIAT_500X","name":"500X","niceName":"500x","years":[{"id":200721405,"year":2016,"styles":[{"id":200732658,"name":"Trekking Plus 4dr SUV AWD (2.4L 4cyl 9A)","submodel":{"body":"SUV","modelName":"500X SUV","niceName":"suv"},"trim":"Trekking Plus"},{"id":200732657,"name":"Lounge 4dr SUV AWD (2.4L 4cyl 9A)","submodel":{"body":"SUV","modelName":"500X SUV","niceName":"suv"},"trim":"Lounge"},{"id":200721407,"name":"Pop 4dr SUV (1.4L 4cyl Turbo 6M)","submodel":{"body":"SUV","modelName":"500X SUV","niceName":"suv"},"trim":"Pop"},{"id":200732651,"name":"Easy 4dr SUV (2.4L 4cyl 9A)","submodel":{"body":"SUV","modelName":"500X SUV","niceName":"suv"},"trim":"Easy"},{"id":200732652,"name":"Trekking 4dr SUV (2.4L 4cyl 9A)","submodel":{"body":"SUV","modelName":"500X SUV","niceName":"suv"},"trim":"Trekking"},{"id":200732655,"name":"Easy 4dr SUV AWD (2.4L 4cyl 9A)","submodel":{"body":"SUV","modelName":"500X SUV","niceName":"suv"},"trim":"Easy"},{"id":200732656,"name":"Trekking 4dr SUV AWD (2.4L 4cyl 9A)","submodel":{"body":"SUV","modelName":"500X SUV","niceName":"suv"},"trim":"Trekking"},{"id":200732653,"name":"Lounge 4dr SUV (2.4L 4cyl 9A)","submodel":{"body":"SUV","modelName":"500X SUV","niceName":"suv"},"trim":"Lounge"},{"id":200732654,"name":"Trekking Plus 4dr SUV (2.4L 4cyl 9A)","submodel":{"body":"SUV","modelName":"500X SUV","niceName":"suv"},"trim":"Trekking Plus"}]}]},{"id":"FIAT_500e","name":"500e","niceName":"500e","years":[{"id":200459014,"year":2013,"styles":[{"id":200459018,"name":"2dr Hatchback (electric DD)","submodel":{"body":"Hatchback","modelName":"500e Hatchback","niceName":"hatchback"},"trim":"Base"}]},{"id":200495814,"year":2014,"styles":[{"id":200495815,"name":"2dr Hatchback (electric DD)","submodel":{"body":"Hatchback","modelName":"500e Hatchback","niceName":"hatchback"},"trim":"Base"}]},{"id":200700793,"year":2015,"styles":[{"id":200700800,"name":"2dr Hatchback (electric DD)","submodel":{"body":"Hatchback","modelName":"500e Hatchback","niceName":"hatchback"},"trim":"Base"}]},{"id":401566592,"year":2016,"styles":[{"id":401566602,"name":"2dr Hatchback (electric DD)","submodel":{"body":"Hatchback","modelName":"500e Hatchback","niceName":"hatchback"},"trim":"Base"}]}]}],"modelsCount":5,"make":"FIAT"}