{"models":[{"id":"Infiniti_EX","name":"EX","niceName":"ex","years":[{"id":100533669,"year":2011,"styles":[{"id":101367913,"name":"EX35 Journey 4dr SUV AWD (3.5L 6cyl 7A)","submodel":{"body":"SUV","modelName":"EX SUV","niceName":"suv"},"trim":"EX35 Journey"},{"id":101367905,"name":"EX35 4dr SUV (3.5L 6cyl 7A)","submodel":{"body":"SUV","modelName":"EX SUV","niceName":"suv"},"trim":"EX35"},{"id":101367906,"name":"EX35 Journey 4dr SUV (3.5L 6cyl 7A)","submodel":{"body":"SUV","modelName":"EX SUV","niceName":"suv"},"trim":"EX35 Journey"},{"id":101367912,"name":"EX35 4dr SUV AWD (3.5L 6cyl 7A)","submodel":{"body":"SUV","modelName":"EX SUV","niceName":"suv"},"trim":"EX35"}]},{"id":100537830,"year":2012,"styles":[{"id":101407710,"name":"EX35 Journey 4dr SUV (3.5L 6cyl 7A)","submodel":{"body":"SUV","modelName":"EX SUV","niceName":"suv"},"trim":"EX35 Journey"},{"id":101407709,"name":"EX35 4dr SUV (3.5L 6cyl 7A)","submodel":{"body":"SUV","modelName":"EX SUV","niceName":"suv"},"trim":"EX35"},{"id":101407712,"name":"EX35 Journey 4dr SUV AWD (3.5L 6cyl 7A)","submodel":{"body":"SUV","modelName":"EX SUV","niceName":"suv"},"trim":"EX35 Journey"},{"id":101407711,"name":"EX35 4dr SUV AWD (3.5L 6cyl 7A)","submodel":{"body":"SUV","modelName":"EX SUV","niceName":"suv"},"trim":"EX35"}]},{"id":200437954,"year":2013,"styles":[{"id":200437956,"name":"EX37 4dr SUV AWD (3.7L 6cyl 7A)","submodel":{"body":"SUV","modelName":"EX SUV","niceName":"suv"},"trim":"EX37"},{"id":200437955,"name":"EX37 4dr SUV (3.7L 6cyl 7A)","submodel":{"body":"SUV","modelName":"EX SUV","niceName":"suv"},"trim":"EX37"},{"id":200437958,"name":"EX37 Journey 4dr SUV AWD (3.7L 6cyl 7A)","submodel":{"body":"SUV","modelName":"EX SUV","niceName":"suv"},"trim":"EX37 Journey"},{"id":200437957,"name":"EX37 Journey 4dr SUV (3.7L 6cyl 7A)","submodel":{"body":"SUV","modelName":"EX SUV","niceName":"suv"},"trim":"EX37 Journey"}]}]},{"id":"Infiniti_EX35","name":"EX35","niceName":"ex35","years":[{"id":100506447,"year":2008,"styles":[{"id":100961317,"name":"Journey 4dr SUV AWD (3.5L 6cyl 5A)","submodel":{"body":"SUV","modelName":"EX35 SUV","niceName":"suv"},"trim":"Journey"},{"id":100961315,"name":"Journey 4dr SUV (3.5L 6cyl 5A)","submodel":{"body":"SUV","modelName":"EX35 SUV","niceName":"suv"},"trim":"Journey"},{"id":100961316,"name":"4dr SUV AWD (3.5L 6cyl 5A)","submodel":{"body":"SUV","modelName":"EX35 SUV","niceName":"suv"},"trim":"Base"},{"id":100961314,"name":"4dr SUV (3.5L 6cyl 5A)","submodel":{"body":"SUV","modelName":"EX35 SUV","niceName":"suv"},"trim":"Base"}]},{"id":100528229,"year":2009,"styles":[{"id":101171382,"name":"Journey 4dr SUV (3.5L 6cyl 5A)","submodel":{"body":"SUV","modelName":"EX35 SUV","niceName":"suv"},"trim":"Journey"},{"id":101171381,"name":"4dr SUV (3.5L 6cyl 5A)","submodel":{"body":"SUV","modelName":"EX35 SUV","niceName":"suv"},"trim":"Base"},{"id":101171384,"name":"Journey 4dr SUV AWD (3.5L 6cyl 5A)","submodel":{"body":"SUV","modelName":"EX35 SUV","niceName":"suv"},"trim":"Journey"},{"id":101171383,"name":"4dr SUV AWD (3.5L 6cyl 5A)","submodel":{"body":"SUV","modelName":"EX35 SUV","niceName":"suv"},"trim":"Base"}]},{"id":100530110,"year":2010,"styles":[{"id":101240232,"name":"Journey 4dr SUV (3.5L 6cyl 5A)","submodel":{"body":"SUV","modelName":"EX35 SUV","niceName":"suv"},"trim":"Journey"},{"id":101240226,"name":"4dr SUV (3.5L 6cyl 5A)","submodel":{"body":"SUV","modelName":"EX35 SUV","niceName":"suv"},"trim":"Base"},{"id":101240233,"name":"4dr SUV AWD (3.5L 6cyl 5A)","submodel":{"body":"SUV","modelName":"EX35 SUV","niceName":"suv"},"trim":"Base"},{"id":101240234,"name":"Journey 4dr SUV AWD (3.5L 6cyl 5A)","submodel":{"body":"SUV","modelName":"EX35 SUV","niceName":"suv"},"trim":"Journey"}]}]},{"id":"Infiniti_FX","name":"FX","niceName":"fx","years":[{"id":100533530,"year":2011,"styles":[{"id":101365380,"name":"FX35 4dr SUV (3.5L 6cyl 7A)","submodel":{"body":"SUV","modelName":"FX SUV","niceName":"suv"},"trim":"FX35"},{"id":101365381,"name":"FX35 4dr SUV AWD (3.5L 6cyl 7A)","submodel":{"body":"SUV","modelName":"FX SUV","niceName":"suv"},"trim":"FX35"},{"id":101365425,"name":"FX50 4dr SUV AWD (5.0L 8cyl 7A)","submodel":{"body":"SUV","modelName":"FX SUV","niceName":"suv"},"trim":"FX50"}]},{"id":100536749,"year":2012,"styles":[{"id":101401404,"name":"FX35 4dr SUV (3.5L 6cyl 7A)","submodel":{"body":"SUV","modelName":"FX SUV","niceName":"suv"},"trim":"FX35"},{"id":101401406,"name":"FX35 Limited Edition 4dr SUV AWD (3.5L 6cyl 7A)","submodel":{"body":"SUV","modelName":"FX SUV","niceName":"suv"},"trim":"FX35 Limited Edition"},{"id":101401405,"name":"FX35 4dr SUV AWD (3.5L 6cyl 7A)","submodel":{"body":"SUV","modelName":"FX SUV","niceName":"suv"},"trim":"FX35"},{"id":101401414,"name":"FX50 4dr SUV AWD (5.0L 8cyl 7A)","submodel":{"body":"SUV","modelName":"FX SUV","niceName":"suv"},"trim":"FX50"}]},{"id":200431549,"year":2013,"styles":[{"id":200431551,"name":"FX37 4dr SUV AWD (3.7L 6cyl 7A)","submodel":{"body":"SUV","modelName":"FX SUV","niceName":"suv"},"trim":"FX37"},{"id":200431552,"name":"FX37 Limited Edition 4dr SUV AWD (3.7L 6cyl 7A)","submodel":{"body":"SUV","modelName":"FX SUV","niceName":"suv"},"trim":"FX37 Limited Edition"},{"id":200431550,"name":"FX37 4dr SUV (3.7L 6cyl 7A)","submodel":{"body":"SUV","modelName":"FX SUV","niceName":"suv"},"trim":"FX37"},{"id":200431553,"name":"FX50 4dr SUV AWD (5.0L 8cyl 7A)","submodel":{"body":"SUV","modelName":"FX SUV","niceName":"suv"},"trim":"FX50"}]}]},{"id":"Infiniti_FX35","name":"FX35","niceName":"fx35","years":[{"id":100503099,"year":2003,"styles":[{"id":100213725,"name":"Rwd 4dr SUV (3.5L 6cyl 5A)","submodel":{"body":"SUV","modelName":"FX35 SUV","niceName":"suv"},"trim":"Base"},{"id":100213724,"name":"AWD 4dr SUV (3.5L 6cyl 5A)","submodel":{"body":"SUV","modelName":"FX35 SUV","niceName":"suv"},"trim":"Base"}]},{"id":100503098,"year":2004,"styles":[{"id":100330751,"name":"AWD 4dr SUV (3.5L 6cyl 5A)","submodel":{"body":"SUV","modelName":"FX35 SUV","niceName":"suv"},"trim":"Base"},{"id":100330752,"name":"Rwd 4dr SUV (3.5L 6cyl 5A)","submodel":{"body":"SUV","modelName":"FX35 SUV","niceName":"suv"},"trim":"Base"}]},{"id":100505190,"year":2005,"styles":[{"id":100487297,"name":"AWD 4dr SUV (3.5L 6cyl 5A)","submodel":{"body":"SUV","modelName":"FX35 SUV","niceName":"suv"},"trim":"Base"},{"id":100484590,"name":"Rwd 4dr SUV (3.5L 6cyl 5A)","submodel":{"body":"SUV","modelName":"FX35 SUV","niceName":"suv"},"trim":"Base"}]},{"id":100506660,"year":2006,"styles":[{"id":100632031,"name":"4dr SUV (3.5L 6cyl 5A)","submodel":{"body":"SUV","modelName":"FX35 SUV","niceName":"suv"},"trim":"Base"},{"id":100632037,"name":"4dr SUV AWD (3.5L 6cyl 5A)","submodel":{"body":"SUV","modelName":"FX35 SUV","niceName":"suv"},"trim":"Base"}]},{"id":100520187,"year":2007,"styles":[{"id":100819250,"name":"4dr SUV (3.5L 6cyl 5A)","submodel":{"body":"SUV","modelName":"FX35 SUV","niceName":"suv"},"trim":"Base"},{"id":100819251,"name":"4dr SUV AWD (3.5L 6cyl 5A)","submodel":{"body":"SUV","modelName":"FX35 SUV","niceName":"suv"},"trim":"Base"}]},{"id":100523369,"year":2008,"styles":[{"id":100889263,"name":"4dr SUV AWD (3.5L 6cyl 5A)","submodel":{"body":"SUV","modelName":"FX35 SUV","niceName":"suv"},"trim":"Base"},{"id":100889262,"name":"4dr SUV (3.5L 6cyl 5A)","submodel":{"body":"SUV","modelName":"FX35 SUV","niceName":"suv"},"trim":"Base"}]},{"id":100525409,"year":2009,"styles":[{"id":101017849,"name":"4dr SUV (3.5L 6cyl 7A)","submodel":{"body":"SUV","modelName":"FX35 SUV","niceName":"suv"},"trim":"Base"},{"id":101017850,"name":"4dr SUV AWD (3.5L 6cyl 7A)","submodel":{"body":"SUV","modelName":"FX35 SUV","niceName":"suv"},"trim":"Base"}]},{"id":100530389,"year":2010,"styles":[{"id":101251003,"name":"4dr SUV (3.5L 6cyl 7A)","submodel":{"body":"SUV","modelName":"FX35 SUV","niceName":"suv"},"trim":"Base"},{"id":101251004,"name":"4dr SUV AWD (3.5L 6cyl 7A)","submodel":{"body":"SUV","modelName":"FX35 SUV","niceName":"suv"},"trim":"Base"}]}]},{"id":"Infiniti_FX45","name":"FX45","niceName":"fx45","years":[{"id":100502681,"year":2003,"styles":[{"id":100212822,"name":"AWD 4dr SUV (4.5L 8cyl 5A)","submodel":{"body":"SUV","modelName":"FX45 SUV","niceName":"suv"},"trim":"Base"}]},{"id":100503581,"year":2004,"styles":[{"id":100330753,"name":"AWD 4dr SUV (4.5L 8cyl 5A)","submodel":{"body":"SUV","modelName":"FX45 SUV","niceName":"suv"},"trim":"Base"}]},{"id":100505191,"year":2005,"styles":[{"id":100487299,"name":"AWD 4dr SUV (4.5L 8cyl 5A)","submodel":{"body":"SUV","modelName":"FX45 SUV","niceName":"suv"},"trim":"Base"}]},{"id":100506659,"year":2006,"styles":[{"id":100632169,"name":"4dr SUV AWD (4.5L 8cyl 5A)","submodel":{"body":"SUV","modelName":"FX45 SUV","niceName":"suv"},"trim":"Base"}]},{"id":100520188,"year":2007,"styles":[{"id":100820707,"name":"4dr SUV AWD (4.5L 8cyl 5A)","submodel":{"body":"SUV","modelName":"FX45 SUV","niceName":"suv"},"trim":"Base"}]},{"id":100523370,"year":2008,"styles":[{"id":100889237,"name":"4dr SUV AWD (4.5L 8cyl 5A)","submodel":{"body":"SUV","modelName":"FX45 SUV","niceName":"suv"},"trim":"Base"}]}]},{"id":"Infiniti_FX50","name":"FX50","niceName":"fx50","years":[{"id":100524029,"year":2009,"styles":[{"id":101016893,"name":"4dr SUV AWD (5.0L 8cyl 7A)","submodel":{"body":"SUV","modelName":"FX50 SUV","niceName":"suv"},"trim":"Base"}]},{"id":100530409,"year":2010,"styles":[{"id":101250999,"name":"4dr SUV AWD (5.0L 8cyl 7A)","submodel":{"body":"SUV","modelName":"FX50 SUV","niceName":"suv"},"trim":"Base"}]}]},{"id":"Infiniti_G_Convertible","name":"G Convertible","niceName":"g-convertible","years":[{"id":100533710,"year":2011,"styles":[{"id":101368663,"name":"G37 Limited Edition 2dr Convertible (3.7L 6cyl 7A)","submodel":{"body":"G Convertible","modelName":"G Convertible","niceName":"g-convertible"},"trim":"G37 Limited Edition"},{"id":101368647,"name":"G37 2dr Convertible (3.7L 6cyl 7A)","submodel":{"body":"G Convertible","modelName":"G Convertible","niceName":"g-convertible"},"trim":"G37"},{"id":101368649,"name":"G37 Sport 2dr Convertible (3.7L 6cyl 6M)","submodel":{"body":"G Convertible","modelName":"G Convertible","niceName":"g-convertible"},"trim":"G37 Sport"}]},{"id":100535149,"year":2012,"styles":[{"id":101406834,"name":"G37 2dr Convertible (3.7L 6cyl 7A)","submodel":{"body":"G Convertible","modelName":"G Convertible","niceName":"g-convertible"},"trim":"G37"},{"id":101406835,"name":"G37 Sport 2dr Convertible (3.7L 6cyl 6M)","submodel":{"body":"G Convertible","modelName":"G Convertible","niceName":"g-convertible"},"trim":"G37 Sport"}]},{"id":100538709,"year":2013,"styles":[{"id":200427669,"name":"G37 Sport 2dr Convertible (3.7L 6cyl 6M)","submodel":{"body":"G Convertible","modelName":"G Convertible","niceName":"g-convertible"},"trim":"G37 Sport"},{"id":200427668,"name":"G37 2dr Convertible (3.7L 6cyl 7A)","submodel":{"body":"G Convertible","modelName":"G Convertible","niceName":"g-convertible"},"trim":"G37"},{"id":101385289,"name":"IPL 2dr Convertible (3.7L 6cyl 7A)","submodel":{"body":"G Convertible","tuner":"IPL","modelName":"G Convertible IPL","niceName":"ipl"},"trim":"IPL"}]}]},{"id":"Infiniti_G_Coupe","name":"G Coupe","niceName":"g-coupe","years":[{"id":100533709,"year":2011,"styles":[{"id":101368696,"name":"IPL 2dr Coupe (3.7L 6cyl 7A)","submodel":{"body":"G Coupe","tuner":"IPL","modelName":"G Coupe IPL","niceName":"ipl"},"trim":"IPL"},{"id":101368666,"name":"G37 2dr Coupe (3.7L 6cyl 7A)","submodel":{"body":"G Coupe","modelName":"G Coupe","niceName":"g-coupe"},"trim":"G37"},{"id":101368852,"name":"IPL 2dr Coupe (3.7L 6cyl 6M)","submodel":{"body":"G Coupe","tuner":"IPL","modelName":"G Coupe IPL","niceName":"ipl"},"trim":"IPL"},{"id":101368667,"name":"G37 Journey 2dr Coupe (3.7L 6cyl 7A)","submodel":{"body":"G Coupe","modelName":"G Coupe","niceName":"g-coupe"},"trim":"G37 Journey"},{"id":101368668,"name":"G37x 2dr Coupe AWD (3.7L 6cyl 7A)","submodel":{"body":"G Coupe","modelName":"G Coupe","niceName":"g-coupe"},"trim":"G37x"},{"id":101368669,"name":"G37 Sport 2dr Coupe (3.7L 6cyl 6M)","submodel":{"body":"G Coupe","modelName":"G Coupe","niceName":"g-coupe"},"trim":"G37 Sport"}]},{"id":100537729,"year":2012,"styles":[{"id":101407739,"name":"G37 2dr Coupe (3.7L 6cyl 7A)","submodel":{"body":"G Coupe","modelName":"G Coupe","niceName":"g-coupe"},"trim":"G37"},{"id":101407769,"name":"IPL 2dr Coupe (3.7L 6cyl 6M)","submodel":{"body":"G Coupe","tuner":"IPL","modelName":"G Coupe IPL","niceName":"ipl"},"trim":"IPL"},{"id":101407740,"name":"G37 Journey 2dr Coupe (3.7L 6cyl 7A)","submodel":{"body":"G Coupe","modelName":"G Coupe","niceName":"g-coupe"},"trim":"G37 Journey"},{"id":101407741,"name":"G37x 2dr Coupe AWD (3.7L 6cyl 7A)","submodel":{"body":"G Coupe","modelName":"G Coupe","niceName":"g-coupe"},"trim":"G37x"},{"id":101407742,"name":"G37 Sport 2dr Coupe (3.7L 6cyl 6M)","submodel":{"body":"G Coupe","modelName":"G Coupe","niceName":"g-coupe"},"trim":"G37 Sport"},{"id":101407743,"name":"IPL 2dr Coupe (3.7L 6cyl 7A)","submodel":{"body":"G Coupe","tuner":"IPL","modelName":"G Coupe IPL","niceName":"ipl"},"trim":"IPL"}]},{"id":200424002,"year":2013,"styles":[{"id":200426795,"name":"G37 Sport 2dr Coupe (3.7L 6cyl 6M)","submodel":{"body":"G Coupe","modelName":"G Coupe","niceName":"g-coupe"},"trim":"G37 Sport"},{"id":200424003,"name":"IPL 2dr Coupe (3.7L 6cyl 6M)","submodel":{"body":"G Coupe","tuner":"IPL","modelName":"G Coupe IPL","niceName":"ipl"},"trim":"IPL"},{"id":200426794,"name":"G37x 2dr Coupe AWD (3.7L 6cyl 7A)","submodel":{"body":"G Coupe","modelName":"G Coupe","niceName":"g-coupe"},"trim":"G37x"},{"id":200424004,"name":"IPL 2dr Coupe (3.7L 6cyl 7A)","submodel":{"body":"G Coupe","tuner":"IPL","modelName":"G Coupe IPL","niceName":"ipl"},"trim":"IPL"},{"id":200426793,"name":"G37 Journey 2dr Coupe (3.7L 6cyl 7A)","submodel":{"body":"G Coupe","modelName":"G Coupe","niceName":"g-coupe"},"trim":"G37 Journey"}]}]},{"id":"Infiniti_G_Sedan","name":"G Sedan","niceName":"g-sedan","years":[{"id":100533189,"year":2011,"styles":[{"id":101355591,"name":"G25 Journey 4dr Sedan (2.5 6cyl 7A)","submodel":{"body":"G Sedan","modelName":"G Sedan","niceName":"g-sedan"},"trim":"G25 Journey"},{"id":101355590,"name":"G25 4dr Sedan (2.5L 6cyl 7A)","submodel":{"body":"G Sedan","modelName":"G Sedan","niceName":"g-sedan"},"trim":"G25"},{"id":101355674,"name":"G37x 4dr Sedan AWD (3.7L 6cyl 7A)","submodel":{"body":"G Sedan","modelName":"G Sedan","niceName":"g-sedan"},"trim":"G37x"},{"id":101355672,"name":"G37 Journey 4dr Sedan (3.7L 6cyl 7A)","submodel":{"body":"G Sedan","modelName":"G Sedan","niceName":"g-sedan"},"trim":"G37 Journey"},{"id":101355909,"name":"G37x Limited Edition 4dr Sedan AWD (3.7L 6cyl 7A)","submodel":{"body":"G Sedan","modelName":"G Sedan","niceName":"g-sedan"},"trim":"G37x Limited Edition"},{"id":101355667,"name":"G25x 4dr Sedan AWD (2.5 6cyl 7A)","submodel":{"body":"G Sedan","modelName":"G Sedan","niceName":"g-sedan"},"trim":"G25x"},{"id":101355720,"name":"G37 Sport 4dr Sedan (3.7L 6cyl 6M)","submodel":{"body":"G Sedan","modelName":"G Sedan","niceName":"g-sedan"},"trim":"G37 Sport"},{"id":101355906,"name":"G37 Sport Appearance Edition 4dr Sedan (3.7L 6cyl 7A)","submodel":{"body":"G Sedan","modelName":"G Sedan","niceName":"g-sedan"},"trim":"G37 Sport Appearance Edition"},{"id":101355908,"name":"G37 Limited Edition 4dr Sedan (3.7L 6cyl 7A)","submodel":{"body":"G Sedan","modelName":"G Sedan","niceName":"g-sedan"},"trim":"G37 Limited Edition"},{"id":101355907,"name":"G37x Sport Appearance Edition 4dr Sedan AWD (3.7L 6cyl 7A)","submodel":{"body":"G Sedan","modelName":"G Sedan","niceName":"g-sedan"},"trim":"G37x Sport Appearance Edition"}]},{"id":100537749,"year":2012,"styles":[{"id":101408205,"name":"G25 Journey 4dr Sedan (2.5L 6cyl 7A)","submodel":{"body":"G Sedan","modelName":"G Sedan","niceName":"g-sedan"},"trim":"G25 Journey"},{"id":101408206,"name":"G25x 4dr Sedan AWD (2.5L 6cyl 7A)","submodel":{"body":"G Sedan","modelName":"G Sedan","niceName":"g-sedan"},"trim":"G25x"},{"id":101408207,"name":"G37 Journey 4dr Sedan (3.7L 6cyl 7A)","submodel":{"body":"G Sedan","modelName":"G Sedan","niceName":"g-sedan"},"trim":"G37 Journey"},{"id":101408208,"name":"G37x 4dr Sedan AWD (3.7L 6cyl 7A)","submodel":{"body":"G Sedan","modelName":"G Sedan","niceName":"g-sedan"},"trim":"G37x"},{"id":101408204,"name":"G25 4dr Sedan (2.5L 6cyl 7A)","submodel":{"body":"G Sedan","modelName":"G Sedan","niceName":"g-sedan"},"trim":"G25"},{"id":101408213,"name":"G37x Limited Edition 4dr Sedan AWD (3.7L 6cyl 7A)","submodel":{"body":"G Sedan","modelName":"G Sedan","niceName":"g-sedan"},"trim":"G37x Limited Edition"},{"id":101408210,"name":"G37 Sport Appearance Edition 4dr Sedan (3.7L 6cyl 7A)","submodel":{"body":"G Sedan","modelName":"G Sedan","niceName":"g-sedan"},"trim":"G37 Sport Appearance Edition"},{"id":101408209,"name":"G37 Sport 4dr Sedan (3.7L 6cyl 6M)","submodel":{"body":"G Sedan","modelName":"G Sedan","niceName":"g-sedan"},"trim":"G37 Sport"},{"id":101408212,"name":"G37 Limited Edition 4dr Sedan (3.7L 6cyl 7A)","submodel":{"body":"G Sedan","modelName":"G Sedan","niceName":"g-sedan"},"trim":"G37 Limited Edition"},{"id":101408211,"name":"G37x Sport Appearance Edition 4dr Sedan AWD (3.7L 6cyl 7A)","submodel":{"body":"G Sedan","modelName":"G Sedan","niceName":"g-sedan"},"trim":"G37x Sport Appearance Edition"}]},{"id":200437358,"year":2013,"styles":[{"id":200437359,"name":"G37 Journey 4dr Sedan (3.7L 6cyl 7A)","submodel":{"body":"G Sedan","modelName":"G Sedan","niceName":"g-sedan"},"trim":"G37 Journey"},{"id":200437360,"name":"G37x 4dr Sedan AWD (3.7L 6cyl 7A)","submodel":{"body":"G Sedan","modelName":"G Sedan","niceName":"g-sedan"},"trim":"G37x"},{"id":200437361,"name":"G37 Sport 4dr Sedan (3.7L 6cyl 6M)","submodel":{"body":"G Sedan","modelName":"G Sedan","niceName":"g-sedan"},"trim":"G37 Sport"}]}]},{"id":"Infiniti_G20","name":"G20","niceName":"g20","years":[{"id":2056,"year":1991,"styles":[{"id":3807,"name":"4dr Sedan","submodel":{"body":"Sedan","modelName":"G20 Sedan","niceName":"sedan"},"trim":"Base"}]},{"id":2057,"year":1992,"styles":[{"id":3802,"name":"4dr Sedan","submodel":{"body":"Sedan","modelName":"G20 Sedan","niceName":"sedan"},"trim":"Base"}]},{"id":2058,"year":1993,"styles":[{"id":3798,"name":"4dr Sedan","submodel":{"body":"Sedan","modelName":"G20 Sedan","niceName":"sedan"},"trim":"Base"}]},{"id":2059,"year":1994,"styles":[{"id":3854,"name":"4dr Sedan","submodel":{"body":"Sedan","modelName":"G20 Sedan","niceName":"sedan"},"trim":"Base"}]},{"id":2060,"year":1995,"styles":[{"id":3849,"name":"4dr Sedan","submodel":{"body":"Sedan","modelName":"G20 Sedan","niceName":"sedan"},"trim":"Base"},{"id":3850,"name":"Touring 4dr Sedan","submodel":{"body":"Sedan","modelName":"G20 Sedan","niceName":"sedan"},"trim":"Touring"}]},{"id":2061,"year":1996,"styles":[{"id":3841,"name":"4dr Sedan","submodel":{"body":"Sedan","modelName":"G20 Sedan","niceName":"sedan"},"trim":"Base"},{"id":3843,"name":"Touring 4dr Sedan","submodel":{"body":"Sedan","modelName":"G20 Sedan","niceName":"sedan"},"trim":"Touring"}]},{"id":3542,"year":1999,"styles":[{"id":13172,"name":"Touring 4dr Sedan","submodel":{"body":"Sedan","modelName":"G20 Sedan","niceName":"sedan"},"trim":"Touring"},{"id":13171,"name":"4dr Sedan","submodel":{"body":"Sedan","modelName":"G20 Sedan","niceName":"sedan"},"trim":"Base"}]},{"id":370,"year":2000,"styles":[{"id":12645,"name":"4dr Sedan","submodel":{"body":"Sedan","modelName":"G20 Sedan","niceName":"sedan"},"trim":"Base"},{"id":12646,"name":"Touring 4dr Sedan","submodel":{"body":"Sedan","modelName":"G20 Sedan","niceName":"sedan"},"trim":"Touring"}]},{"id":100000135,"year":2001,"styles":[{"id":100001304,"name":"4dr Sedan (2.0L 4cyl 4A)","submodel":{"body":"Sedan","modelName":"G20 Sedan","niceName":"sedan"},"trim":"Base"},{"id":100001305,"name":"4dr Sedan (2.0L 4cyl 5M)","submodel":{"body":"Sedan","modelName":"G20 Sedan","niceName":"sedan"},"trim":"Base"},{"id":100001306,"name":"Touring 4dr Sedan (2.0L 4cyl 4A)","submodel":{"body":"Sedan","modelName":"G20 Sedan","niceName":"sedan"},"trim":"Touring"},{"id":100001307,"name":"Touring 4dr Sedan (2.0L 4cyl 5M)","submodel":{"body":"Sedan","modelName":"G20 Sedan","niceName":"sedan"},"trim":"Touring"}]},{"id":100000342,"year":2002,"styles":[{"id":100002241,"name":"4dr Sedan (2.0L 4cyl 5M)","submodel":{"body":"Sedan","modelName":"G20 Sedan","niceName":"sedan"},"trim":"Base"},{"id":100002242,"name":"4dr Sedan (2.0L 4cyl 4A)","submodel":{"body":"Sedan","modelName":"G20 Sedan","niceName":"sedan"},"trim":"Base"}]}]},{"id":"Infiniti_G35","name":"G35","niceName":"g35","years":[{"id":100502587,"year":2003,"styles":[{"id":100217714,"name":"Luxury 4dr Sedan w/Leather (3.5L 6cyl 6M)","submodel":{"body":"Sedan","modelName":"G35 Sedan","niceName":"sedan"},"trim":"Base"},{"id":100183768,"name":"2dr Coupe w/Leather (3.5L 6cyl 5A)","submodel":{"body":"Coupe","modelName":"G35 Coupe","niceName":"coupe"},"trim":"Base"},{"id":100183767,"name":"2dr Coupe w/Leather (3.5L 6cyl 6M)","submodel":{"body":"Coupe","modelName":"G35 Coupe","niceName":"coupe"},"trim":"Base"},{"id":100074358,"name":"4dr Sedan w/Leather (3.5L 6cyl 5A)","submodel":{"body":"Sedan","modelName":"G35 Sedan","niceName":"sedan"},"trim":"Base"},{"id":100074359,"name":"4dr Sedan (3.5L 6cyl 5A)","submodel":{"body":"Sedan","modelName":"G35 Sedan","niceName":"sedan"},"trim":"Base"},{"id":100183722,"name":"2dr Coupe (3.5L 6cyl 5A)","submodel":{"body":"Coupe","modelName":"G35 Coupe","niceName":"coupe"},"trim":"Base"}]},{"id":100503582,"year":2004,"styles":[{"id":100330764,"name":"Rwd 2dr Coupe w/Leather (3.5L 6cyl 6M)","submodel":{"body":"Coupe","modelName":"G35 Coupe","niceName":"coupe"},"trim":"Base"},{"id":100330766,"name":"Rwd 2dr Coupe w/Leather (3.5L 6cyl 5A)","submodel":{"body":"Coupe","modelName":"G35 Coupe","niceName":"coupe"},"trim":"Base"},{"id":100330765,"name":"Rwd 2dr Coupe (3.5L 6cyl 5A)","submodel":{"body":"Coupe","modelName":"G35 Coupe","niceName":"coupe"},"trim":"Base"},{"id":100358892,"name":"AWD 4dr Sedan w/Leather (3.5L 6cyl 5A)","submodel":{"body":"Sedan","modelName":"G35 Sedan","niceName":"sedan"},"trim":"Base"},{"id":100330756,"name":"Rwd 4dr Sedan (3.5L 6cyl 5A)","submodel":{"body":"Sedan","modelName":"G35 Sedan","niceName":"sedan"},"trim":"Base"},{"id":100330755,"name":"Rwd 4dr Sedan w/Leather (3.5L 6cyl 5A)","submodel":{"body":"Sedan","modelName":"G35 Sedan","niceName":"sedan"},"trim":"Base"},{"id":100330757,"name":"Rwd 4dr Sedan w/Leather (3.5L 6cyl 6M)","submodel":{"body":"Sedan","modelName":"G35 Sedan","niceName":"sedan"},"trim":"Base"}]},{"id":100505192,"year":2005,"styles":[{"id":100489067,"name":"Rwd 2dr Coupe (3.5L 6cyl 5A)","submodel":{"body":"Coupe","modelName":"G35 Coupe","niceName":"coupe"},"trim":"Base"},{"id":100489068,"name":"Rwd 2dr Coupe (3.5L 6cyl 6M)","submodel":{"body":"Coupe","modelName":"G35 Coupe","niceName":"coupe"},"trim":"Base"},{"id":100489071,"name":"x AWD 4dr Sedan (3.5L 6cyl 5A)","submodel":{"body":"Sedan","modelName":"G35 Sedan","niceName":"sedan"},"trim":"x"},{"id":100489069,"name":"Rwd 4dr Sedan (3.5L 6cyl 5A)","submodel":{"body":"Sedan","modelName":"G35 Sedan","niceName":"sedan"},"trim":"Base"},{"id":100489070,"name":"Rwd 4dr Sedan (3.5L 6cyl 6M)","submodel":{"body":"Sedan","modelName":"G35 Sedan","niceName":"sedan"},"trim":"Base"}]},{"id":100506661,"year":2006,"styles":[{"id":100632260,"name":"2dr Coupe (3.5L 6cyl 5A)","submodel":{"body":"Coupe","modelName":"G35 Coupe","niceName":"coupe"},"trim":"Base"},{"id":100632262,"name":"4dr Sedan (3.5L 6cyl 5A)","submodel":{"body":"Sedan","modelName":"G35 Sedan","niceName":"sedan"},"trim":"Base"},{"id":100632261,"name":"2dr Coupe (3.5L 6cyl 6M)","submodel":{"body":"Coupe","modelName":"G35 Coupe","niceName":"coupe"},"trim":"Base"},{"id":100632263,"name":"4dr Sedan (3.5L 6cyl 6M)","submodel":{"body":"Sedan","modelName":"G35 Sedan","niceName":"sedan"},"trim":"Base"},{"id":100632266,"name":"x 4dr Sedan AWD (3.5L 6cyl 5A)","submodel":{"body":"Sedan","modelName":"G35 Sedan","niceName":"sedan"},"trim":"x"}]},{"id":100507179,"year":2007,"styles":[{"id":100822708,"name":"Journey 4dr Sedan (3.5L 6cyl 5A)","submodel":{"body":"Sedan","modelName":"G35 Sedan","niceName":"sedan"},"trim":"Journey"},{"id":100822711,"name":"Sport 4dr Sedan (3.5L 6cyl 6M)","submodel":{"body":"Sedan","modelName":"G35 Sedan","niceName":"sedan"},"trim":"Sport"},{"id":100819282,"name":"2dr Coupe (3.5L 6cyl 6M)","submodel":{"body":"Coupe","modelName":"G35 Coupe","niceName":"coupe"},"trim":"Base"},{"id":100822709,"name":"x 4dr Sedan AWD (3.5L 6cyl 5A)","submodel":{"body":"Sedan","modelName":"G35 Sedan","niceName":"sedan"},"trim":"x"},{"id":100819281,"name":"2dr Coupe (3.5L 6cyl 5A)","submodel":{"body":"Coupe","modelName":"G35 Coupe","niceName":"coupe"},"trim":"Base"},{"id":100822710,"name":"Sport 4dr Sedan (3.5L 6cyl 5A)","submodel":{"body":"Sedan","modelName":"G35 Sedan","niceName":"sedan"},"trim":"Sport"},{"id":100822701,"name":"4dr Sedan (3.5L 6cyl 5A)","submodel":{"body":"Sedan","modelName":"G35 Sedan","niceName":"sedan"},"trim":"Base"}]},{"id":100523589,"year":2008,"styles":[{"id":100943746,"name":"4dr Sedan (3.5L 6cyl 5A)","submodel":{"body":"Sedan","modelName":"G35 Sedan","niceName":"sedan"},"trim":"Base"},{"id":100943790,"name":"Sport 4dr Sedan (3.5L 6cyl 6M)","submodel":{"body":"Sedan","modelName":"G35 Sedan","niceName":"sedan"},"trim":"Sport"},{"id":100943789,"name":"x 4dr Sedan AWD (3.5L 6cyl 5A)","submodel":{"body":"Sedan","modelName":"G35 Sedan","niceName":"sedan"},"trim":"x"},{"id":100943788,"name":"Journey 4dr Sedan (3.5L 6cyl 5A)","submodel":{"body":"Sedan","modelName":"G35 Sedan","niceName":"sedan"},"trim":"Journey"}]}]},{"id":"Infiniti_G37","name":"G37","niceName":"g37","years":[{"id":100522871,"year":2008,"styles":[{"id":100912606,"name":"Sport 2dr Coupe (3.7L 6cyl 6M)","submodel":{"body":"Coupe","modelName":"G37 Coupe","niceName":"coupe"},"trim":"Sport"},{"id":100912605,"name":"Journey 2dr Coupe (3.7L 6cyl 5A)","submodel":{"body":"Coupe","modelName":"G37 Coupe","niceName":"coupe"},"trim":"Journey"},{"id":100912604,"name":"2dr Coupe (3.7L 6cyl 5A)","submodel":{"body":"Coupe","modelName":"G37 Coupe","niceName":"coupe"},"trim":"Base"}]},{"id":100526033,"year":2009,"styles":[{"id":101115174,"name":"4dr Sedan (3.7L 6cyl 7A)","submodel":{"body":"Sedan","modelName":"G37 Sedan","niceName":"sedan"},"trim":"Base"},{"id":101174016,"name":"Sport 2dr Convertible (3.7L 6cyl 6M)","submodel":{"body":"Convertible","modelName":"G37 Convertible","niceName":"convertible"},"trim":"Sport"},{"id":101114934,"name":"Journey 2dr Coupe (3.7L 6cyl 7A)","submodel":{"body":"Coupe","modelName":"G37 Coupe","niceName":"coupe"},"trim":"Journey"},{"id":101115175,"name":"Journey 4dr Sedan (3.7L 6cyl 7A)","submodel":{"body":"Sedan","modelName":"G37 Sedan","niceName":"sedan"},"trim":"Journey"},{"id":101114933,"name":"2dr Coupe (3.7L 6cyl 7A)","submodel":{"body":"Coupe","modelName":"G37 Coupe","niceName":"coupe"},"trim":"Base"},{"id":101114952,"name":"x 2dr Coupe AWD (3.7L 6cyl 7A)","submodel":{"body":"Coupe","modelName":"G37 Coupe","niceName":"coupe"},"trim":"x"},{"id":101115176,"name":"x 4dr Sedan AWD (3.7L 6cyl 7A)","submodel":{"body":"Sedan","modelName":"G37 Sedan","niceName":"sedan"},"trim":"x"},{"id":101115347,"name":"S Sport 4dr Sedan (3.7L 6cyl 6M)","submodel":{"body":"Sedan","modelName":"G37 Sedan","niceName":"sedan"},"trim":"S Sport"},{"id":101155277,"name":"2dr Convertible (3.7L 6cyl 7A)","submodel":{"body":"Convertible","modelName":"G37 Convertible","niceName":"convertible"},"trim":"Base"},{"id":101115147,"name":"S Sport 2dr Coupe (3.7L 6cyl 6M)","submodel":{"body":"Coupe","modelName":"G37 Coupe","niceName":"coupe"},"trim":"S Sport"}]}]},{"id":"Infiniti_G37_Convertible","name":"G37 Convertible","niceName":"g37-convertible","years":[{"id":100526871,"year":2010,"styles":[{"id":101280775,"name":"2dr Convertible (3.7L 6cyl 7A)","submodel":{"body":"G37 Convertible","modelName":"G37 Convertible","niceName":"g37-convertible"},"trim":"Base"},{"id":101287250,"name":"Anniversary Edition 2dr Convertible (3.7L 6cyl 7A)","submodel":{"body":"G37 Convertible","modelName":"G37 Convertible","niceName":"g37-convertible"},"trim":"Anniversary Edition"},{"id":101280777,"name":"Sport 2dr Convertible (3.7L 6cyl 6M)","submodel":{"body":"G37 Convertible","modelName":"G37 Convertible","niceName":"g37-convertible"},"trim":"Sport"}]}]},{"id":"Infiniti_G37_Coupe","name":"G37 Coupe","niceName":"g37-coupe","years":[{"id":100530930,"year":2010,"styles":[{"id":101270098,"name":"Journey 2dr Coupe (3.7L 6cyl 7A)","submodel":{"body":"G37 Coupe","modelName":"G37 Coupe","niceName":"g37-coupe"},"trim":"Journey"},{"id":101270097,"name":"2dr Coupe (3.7L 6cyl 7A)","submodel":{"body":"G37 Coupe","modelName":"G37 Coupe","niceName":"g37-coupe"},"trim":"Base"},{"id":101270100,"name":"Sport 2dr Coupe (3.7L 6cyl 6M)","submodel":{"body":"G37 Coupe","modelName":"G37 Coupe","niceName":"g37-coupe"},"trim":"Sport"},{"id":101270099,"name":"x 2dr Coupe AWD (3.7L 6cyl 7A)","submodel":{"body":"G37 Coupe","modelName":"G37 Coupe","niceName":"g37-coupe"},"trim":"x"},{"id":101287249,"name":"Anniversary Edition 2dr Coupe (3.7L 6cyl 7A)","submodel":{"body":"G37 Coupe","modelName":"G37 Coupe","niceName":"g37-coupe"},"trim":"Anniversary Edition "}]}]},{"id":"Infiniti_G37_Sedan","name":"G37 Sedan","niceName":"g37-sedan","years":[{"id":100530931,"year":2010,"styles":[{"id":101286690,"name":"x Anniversary Edition 4dr Sedan AWD (3.7L 6cyl 7A)","submodel":{"body":"G37 Sedan","modelName":"G37 Sedan","niceName":"g37-sedan"},"trim":"x Anniversary Edition"},{"id":101286691,"name":"Anniversary Edition 4dr Sedan (3.7L 6cyl 7A)","submodel":{"body":"G37 Sedan","modelName":"G37 Sedan","niceName":"g37-sedan"},"trim":"Anniversary Edition"},{"id":101270102,"name":"Journey 4dr Sedan (3.7L 6cyl 7A)","submodel":{"body":"G37 Sedan","modelName":"G37 Sedan","niceName":"g37-sedan"},"trim":"Journey"},{"id":101270101,"name":"4dr Sedan (3.7L 6cyl 7A)","submodel":{"body":"G37 Sedan","modelName":"G37 Sedan","niceName":"g37-sedan"},"trim":"Base"},{"id":101270104,"name":"Sport 4dr Sedan (3.7L 6cyl 6M)","submodel":{"body":"G37 Sedan","modelName":"G37 Sedan","niceName":"g37-sedan"},"trim":"Sport"},{"id":101270103,"name":"x 4dr Sedan AWD (3.7L 6cyl 7A)","submodel":{"body":"G37 Sedan","modelName":"G37 Sedan","niceName":"g37-sedan"},"trim":"x"}]}]},{"id":"Infiniti_I30","name":"I30","niceName":"i30","years":[{"id":2062,"year":1996,"styles":[{"id":3842,"name":"4dr Sedan","submodel":{"body":"Sedan","modelName":"I30 Sedan","niceName":"sedan"},"trim":"Base"},{"id":3844,"name":"Touring 4dr Sedan","submodel":{"body":"Sedan","modelName":"I30 Sedan","niceName":"sedan"},"trim":"Touring"}]},{"id":802,"year":1997,"styles":[{"id":646,"name":"Touring 4dr Sedan","submodel":{"body":"Sedan","modelName":"I30 Sedan","niceName":"sedan"},"trim":"Touring"},{"id":644,"name":"4dr Sedan","submodel":{"body":"Sedan","modelName":"I30 Sedan","niceName":"sedan"},"trim":"Base"}]},{"id":2063,"year":1998,"styles":[{"id":13195,"name":"Touring 4dr Sedan","submodel":{"body":"Sedan","modelName":"I30 Sedan","niceName":"sedan"},"trim":"Touring"},{"id":13193,"name":"4dr Sedan","submodel":{"body":"Sedan","modelName":"I30 Sedan","niceName":"sedan"},"trim":"Base"}]},{"id":3543,"year":1999,"styles":[{"id":14130,"name":"4dr Sedan","submodel":{"body":"Sedan","modelName":"I30 Sedan","niceName":"sedan"},"trim":"Base"},{"id":14134,"name":"Touring 4dr Sedan","submodel":{"body":"Sedan","modelName":"I30 Sedan","niceName":"sedan"},"trim":"Touring"}]},{"id":513,"year":2000,"styles":[{"id":11759,"name":"Touring 4dr Sedan","submodel":{"body":"Sedan","modelName":"I30 Sedan","niceName":"sedan"},"trim":"Touring"},{"id":11758,"name":"4dr Sedan","submodel":{"body":"Sedan","modelName":"I30 Sedan","niceName":"sedan"},"trim":"Base"}]},{"id":100000137,"year":2001,"styles":[{"id":100001308,"name":"4dr Sedan (3.0L 6cyl 4A)","submodel":{"body":"Sedan","modelName":"I30 Sedan","niceName":"sedan"},"trim":"Base"},{"id":100001309,"name":"Touring 4dr Sedan (3.0L 6cyl 4A)","submodel":{"body":"Sedan","modelName":"I30 Sedan","niceName":"sedan"},"trim":"Touring"}]}]},{"id":"Infiniti_I35","name":"I35","niceName":"i35","years":[{"id":100000355,"year":2002,"styles":[{"id":100002325,"name":"4dr Sedan (3.5L 6cyl 4A)","submodel":{"body":"Sedan","modelName":"I35 Sedan","niceName":"sedan"},"trim":"Base"}]},{"id":100502815,"year":2003,"styles":[{"id":100183175,"name":"4dr Sedan (3.5L 6cyl 4A)","submodel":{"body":"Sedan","modelName":"I35 Sedan","niceName":"sedan"},"trim":"Base"}]},{"id":100503583,"year":2004,"styles":[{"id":100330774,"name":"4dr Sedan (3.5L 6cyl 4A)","submodel":{"body":"Sedan","modelName":"I35 Sedan","niceName":"sedan"},"trim":"Base"}]}]},{"id":"Infiniti_J30","name":"J30","niceName":"j30","years":[{"id":2064,"year":1993,"styles":[{"id":3801,"name":"4dr Sedan","submodel":{"body":"Sedan","modelName":"J30 Sedan","niceName":"sedan"},"trim":"Base"}]},{"id":803,"year":1994,"styles":[{"id":3797,"name":"4dr Sedan","submodel":{"body":"Sedan","modelName":"J30 Sedan","niceName":"sedan"},"trim":"Base"}]},{"id":2065,"year":1995,"styles":[{"id":3853,"name":"4dr Sedan","submodel":{"body":"Sedan","modelName":"J30 Sedan","niceName":"sedan"},"trim":"Base"}]},{"id":2066,"year":1996,"styles":[{"id":3845,"name":"4dr Sedan","submodel":{"body":"Sedan","modelName":"J30 Sedan","niceName":"sedan"},"trim":"Base"},{"id":3847,"name":"Touring 4dr Sedan","submodel":{"body":"Sedan","modelName":"J30 Sedan","niceName":"sedan"},"trim":"Touring"}]},{"id":804,"year":1997,"styles":[{"id":3840,"name":"Touring 4dr Sedan","submodel":{"body":"Sedan","modelName":"J30 Sedan","niceName":"sedan"},"trim":"Touring"},{"id":3837,"name":"Touring 4dr Sedan (1997.5)","submodel":{"body":"Sedan","modelName":"J30 Sedan","niceName":"sedan"},"trim":"Touring (1997.5)"},{"id":3835,"name":"4dr Sedan (1997.5)","submodel":{"body":"Sedan","modelName":"J30 Sedan","niceName":"sedan"},"trim":"Base (1997.5)"},{"id":12619,"name":"4dr Sedan","submodel":{"body":"Sedan","modelName":"J30 Sedan","niceName":"sedan"},"trim":"Base"}]}]},{"id":"Infiniti_JX","name":"JX","niceName":"jx","years":[{"id":100535129,"year":2013,"styles":[{"id":101385284,"name":"JX35 4dr SUV (3.5L 6cyl CVT)","submodel":{"body":"SUV","modelName":"JX SUV","niceName":"suv"},"trim":"JX35"},{"id":101417939,"name":"JX35 4dr SUV AWD (3.5L 6cyl CVT)","submodel":{"body":"SUV","modelName":"JX SUV","niceName":"suv"},"trim":"JX35"}]}]},{"id":"Infiniti_M","name":"M","niceName":"m","years":[{"id":100534509,"year":2012,"styles":[{"id":101379780,"name":"M56 4dr Sedan (5.6L 8cyl 7A)","submodel":{"body":"Sedan","modelName":"M Sedan","niceName":"sedan"},"trim":"M56"},{"id":101379781,"name":"M56x 4dr Sedan AWD (5.6L 8cyl 7A)","submodel":{"body":"Sedan","modelName":"M Sedan","niceName":"sedan"},"trim":"M56x"},{"id":101379782,"name":"M35h 4dr Sedan (3.5L 6cyl gas/electric hybrid 7A)","submodel":{"body":"Sedan","fuel":"Hybrid","modelName":"M Hybrid","niceName":"hybrid"},"trim":"M35h"},{"id":101379749,"name":"M37 4dr Sedan (3.7L 6cyl 7A)","submodel":{"body":"Sedan","modelName":"M Sedan","niceName":"sedan"},"trim":"M37"},{"id":101379750,"name":"M37x 4dr Sedan AWD (3.7L 6cyl 7A)","submodel":{"body":"Sedan","modelName":"M Sedan","niceName":"sedan"},"trim":"M37x"}]},{"id":200428546,"year":2013,"styles":[{"id":200428551,"name":"M35h 4dr Sedan (3.5L 6cyl gas/electric hybrid 7A)","submodel":{"body":"Sedan","fuel":"Hybrid","modelName":"M Hybrid","niceName":"hybrid"},"trim":"M35h"},{"id":200428550,"name":"M56x 4dr Sedan AWD (5.6L 8cyl 7A)","submodel":{"body":"Sedan","modelName":"M Sedan","niceName":"sedan"},"trim":"M56x"},{"id":200428549,"name":"M56 4dr Sedan (5.6L 8cyl 7A)","submodel":{"body":"Sedan","modelName":"M Sedan","niceName":"sedan"},"trim":"M56"},{"id":200428548,"name":"M37x 4dr Sedan AWD (3.7L 6cyl 7A)","submodel":{"body":"Sedan","modelName":"M Sedan","niceName":"sedan"},"trim":"M37x"},{"id":200428547,"name":"M37 4dr Sedan (3.7L 6cyl 7A)","submodel":{"body":"Sedan","modelName":"M Sedan","niceName":"sedan"},"trim":"M37"}]}]},{"id":"Infiniti_M30","name":"M30","niceName":"m30","years":[{"id":2068,"year":1990,"styles":[{"id":3812,"name":"2dr Coupe","submodel":{"body":"Coupe","modelName":"M30 Coupe","niceName":"coupe"},"trim":"Base"}]},{"id":805,"year":1991,"styles":[{"id":3809,"name":"2dr Convertible","submodel":{"body":"Convertible","modelName":"M30 Convertible","niceName":"convertible"},"trim":"Base"},{"id":3810,"name":"2dr Coupe","submodel":{"body":"Coupe","modelName":"M30 Coupe","niceName":"coupe"},"trim":"Base"}]},{"id":2069,"year":1992,"styles":[{"id":3804,"name":"2dr Convertible","submodel":{"body":"Convertible","modelName":"M30 Convertible","niceName":"convertible"},"trim":"Base"},{"id":3805,"name":"2dr Coupe","submodel":{"body":"Coupe","modelName":"M30 Coupe","niceName":"coupe"},"trim":"Base"}]}]},{"id":"Infiniti_M35","name":"M35","niceName":"m35","years":[{"id":100505466,"year":2006,"styles":[{"id":100507960,"name":"4dr Sedan AWD (3.5L 6cyl 5A)","submodel":{"body":"Sedan","modelName":"M35 Sedan","niceName":"sedan"},"trim":"Base"},{"id":100507959,"name":"4dr Sedan (3.5L 6cyl 5A)","submodel":{"body":"Sedan","modelName":"M35 Sedan","niceName":"sedan"},"trim":"Base"},{"id":100507961,"name":"Sport 4dr Sedan (3.5L 6cyl 5A)","submodel":{"body":"Sedan","modelName":"M35 Sedan","niceName":"sedan"},"trim":"Sport"}]},{"id":100516861,"year":2007,"styles":[{"id":100757541,"name":"x 4dr Sedan AWD (3.5L 6cyl 5A)","submodel":{"body":"Sedan","modelName":"M35 Sedan","niceName":"sedan"},"trim":"x"},{"id":100757542,"name":"Sport 4dr Sedan (3.5L 6cyl 5A)","submodel":{"body":"Sedan","modelName":"M35 Sedan","niceName":"sedan"},"trim":"Sport"},{"id":100757540,"name":"4dr Sedan (3.5L 6cyl 5A)","submodel":{"body":"Sedan","modelName":"M35 Sedan","niceName":"sedan"},"trim":"Base"}]},{"id":100524610,"year":2008,"styles":[{"id":100959694,"name":"x 4dr Sedan AWD (3.5L 6cyl 5A)","submodel":{"body":"Sedan","modelName":"M35 Sedan","niceName":"sedan"},"trim":"x"},{"id":100959693,"name":"4dr Sedan (3.5L 6cyl 5A)","submodel":{"body":"Sedan","modelName":"M35 Sedan","niceName":"sedan"},"trim":"Base"}]},{"id":100525410,"year":2009,"styles":[{"id":101119905,"name":"4dr Sedan (3.5L 6cyl 7A)","submodel":{"body":"Sedan","modelName":"M35 Sedan","niceName":"sedan"},"trim":"Base"},{"id":101119907,"name":"x 4dr Sedan AWD (3.5L 6cyl 5A)","submodel":{"body":"Sedan","modelName":"M35 Sedan","niceName":"sedan"},"trim":"x"}]},{"id":100529669,"year":2010,"styles":[{"id":101215342,"name":"4dr Sedan (3.5L 6cyl 7A)","submodel":{"body":"Sedan","modelName":"M35 Sedan","niceName":"sedan"},"trim":"Base"},{"id":101215343,"name":"x 4dr Sedan AWD (3.5L 6cyl 5A)","submodel":{"body":"Sedan","modelName":"M35 Sedan","niceName":"sedan"},"trim":"x"}]}]},{"id":"Infiniti_M37","name":"M37","niceName":"m37","years":[{"id":100531149,"year":2011,"styles":[{"id":101282433,"name":"x 4dr Sedan AWD (3.7L 6cyl 7A)","submodel":{"body":"Sedan","modelName":"M37 Sedan","niceName":"sedan"},"trim":"x"},{"id":101282432,"name":"4dr Sedan (3.7L 6cyl 7A)","submodel":{"body":"Sedan","modelName":"M37 Sedan","niceName":"sedan"},"trim":"Base"}]}]},{"id":"Infiniti_M45","name":"M45","niceName":"m45","years":[{"id":100502682,"year":2003,"styles":[{"id":100180490,"name":"4dr Sedan (4.5L 8cyl 5A)","submodel":{"body":"Sedan","modelName":"M45 Sedan","niceName":"sedan"},"trim":"Base"}]},{"id":100503584,"year":2004,"styles":[{"id":100330775,"name":"4dr Sedan (4.5L 8cyl 5A)","submodel":{"body":"Sedan","modelName":"M45 Sedan","niceName":"sedan"},"trim":"Base"}]},{"id":100504142,"year":2006,"styles":[{"id":100507856,"name":"Sport 4dr Sedan (4.5L 8cyl 5A)","submodel":{"body":"Sedan","modelName":"M45 Sedan","niceName":"sedan"},"trim":"Sport"},{"id":100507821,"name":"4dr Sedan (4.5L 8cyl 5A)","submodel":{"body":"Sedan","modelName":"M45 Sedan","niceName":"sedan"},"trim":"Base"}]},{"id":100516862,"year":2007,"styles":[{"id":100757625,"name":"4dr Sedan (4.5L 8cyl 5A)","submodel":{"body":"Sedan","modelName":"M45 Sedan","niceName":"sedan"},"trim":"Base"},{"id":100757626,"name":"Sport 4dr Sedan (4.5L 8cyl 5A)","submodel":{"body":"Sedan","modelName":"M45 Sedan","niceName":"sedan"},"trim":"Sport"}]},{"id":100524611,"year":2008,"styles":[{"id":100959725,"name":"4dr Sedan (4.5L 8cyl 5A)","submodel":{"body":"Sedan","modelName":"M45 Sedan","niceName":"sedan"},"trim":"Base"},{"id":100959726,"name":"x 4dr Sedan AWD (4.5L 8cyl 5A)","submodel":{"body":"Sedan","modelName":"M45 Sedan","niceName":"sedan"},"trim":"x"}]},{"id":100525411,"year":2009,"styles":[{"id":101119906,"name":"4dr Sedan (4.5L 8cyl 5A)","submodel":{"body":"Sedan","modelName":"M45 Sedan","niceName":"sedan"},"trim":"Base"},{"id":101119908,"name":"x 4dr Sedan AWD (4.5L 8cyl 5A)","submodel":{"body":"Sedan","modelName":"M45 Sedan","niceName":"sedan"},"trim":"x"}]},{"id":100529670,"year":2010,"styles":[{"id":101215716,"name":"4dr Sedan (4.5L 8cyl 5A)","submodel":{"body":"Sedan","modelName":"M45 Sedan","niceName":"sedan"},"trim":"Base"},{"id":101215727,"name":"x 4dr Sedan AWD (4.5L 8cyl 5A)","submodel":{"body":"Sedan","modelName":"M45 Sedan","niceName":"sedan"},"trim":"x"}]}]},{"id":"Infiniti_M56","name":"M56","niceName":"m56","years":[{"id":100529031,"year":2011,"styles":[{"id":101213337,"name":"4dr Sedan (5.6L 8cyl 7A)","submodel":{"body":"Sedan","modelName":"M56 Sedan","niceName":"sedan"},"trim":"Base"},{"id":101282449,"name":"x 4dr Sedan AWD (5.6L 8cyl 7A)","submodel":{"body":"Sedan","modelName":"M56 Sedan","niceName":"sedan"},"trim":"x"}]}]},{"id":"Infiniti_Q40","name":"Q40","niceName":"q40","years":[{"id":200714132,"year":2015,"styles":[{"id":200714134,"name":"4dr Sedan AWD (3.7L 6cyl 7A)","submodel":{"body":"Sedan","modelName":"Q40 Sedan","niceName":"sedan"},"trim":"Base"},{"id":200714133,"name":"4dr Sedan (3.7L 6cyl 7A)","submodel":{"body":"Sedan","modelName":"Q40 Sedan","niceName":"sedan"},"trim":"Base"}]}]},{"id":"Infiniti_Q45","name":"Q45","niceName":"q45","years":[{"id":2070,"year":1990,"styles":[{"id":3813,"name":"4dr Sedan","submodel":{"body":"Sedan","modelName":"Q45 Sedan","niceName":"sedan"},"trim":"Base"}]},{"id":2071,"year":1991,"styles":[{"id":3811,"name":"4dr Sedan","submodel":{"body":"Sedan","modelName":"Q45 Sedan","niceName":"sedan"},"trim":"Base"},{"id":3808,"name":"A 4dr Sedan","submodel":{"body":"Sedan","modelName":"Q45 Sedan","niceName":"sedan"},"trim":"A"}]},{"id":661,"year":1992,"styles":[{"id":3803,"name":"A 4dr Sedan","submodel":{"body":"Sedan","modelName":"Q45 Sedan","niceName":"sedan"},"trim":"A"},{"id":3806,"name":"4dr Sedan","submodel":{"body":"Sedan","modelName":"Q45 Sedan","niceName":"sedan"},"trim":"Base"}]},{"id":2072,"year":1993,"styles":[{"id":3799,"name":"A 4dr Sedan","submodel":{"body":"Sedan","modelName":"Q45 Sedan","niceName":"sedan"},"trim":"A"},{"id":3800,"name":"4dr Sedan","submodel":{"body":"Sedan","modelName":"Q45 Sedan","niceName":"sedan"},"trim":"Base"}]},{"id":2073,"year":1994,"styles":[{"id":3796,"name":"4dr Sedan","submodel":{"body":"Sedan","modelName":"Q45 Sedan","niceName":"sedan"},"trim":"Base"},{"id":3855,"name":"A 4dr Sedan","submodel":{"body":"Sedan","modelName":"Q45 Sedan","niceName":"sedan"},"trim":"A"}]},{"id":2074,"year":1995,"styles":[{"id":3851,"name":"A 4dr Sedan","submodel":{"body":"Sedan","modelName":"Q45 Sedan","niceName":"sedan"},"trim":"A"},{"id":3852,"name":"4dr Sedan","submodel":{"body":"Sedan","modelName":"Q45 Sedan","niceName":"sedan"},"trim":"Base"}]},{"id":2075,"year":1996,"styles":[{"id":3846,"name":"4dr Sedan","submodel":{"body":"Sedan","modelName":"Q45 Sedan","niceName":"sedan"},"trim":"Base"},{"id":3848,"name":"Touring 4dr Sedan","submodel":{"body":"Sedan","modelName":"Q45 Sedan","niceName":"sedan"},"trim":"Touring"}]},{"id":2076,"year":1997,"styles":[{"id":3839,"name":"Touring 4dr Sedan","submodel":{"body":"Sedan","modelName":"Q45 Sedan","niceName":"sedan"},"trim":"Touring"},{"id":3838,"name":"4dr Sedan","submodel":{"body":"Sedan","modelName":"Q45 Sedan","niceName":"sedan"},"trim":"Base"},{"id":3836,"name":"Touring 4dr Sedan (1997.5)","submodel":{"body":"Sedan","modelName":"Q45 Sedan","niceName":"sedan"},"trim":"Touring (1997.5)"},{"id":151,"name":"4dr Sedan (1997.5)","submodel":{"body":"Sedan","modelName":"Q45 Sedan","niceName":"sedan"},"trim":"Base (1997.5)"}]},{"id":662,"year":1998,"styles":[{"id":13230,"name":"4dr Sedan","submodel":{"body":"Sedan","modelName":"Q45 Sedan","niceName":"sedan"},"trim":"Base"},{"id":3832,"name":"Touring 4dr Sedan","submodel":{"body":"Sedan","modelName":"Q45 Sedan","niceName":"sedan"},"trim":"Touring"}]},{"id":3544,"year":1999,"styles":[{"id":13337,"name":"4dr Sedan","submodel":{"body":"Sedan","modelName":"Q45 Sedan","niceName":"sedan"},"trim":"Base"},{"id":11516,"name":"Touring 4dr Sedan","submodel":{"body":"Sedan","modelName":"Q45 Sedan","niceName":"sedan"},"trim":"Touring"}]},{"id":396,"year":2000,"styles":[{"id":2924,"name":"Touring 4dr Sedan","submodel":{"body":"Sedan","modelName":"Q45 Sedan","niceName":"sedan"},"trim":"Touring"},{"id":2923,"name":"4dr Sedan","submodel":{"body":"Sedan","modelName":"Q45 Sedan","niceName":"sedan"},"trim":"Base"},{"id":12728,"name":"Anniversary 4dr Sedan","submodel":{"body":"Sedan","modelName":"Q45 Sedan","niceName":"sedan"},"trim":"Anniversary"}]},{"id":100000134,"year":2001,"styles":[{"id":100001310,"name":"Luxury 4dr Sedan (4.1L 8cyl 4A)","submodel":{"body":"Sedan","modelName":"Q45 Sedan","niceName":"sedan"},"trim":"Luxury"},{"id":100001311,"name":"Touring 4dr Sedan (4.1L 8cyl 4A)","submodel":{"body":"Sedan","modelName":"Q45 Sedan","niceName":"sedan"},"trim":"Touring"}]},{"id":100000310,"year":2002,"styles":[{"id":100002165,"name":"4dr Sedan (4.5L 8cyl 5A)","submodel":{"body":"Sedan","modelName":"Q45 Sedan","niceName":"sedan"},"trim":"Base"}]},{"id":100502816,"year":2003,"styles":[{"id":100202677,"name":"Premium 4dr Sedan (4.5L 8cyl 5A)","submodel":{"body":"Sedan","modelName":"Q45 Sedan","niceName":"sedan"},"trim":"Premium"},{"id":100202678,"name":"Luxury 4dr Sedan (4.5L 8cyl 5A)","submodel":{"body":"Sedan","modelName":"Q45 Sedan","niceName":"sedan"},"trim":"Luxury"}]},{"id":100503585,"year":2004,"styles":[{"id":100330777,"name":"Luxury 4dr Sedan (4.5L 8cyl 5A)","submodel":{"body":"Sedan","modelName":"Q45 Sedan","niceName":"sedan"},"trim":"Luxury"},{"id":100330776,"name":"Premium 4dr Sedan (4.5L 8cyl 5A)","submodel":{"body":"Sedan","modelName":"Q45 Sedan","niceName":"sedan"},"trim":"Premium"}]},{"id":100504342,"year":2005,"styles":[{"id":100394780,"name":"4dr Sedan (4.5L 8cyl 5A)","submodel":{"body":"Sedan","modelName":"Q45 Sedan","niceName":"sedan"},"trim":"Base"}]},{"id":100506662,"year":2006,"styles":[{"id":100634485,"name":"Sport 4dr Sedan (4.5L 8cyl 5A)","submodel":{"body":"Sedan","modelName":"Q45 Sedan","niceName":"sedan"},"trim":"Sport"}]}]},{"id":"Infiniti_Q50","name":"Q50","niceName":"q50","years":[{"id":200459660,"year":2014,"styles":[{"id":200467711,"name":"Hybrid Premium 4dr Sedan AWD (3.5L 6cyl gas/electric hybrid 7A)","submodel":{"body":"Sedan","fuel":"Hybrid","modelName":"Q50 Hybrid","niceName":"hybrid"},"trim":"Hybrid Premium"},{"id":200467712,"name":"Hybrid Sport 4dr Sedan (3.5L 6cyl gas/electric hybrid 7A)","submodel":{"body":"Sedan","fuel":"Hybrid","modelName":"Q50 Hybrid","niceName":"hybrid"},"trim":"Hybrid Sport"},{"id":200467708,"name":"Hybrid Premium 4dr Sedan (3.5L 6cyl gas/electric hybrid 7A)","submodel":{"body":"Sedan","fuel":"Hybrid","modelName":"Q50 Hybrid","niceName":"hybrid"},"trim":"Hybrid Premium"},{"id":200459661,"name":"4dr Sedan (3.7L 6cyl 7A)","submodel":{"body":"Sedan","modelName":"Q50 Sedan","niceName":"sedan"},"trim":"Base"},{"id":200467701,"name":"Sport 4dr Sedan AWD (3.7L 6cyl 7A)","submodel":{"body":"Sedan","modelName":"Q50 Sedan","niceName":"sedan"},"trim":"Sport"},{"id":200467682,"name":"4dr Sedan AWD (3.7L 6cyl 7A)","submodel":{"body":"Sedan","modelName":"Q50 Sedan","niceName":"sedan"},"trim":"Base"},{"id":200467684,"name":"Premium 4dr Sedan AWD (3.7L 6cyl 7A)","submodel":{"body":"Sedan","modelName":"Q50 Sedan","niceName":"sedan"},"trim":"Premium"},{"id":200467683,"name":"Premium 4dr Sedan (3.7L 6cyl 7A)","submodel":{"body":"Sedan","modelName":"Q50 Sedan","niceName":"sedan"},"trim":"Premium"},{"id":200467700,"name":"Sport 4dr Sedan (3.7L 6cyl 7A)","submodel":{"body":"Sedan","modelName":"Q50 Sedan","niceName":"sedan"},"trim":"Sport"},{"id":200467713,"name":"Hybrid Sport 4dr Sedan AWD (3.5L 6cyl gas/electric hybrid 7A)","submodel":{"body":"Sedan","fuel":"Hybrid","modelName":"Q50 Hybrid","niceName":"hybrid"},"trim":"Hybrid Sport"}]},{"id":200717535,"year":2015,"styles":[{"id":200717600,"name":"Hybrid Premium 4dr Sedan (3.5L 6cyl gas/electric hybrid 7A)","submodel":{"body":"Sedan","fuel":"Hybrid","modelName":"Q50 Hybrid","niceName":"hybrid"},"trim":"Hybrid Premium"},{"id":200717599,"name":"4dr Sedan AWD (3.7L 6cyl 7A)","submodel":{"body":"Sedan","modelName":"Q50 Sedan","niceName":"sedan"},"trim":"Base"},{"id":200717598,"name":"4dr Sedan (3.7L 6cyl 7A)","submodel":{"body":"Sedan","modelName":"Q50 Sedan","niceName":"sedan"},"trim":"Base"},{"id":200717601,"name":"Hybrid Premium 4dr Sedan AWD (3.5L 6cyl gas/electric hybrid 7A)","submodel":{"body":"Sedan","fuel":"Hybrid","modelName":"Q50 Hybrid","niceName":"hybrid"},"trim":"Hybrid Premium"},{"id":200717602,"name":"Hybrid Sport 4dr Sedan (3.5L 6cyl gas/electric hybrid 7A)","submodel":{"body":"Sedan","fuel":"Hybrid","modelName":"Q50 Hybrid","niceName":"hybrid"},"trim":"Hybrid Sport"},{"id":200717603,"name":"Hybrid Sport 4dr Sedan AWD (3.5L 6cyl gas/electric hybrid 7A)","submodel":{"body":"Sedan","fuel":"Hybrid","modelName":"Q50 Hybrid","niceName":"hybrid"},"trim":"Hybrid Sport"},{"id":200717604,"name":"Premium 4dr Sedan (3.7L 6cyl 7A)","submodel":{"body":"Sedan","modelName":"Q50 Sedan","niceName":"sedan"},"trim":"Premium"},{"id":200717605,"name":"Premium 4dr Sedan AWD (3.7L 6cyl 7A)","submodel":{"body":"Sedan","modelName":"Q50 Sedan","niceName":"sedan"},"trim":"Premium"},{"id":200717606,"name":"Sport 4dr Sedan (3.7L 6cyl 7A)","submodel":{"body":"Sedan","modelName":"Q50 Sedan","niceName":"sedan"},"trim":"Sport"},{"id":200717607,"name":"Sport 4dr Sedan AWD (3.7L 6cyl 7A)","submodel":{"body":"Sedan","modelName":"Q50 Sedan","niceName":"sedan"},"trim":"Sport"}]},{"id":401630272,"year":2016,"styles":[{"id":401630287,"name":"2.0t 4dr Sedan (2.0L 4cyl Turbo 7A)","submodel":{"body":"Sedan","modelName":"Q50 Sedan","niceName":"sedan"},"trim":"2.0t"},{"id":401640703,"name":"Red Sport 400 4dr Sedan (3.0L 6cyl Turbo 7A)","submodel":{"body":"Sedan","modelName":"Q50 Sedan","niceName":"sedan"},"trim":"Red Sport 400"},{"id":401632500,"name":"2.0t Premium 4dr Sedan AWD (2.0L 4cyl Turbo 7A)","submodel":{"body":"Sedan","modelName":"Q50 Sedan","niceName":"sedan"},"trim":"2.0t Premium"},{"id":401640702,"name":"Red Sport 400 4dr Sedan AWD (3.0L 6cyl Turbo 7A)","submodel":{"body":"Sedan","modelName":"Q50 Sedan","niceName":"sedan"},"trim":"Red Sport 400"},{"id":401632499,"name":"2.0t Premium 4dr Sedan (2.0L 4cyl Turbo 7A)","submodel":{"body":"Sedan","modelName":"Q50 Sedan","niceName":"sedan"},"trim":"2.0t Premium"},{"id":401645860,"name":"Sport 4dr Sedan AWD (3.0L 6cyl Turbo 7A)","submodel":{"body":"Sedan","modelName":"Q50 Sedan","niceName":"sedan"},"trim":"Sport"},{"id":401632502,"name":"Hybrid Premium 4dr Sedan AWD (3.5L 6cyl gas/electric hybrid 7A)","submodel":{"body":"Sedan","fuel":"Hybrid","modelName":"Q50 Hybrid","niceName":"hybrid"},"trim":"Hybrid Premium"},{"id":401645861,"name":"3.0t Premium 4dr Sedan AWD (3.0L 6cyl Turbo 7A)","submodel":{"body":"Sedan","modelName":"Q50 Sedan","niceName":"sedan"},"trim":"3.0t Premium"},{"id":401632501,"name":"Hybrid Premium 4dr Sedan (3.5L 6cyl gas/electric hybrid 7A)","submodel":{"body":"Sedan","fuel":"Hybrid","modelName":"Q50 Hybrid","niceName":"hybrid"},"trim":"Hybrid Premium"},{"id":401645862,"name":"Sport 4dr Sedan (3.0L 6cyl Turbo 7A)","submodel":{"body":"Sedan","modelName":"Q50 Sedan","niceName":"sedan"},"trim":"Sport"},{"id":401632426,"name":"2.0t 4dr Sedan AWD (2.0L 4cyl Turbo 7A)","submodel":{"body":"Sedan","modelName":"Q50 Sedan","niceName":"sedan"},"trim":"2.0t"},{"id":401645863,"name":"3.0t Premium 4dr Sedan (3.0L 6cyl Turbo 7A)","submodel":{"body":"Sedan","modelName":"Q50 Sedan","niceName":"sedan"},"trim":"3.0t Premium"}]}]},{"id":"Infiniti_Q60_Convertible","name":"Q60 Convertible","niceName":"q60-convertible","years":[{"id":200485903,"year":2014,"styles":[{"id":200485906,"name":"IPL 2dr Convertible (3.7L 6cyl 7A)","submodel":{"body":"Q60 Convertible","tuner":"IPL","modelName":"Q60 Convertible IPL","niceName":"ipl"},"trim":"IPL"},{"id":200485905,"name":"2dr Convertible (3.7L 6cyl 7A)","submodel":{"body":"Q60 Convertible","modelName":"Q60 Convertible","niceName":"q60-convertible"},"trim":"Base"},{"id":200485904,"name":"Sport 2dr Convertible (3.7L 6cyl 6M)","submodel":{"body":"Q60 Convertible","modelName":"Q60 Convertible","niceName":"q60-convertible"},"trim":"Sport"}]},{"id":200720198,"year":2015,"styles":[{"id":200720201,"name":"Sport 2dr Convertible (3.7L 6cyl 6M)","submodel":{"body":"Q60 Convertible","modelName":"Q60 Convertible","niceName":"q60-convertible"},"trim":"Sport"},{"id":200720199,"name":"2dr Convertible (3.7L 6cyl 7A)","submodel":{"body":"Q60 Convertible","modelName":"Q60 Convertible","niceName":"q60-convertible"},"trim":"Base"},{"id":200720200,"name":"IPL 2dr Convertible (3.7L 6cyl 7A)","submodel":{"body":"Q60 Convertible","tuner":"IPL","modelName":"Q60 Convertible IPL","niceName":"ipl"},"trim":"IPL"}]}]},{"id":"Infiniti_Q60_Coupe","name":"Q60 Coupe","niceName":"q60-coupe","years":[{"id":200486875,"year":2014,"styles":[{"id":200486876,"name":"IPL 2dr Coupe (3.7L 6cyl 6M)","submodel":{"body":"Q60 Coupe","tuner":"IPL","modelName":"Q60 Coupe IPL","niceName":"ipl"},"trim":"IPL"},{"id":200486879,"name":"IPL 2dr Coupe (3.7L 6cyl 7A)","submodel":{"body":"Q60 Coupe","tuner":"IPL","modelName":"Q60 Coupe IPL","niceName":"ipl"},"trim":"IPL"},{"id":200486880,"name":"2dr Coupe AWD (3.7L 6cyl 7A)","submodel":{"body":"Q60 Coupe","modelName":"Q60 Coupe","niceName":"q60-coupe"},"trim":"Base"},{"id":200486877,"name":"Journey 2dr Coupe (3.7L 6cyl 7A)","submodel":{"body":"Q60 Coupe","modelName":"Q60 Coupe","niceName":"q60-coupe"},"trim":"Journey"},{"id":200486878,"name":"Sport 2dr Coupe (3.7L 6cyl 6M)","submodel":{"body":"Q60 Coupe","modelName":"Q60 Coupe","niceName":"q60-coupe"},"trim":"Sport"}]},{"id":200720252,"year":2015,"styles":[{"id":200720305,"name":"Sport Limited 2dr Coupe (3.7L 6cyl 6M)","submodel":{"body":"Q60 Coupe","modelName":"Q60 Coupe","niceName":"q60-coupe"},"trim":"Sport Limited"},{"id":200720306,"name":"Sport Limited 2dr Coupe (3.7L 6cyl 7A)","submodel":{"body":"Q60 Coupe","modelName":"Q60 Coupe","niceName":"q60-coupe"},"trim":"Sport Limited"},{"id":200720307,"name":"Journey 2dr Coupe (3.7L 6cyl 7A)","submodel":{"body":"Q60 Coupe","modelName":"Q60 Coupe","niceName":"q60-coupe"},"trim":"Journey"},{"id":200720308,"name":"Sport 2dr Coupe (3.7L 6cyl 6M)","submodel":{"body":"Q60 Coupe","modelName":"Q60 Coupe","niceName":"q60-coupe"},"trim":"Sport"},{"id":200720304,"name":"2dr Coupe AWD (3.7L 6cyl 7A)","submodel":{"body":"Q60 Coupe","modelName":"Q60 Coupe","niceName":"q60-coupe"},"trim":"Base"}]},{"id":200724867,"year":2017,"styles":[{"id":200724869,"name":"2dr Coupe","submodel":{"body":"Q60 Coupe","modelName":"Q60 Coupe","niceName":"q60-coupe"},"trim":"Base"}]}]},{"id":"Infiniti_Q70","name":"Q70","niceName":"q70","years":[{"id":200676808,"year":2014,"styles":[{"id":200676810,"name":"4dr Sedan AWD (3.7L 6cyl 7A)","submodel":{"body":"Sedan","modelName":"Q70 Sedan","niceName":"sedan"},"trim":"Base"},{"id":200676809,"name":"4dr Sedan (5.6L 8cyl 7A)","submodel":{"body":"Sedan","modelName":"Q70 Sedan","niceName":"sedan"},"trim":"Base"},{"id":200676812,"name":"4dr Sedan AWD (5.6L 8cyl 7A)","submodel":{"body":"Sedan","modelName":"Q70 Sedan","niceName":"sedan"},"trim":"Base"},{"id":200676811,"name":"Hybrid 4dr Sedan (3.5L 6cyl gas/electric hybrid 7A)","submodel":{"body":"Sedan","fuel":"Hybrid","modelName":"Q70 Hybrid","niceName":"hybrid"},"trim":"Hybrid"},{"id":200676813,"name":"4dr Sedan (3.7L 6cyl 7A)","submodel":{"body":"Sedan","modelName":"Q70 Sedan","niceName":"sedan"},"trim":"Base"}]},{"id":200711470,"year":2015,"styles":[{"id":200711497,"name":"L 4dr Sedan AWD (5.6L 8cyl 7A)","submodel":{"body":"Sedan","modelName":"Q70 Sedan","niceName":"sedan"},"trim":"L"},{"id":200711489,"name":"4dr Sedan (3.7L 6cyl 7A)","submodel":{"body":"Sedan","modelName":"Q70 Sedan","niceName":"sedan"},"trim":"Base"},{"id":200711490,"name":"4dr Sedan AWD (3.7L 6cyl 7A)","submodel":{"body":"Sedan","modelName":"Q70 Sedan","niceName":"sedan"},"trim":"Base"},{"id":200711491,"name":"4dr Sedan (5.6L 8cyl 7A)","submodel":{"body":"Sedan","modelName":"Q70 Sedan","niceName":"sedan"},"trim":"Base"},{"id":200711492,"name":"4dr Sedan AWD (5.6L 8cyl 7A)","submodel":{"body":"Sedan","modelName":"Q70 Sedan","niceName":"sedan"},"trim":"Base"},{"id":200711493,"name":"Hybrid 4dr Sedan (3.5L 6cyl gas/electric hybrid 7A)","submodel":{"body":"Sedan","fuel":"Hybrid","modelName":"Q70 Hybrid","niceName":"hybrid"},"trim":"Hybrid"},{"id":200711494,"name":"L 4dr Sedan (3.7L 6cyl 7A)","submodel":{"body":"Sedan","modelName":"Q70 Sedan","niceName":"sedan"},"trim":"L"},{"id":200711495,"name":"L 4dr Sedan AWD (3.7L 6cyl 7A)","submodel":{"body":"Sedan","modelName":"Q70 Sedan","niceName":"sedan"},"trim":"L"},{"id":200711496,"name":"L 4dr Sedan (5.6L 8cyl 7A)","submodel":{"body":"Sedan","modelName":"Q70 Sedan","niceName":"sedan"},"trim":"L"}]},{"id":401613041,"year":2016,"styles":[{"id":401613046,"name":"4dr Sedan (3.7L 6cyl 7A)","submodel":{"body":"Sedan","modelName":"Q70 Sedan","niceName":"sedan"},"trim":"Base"},{"id":401613045,"name":"4dr Sedan (5.6L 8cyl 7A)","submodel":{"body":"Sedan","modelName":"Q70 Sedan","niceName":"sedan"},"trim":"Base"},{"id":401613048,"name":"L 4dr Sedan AWD (3.7L 6cyl 7A)","submodel":{"body":"Sedan","modelName":"Q70 Sedan","niceName":"sedan"},"trim":"L"},{"id":401613047,"name":"L 4dr Sedan (3.7L 6cyl 7A)","submodel":{"body":"Sedan","modelName":"Q70 Sedan","niceName":"sedan"},"trim":"L"},{"id":401613042,"name":"L 4dr Sedan (5.6L 8cyl 7A)","submodel":{"body":"Sedan","modelName":"Q70 Sedan","niceName":"sedan"},"trim":"L"},{"id":401613044,"name":"4dr Sedan AWD (3.7L 6cyl 7A)","submodel":{"body":"Sedan","modelName":"Q70 Sedan","niceName":"sedan"},"trim":"Base"},{"id":401613043,"name":"L 4dr Sedan AWD (5.6L 8cyl 7A)","submodel":{"body":"Sedan","modelName":"Q70 Sedan","niceName":"sedan"},"trim":"L"},{"id":401613050,"name":"Hybrid 4dr Sedan (3.5L 6cyl gas/electric hybrid 7A)","submodel":{"body":"Sedan","fuel":"Hybrid","modelName":"Q70 Hybrid","niceName":"hybrid"},"trim":"Hybrid"},{"id":401613049,"name":"4dr Sedan AWD (5.6L 8cyl 7A)","submodel":{"body":"Sedan","modelName":"Q70 Sedan","niceName":"sedan"},"trim":"Base"}]}]},{"id":"Infiniti_QX","name":"QX","niceName":"qx","years":[{"id":100537550,"year":2012,"styles":[{"id":101406800,"name":"QX56 4dr SUV (5.6L 8cyl 7A)","submodel":{"body":"SUV","modelName":"QX SUV","niceName":"suv"},"trim":"QX56"},{"id":101406801,"name":"QX56 4dr SUV 4WD (5.6L 8cyl 7A)","submodel":{"body":"SUV","modelName":"QX SUV","niceName":"suv"},"trim":"QX56"}]},{"id":200443082,"year":2013,"styles":[{"id":200443083,"name":"QX56 4dr SUV (5.6L 8cyl 7A)","submodel":{"body":"SUV","modelName":"QX SUV","niceName":"suv"},"trim":"QX56"},{"id":200443084,"name":"QX56 4dr SUV 4WD (5.6L 8cyl 7A)","submodel":{"body":"SUV","modelName":"QX SUV","niceName":"suv"},"trim":"QX56"}]}]},{"id":"Infiniti_QX30","name":"QX30","niceName":"qx30","years":[{"id":200781954,"year":2017,"styles":[{"id":200728584,"name":"4dr SUV","submodel":{"body":"SUV","modelName":"QX30 SUV","niceName":"suv"},"trim":"Base"}]}]},{"id":"Infiniti_QX4","name":"QX4","niceName":"qx4","years":[{"id":2078,"year":1997,"styles":[{"id":10267,"name":"4dr SUV 4WD","submodel":{"body":"SUV","modelName":"QX4 SUV","niceName":"suv"},"trim":"Base"}]},{"id":2079,"year":1998,"styles":[{"id":9058,"name":"4dr SUV 4WD","submodel":{"body":"SUV","modelName":"QX4 SUV","niceName":"suv"},"trim":"Base"}]},{"id":3545,"year":1999,"styles":[{"id":100013065,"name":"4dr SUV 4WD  (1999.5)","submodel":{"body":"SUV","modelName":"QX4 SUV","niceName":"suv"},"trim":"Base (1999.5)"},{"id":8353,"name":"4dr SUV 4WD","submodel":{"body":"SUV","modelName":"QX4 SUV","niceName":"suv"},"trim":"Base"}]},{"id":1162,"year":2000,"styles":[{"id":12647,"name":"4dr SUV 4WD","submodel":{"body":"SUV","modelName":"QX4 SUV","niceName":"suv"},"trim":"Base"}]},{"id":100000136,"year":2001,"styles":[{"id":100001313,"name":"4WD 4dr SUV (3.5L 6cyl 4A)","submodel":{"body":"SUV","modelName":"QX4 SUV","niceName":"suv"},"trim":"Base"},{"id":100001312,"name":"2WD 4dr SUV (3.5L 6cyl 4A)","submodel":{"body":"SUV","modelName":"QX4 SUV","niceName":"suv"},"trim":"Base"}]},{"id":100000510,"year":2002,"styles":[{"id":100069696,"name":"4WD 4dr SUV (3.5L 6cyl 4A)","submodel":{"body":"SUV","modelName":"QX4 SUV","niceName":"suv"},"trim":"Base"},{"id":100069697,"name":"2WD 4dr SUV (3.5L 6cyl 4A)","submodel":{"body":"SUV","modelName":"QX4 SUV","niceName":"suv"},"trim":"Base"}]},{"id":100502817,"year":2003,"styles":[{"id":100183006,"name":"Rwd 4dr SUV (3.5L 6cyl 4A)","submodel":{"body":"SUV","modelName":"QX4 SUV","niceName":"suv"},"trim":"Base"},{"id":100182997,"name":"4WD 4dr SUV (3.5L 6cyl 4A)","submodel":{"body":"SUV","modelName":"QX4 SUV","niceName":"suv"},"trim":"Base"}]}]},{"id":"Infiniti_QX50","name":"QX50","niceName":"qx50","years":[{"id":200484163,"year":2014,"styles":[{"id":200484167,"name":"4dr SUV AWD (3.7L 6cyl 7A)","submodel":{"body":"SUV","modelName":"QX50 SUV","niceName":"suv"},"trim":"Base"},{"id":200484165,"name":"Journey 4dr SUV AWD (3.7L 6cyl 7A)","submodel":{"body":"SUV","modelName":"QX50 SUV","niceName":"suv"},"trim":"Journey"},{"id":200484166,"name":"Journey 4dr SUV (3.7L 6cyl 7A)","submodel":{"body":"SUV","modelName":"QX50 SUV","niceName":"suv"},"trim":"Journey"},{"id":200484164,"name":"4dr SUV (3.7L 6cyl 7A)","submodel":{"body":"SUV","modelName":"QX50 SUV","niceName":"suv"},"trim":"Base"}]},{"id":200698217,"year":2015,"styles":[{"id":200698218,"name":"4dr SUV (3.7L 6cyl 7A)","submodel":{"body":"SUV","modelName":"QX50 SUV","niceName":"suv"},"trim":"Base"},{"id":200698219,"name":"Journey 4dr SUV AWD (3.7L 6cyl 7A)","submodel":{"body":"SUV","modelName":"QX50 SUV","niceName":"suv"},"trim":"Journey"},{"id":200698220,"name":"Journey 4dr SUV (3.7L 6cyl 7A)","submodel":{"body":"SUV","modelName":"QX50 SUV","niceName":"suv"},"trim":"Journey"},{"id":200698221,"name":"4dr SUV AWD (3.7L 6cyl 7A)","submodel":{"body":"SUV","modelName":"QX50 SUV","niceName":"suv"},"trim":"Base"}]},{"id":401574226,"year":2016,"styles":[{"id":401574227,"name":"4dr SUV AWD (3.7L 6cyl 7A)","submodel":{"body":"SUV","modelName":"QX50 SUV","niceName":"suv"},"trim":"Base"},{"id":401574228,"name":"4dr SUV (3.7L 6cyl 7A)","submodel":{"body":"SUV","modelName":"QX50 SUV","niceName":"suv"},"trim":"Base"}]}]},{"id":"Infiniti_QX56","name":"QX56","niceName":"qx56","years":[{"id":100503281,"year":2004,"styles":[{"id":100380539,"name":"Rwd 4dr SUV (5.6L 8cyl 5A)","submodel":{"body":"SUV","modelName":"QX56 SUV","niceName":"suv"},"trim":"Base"},{"id":100380540,"name":"4WD 4dr SUV (5.6L 8cyl 5A)","submodel":{"body":"SUV","modelName":"QX56 SUV","niceName":"suv"},"trim":"Base"}]},{"id":100505193,"year":2005,"styles":[{"id":100493326,"name":"Rwd 4dr SUV (5.6L 8cyl 5A)","submodel":{"body":"SUV","modelName":"QX56 SUV","niceName":"suv"},"trim":"Base"},{"id":100493327,"name":"4WD 4dr SUV (5.6L 8cyl 5A)","submodel":{"body":"SUV","modelName":"QX56 SUV","niceName":"suv"},"trim":"Base"}]},{"id":100506622,"year":2006,"styles":[{"id":100623767,"name":"4dr SUV (5.6L 8cyl 5A)","submodel":{"body":"SUV","modelName":"QX56 SUV","niceName":"suv"},"trim":"Base"},{"id":100623768,"name":"4dr SUV 4WD (5.6L 8cyl 5A)","submodel":{"body":"SUV","modelName":"QX56 SUV","niceName":"suv"},"trim":"Base"}]},{"id":100520189,"year":2007,"styles":[{"id":100820282,"name":"4dr SUV (5.6L 8cyl 5A)","submodel":{"body":"SUV","modelName":"QX56 SUV","niceName":"suv"},"trim":"Base"},{"id":100820283,"name":"4dr SUV 4WD (5.6L 8cyl 5A)","submodel":{"body":"SUV","modelName":"QX56 SUV","niceName":"suv"},"trim":"Base"}]},{"id":100522366,"year":2008,"styles":[{"id":100845716,"name":"4dr SUV (5.6L 8cyl 5A)","submodel":{"body":"SUV","modelName":"QX56 SUV","niceName":"suv"},"trim":"Base"},{"id":100845717,"name":"4dr SUV 4WD (5.6L 8cyl 5A)","submodel":{"body":"SUV","modelName":"QX56 SUV","niceName":"suv"},"trim":"Base"}]},{"id":100525412,"year":2009,"styles":[{"id":101082177,"name":"4dr SUV (5.6L 8cyl 5A)","submodel":{"body":"SUV","modelName":"QX56 SUV","niceName":"suv"},"trim":"Base"},{"id":101082178,"name":"4dr SUV 4WD (5.6L 8cyl 5A)","submodel":{"body":"SUV","modelName":"QX56 SUV","niceName":"suv"},"trim":"Base"}]},{"id":100528049,"year":2010,"styles":[{"id":101166287,"name":"4dr SUV (5.6L 8cyl 5A)","submodel":{"body":"SUV","modelName":"QX56 SUV","niceName":"suv"},"trim":"Base"},{"id":101166288,"name":"4dr SUV 4WD (5.6L 8cyl 5A)","submodel":{"body":"SUV","modelName":"QX56 SUV","niceName":"suv"},"trim":"Base"}]},{"id":100529489,"year":2011,"styles":[{"id":101276757,"name":"4dr SUV (5.6L 8cyl 7A)","submodel":{"body":"SUV","modelName":"QX56 SUV","niceName":"suv"},"trim":"Base"},{"id":101304062,"name":"4dr SUV 4WD (5.6L 8cyl 7A)","submodel":{"body":"SUV","modelName":"QX56 SUV","niceName":"suv"},"trim":"Base"}]}]},{"id":"Infiniti_QX60","name":"QX60","niceName":"qx60","years":[{"id":200466055,"year":2014,"styles":[{"id":200466056,"name":"Hybrid 4dr SUV (2.5L 4cyl S/C gas/electric hybrid CVT)","submodel":{"body":"SUV","fuel":"Hybrid","modelName":"QX60 Hybrid","niceName":"hybrid"},"trim":"Hybrid"},{"id":200495702,"name":"Hybrid 4dr SUV AWD (2.5L 4cyl S/C gas/electric hybrid CVT)","submodel":{"body":"SUV","fuel":"Hybrid","modelName":"QX60 Hybrid","niceName":"hybrid"},"trim":"Hybrid"},{"id":200480522,"name":"4dr SUV AWD (3.5L 6cyl CVT)","submodel":{"body":"SUV","modelName":"QX60 SUV","niceName":"suv"},"trim":"Base"},{"id":200480521,"name":"4dr SUV (3.5L 6cyl CVT)","submodel":{"body":"SUV","modelName":"QX60 SUV","niceName":"suv"},"trim":"Base"}]},{"id":200717061,"year":2015,"styles":[{"id":200717063,"name":"Hybrid 4dr SUV AWD (2.5L 4cyl S/C gas/electric hybrid CVT)","submodel":{"body":"SUV","fuel":"Hybrid","modelName":"QX60 Hybrid","niceName":"hybrid"},"trim":"Hybrid"},{"id":200717064,"name":"4dr SUV AWD (3.5L 6cyl CVT)","submodel":{"body":"SUV","modelName":"QX60 SUV","niceName":"suv"},"trim":"Base"},{"id":200717062,"name":"Hybrid 4dr SUV (2.5L 4cyl S/C gas/electric hybrid CVT)","submodel":{"body":"SUV","fuel":"Hybrid","modelName":"QX60 Hybrid","niceName":"hybrid"},"trim":"Hybrid"},{"id":200717065,"name":"4dr SUV (3.5L 6cyl CVT)","submodel":{"body":"SUV","modelName":"QX60 SUV","niceName":"suv"},"trim":"Base"}]},{"id":401630503,"year":2016,"styles":[{"id":401630505,"name":"Hybrid 4dr SUV AWD (2.5L 4cyl S/C gas/electric hybrid CVT)","submodel":{"body":"SUV","fuel":"Hybrid","modelName":"QX60 Hybrid","niceName":"hybrid"},"trim":"Hybrid"},{"id":401630506,"name":"4dr SUV AWD (3.5L 6cyl CVT)","submodel":{"body":"SUV","modelName":"QX60 SUV","niceName":"suv"},"trim":"Base"},{"id":401630507,"name":"4dr SUV (3.5L 6cyl CVT)","submodel":{"body":"SUV","modelName":"QX60 SUV","niceName":"suv"},"trim":"Base"},{"id":401630504,"name":"Hybrid 4dr SUV (2.5L 4cyl S/C gas/electric hybrid CVT)","submodel":{"body":"SUV","fuel":"Hybrid","modelName":"QX60 Hybrid","niceName":"hybrid"},"trim":"Hybrid"}]}]},{"id":"Infiniti_QX70","name":"QX70","niceName":"qx70","years":[{"id":200482321,"year":2014,"styles":[{"id":200482323,"name":"4dr SUV AWD (3.7L 6cyl 7A)","submodel":{"body":"SUV","modelName":"QX70 SUV","niceName":"suv"},"trim":"Base"},{"id":200482324,"name":"4dr SUV AWD (5.0L 8cyl 7A)","submodel":{"body":"SUV","modelName":"QX70 SUV","niceName":"suv"},"trim":"Base"},{"id":200482322,"name":"4dr SUV (3.7L 6cyl 7A)","submodel":{"body":"SUV","modelName":"QX70 SUV","niceName":"suv"},"trim":"Base"}]},{"id":200697893,"year":2015,"styles":[{"id":200697895,"name":"4dr SUV AWD (3.7L 6cyl 7A)","submodel":{"body":"SUV","modelName":"QX70 SUV","niceName":"suv"},"trim":"Base"},{"id":200697894,"name":"4dr SUV (3.7L 6cyl 7A)","submodel":{"body":"SUV","modelName":"QX70 SUV","niceName":"suv"},"trim":"Base"}]},{"id":200736081,"year":2016,"styles":[{"id":200736083,"name":"4dr SUV (3.7L 6cyl 7A)","submodel":{"body":"SUV","modelName":"QX70 SUV","niceName":"suv"},"trim":"Base"},{"id":200736082,"name":"4dr SUV AWD (3.7L 6cyl 7A)","submodel":{"body":"SUV","modelName":"QX70 SUV","niceName":"suv"},"trim":"Base"}]}]},{"id":"Infiniti_QX80","name":"QX80","niceName":"qx80","years":[{"id":200483976,"year":2014,"styles":[{"id":200483978,"name":"4dr SUV (5.6L 8cyl 7A)","submodel":{"body":"SUV","modelName":"QX80 SUV","niceName":"suv"},"trim":"Base"},{"id":200483977,"name":"4dr SUV 4WD (5.6L 8cyl 7A)","submodel":{"body":"SUV","modelName":"QX80 SUV","niceName":"suv"},"trim":"Base"}]},{"id":200714541,"year":2015,"styles":[{"id":200714542,"name":"4dr SUV 4WD (5.6L 8cyl 7A)","submodel":{"body":"SUV","modelName":"QX80 SUV","niceName":"suv"},"trim":"Base"},{"id":200714543,"name":"4dr SUV (5.6L 8cyl 7A)","submodel":{"body":"SUV","modelName":"QX80 SUV","niceName":"suv"},"trim":"Base"}]},{"id":401610857,"year":2016,"styles":[{"id":401610861,"name":"4dr SUV (5.6L 8cyl 7A)","submodel":{"body":"SUV","modelName":"QX80 SUV","niceName":"suv"},"trim":"Base"},{"id":401610862,"name":"Limited 4dr SUV 4WD (5.6L 8cyl 7A)","submodel":{"body":"SUV","modelName":"QX80 SUV","niceName":"suv"},"trim":"Limited"},{"id":401610863,"name":"4dr SUV 4WD (5.6L 8cyl 7A)","submodel":{"body":"SUV","modelName":"QX80 SUV","niceName":"suv"},"trim":"Base"}]}]}],"modelsCount":39,"make":"Infiniti"}