{"models":[{"id":"Land_Rover_Defender","name":"Defender","niceName":"defender","years":[{"id":2014,"year":1993,"styles":[{"id":2905,"name":"110 4dr SUV 4WD","submodel":{"body":"SUV","modelName":"Defender SUV","niceName":"suv"},"trim":"110"}]},{"id":2015,"year":1994,"styles":[{"id":4572,"name":"90 2dr SUV 4WD","submodel":{"body":"SUV","modelName":"Defender SUV","niceName":"suv"},"trim":"90"}]},{"id":2016,"year":1995,"styles":[{"id":4567,"name":"90 2dr SUV 4WD","submodel":{"body":"SUV","modelName":"Defender SUV","niceName":"suv"},"trim":"90"}]},{"id":3558,"year":1997,"styles":[{"id":10248,"name":"90 2dr SUV 4WD w/Soft Top","submodel":{"body":"SUV","modelName":"Defender SUV","niceName":"suv"},"trim":"90 w/Soft Top"},{"id":10250,"name":"90 2dr SUV 4WD","submodel":{"body":"SUV","modelName":"Defender SUV","niceName":"suv"},"trim":"90"}]}]},{"id":"Land_Rover_Discovery","name":"Discovery","niceName":"discovery","years":[{"id":2017,"year":1994,"styles":[{"id":2904,"name":"4dr SUV AWD","submodel":{"body":"SUV","modelName":"Discovery SUV","niceName":"suv"},"trim":"Base"}]},{"id":2018,"year":1995,"styles":[{"id":4571,"name":"4dr SUV AWD","submodel":{"body":"SUV","modelName":"Discovery SUV","niceName":"suv"},"trim":"Base"}]},{"id":689,"year":1996,"styles":[{"id":4566,"name":"SE7 4dr SUV AWD","submodel":{"body":"SUV","modelName":"Discovery SUV","niceName":"suv"},"trim":"SE7"},{"id":4565,"name":"SE 4dr SUV AWD","submodel":{"body":"SUV","modelName":"Discovery SUV","niceName":"suv"},"trim":"SE"},{"id":4564,"name":"SD 4dr SUV AWD","submodel":{"body":"SUV","modelName":"Discovery SUV","niceName":"suv"},"trim":"SD"}]},{"id":2019,"year":1997,"styles":[{"id":4560,"name":"LSE 4dr SUV AWD","submodel":{"body":"SUV","modelName":"Discovery SUV","niceName":"suv"},"trim":"LSE"},{"id":10928,"name":"SE7 4dr SUV AWD","submodel":{"body":"SUV","modelName":"Discovery SUV","niceName":"suv"},"trim":"SE7"},{"id":10926,"name":"SE 4dr SUV AWD","submodel":{"body":"SUV","modelName":"Discovery SUV","niceName":"suv"},"trim":"SE"},{"id":11169,"name":"SD 4dr SUV AWD","submodel":{"body":"SUV","modelName":"Discovery SUV","niceName":"suv"},"trim":"SD"},{"id":4561,"name":"XD 4dr SUV AWD","submodel":{"body":"SUV","modelName":"Discovery SUV","niceName":"suv"},"trim":"XD"}]},{"id":2020,"year":1998,"styles":[{"id":4554,"name":"50th Anniversary 4dr SUV AWD","submodel":{"body":"SUV","modelName":"Discovery SUV","niceName":"suv"},"trim":"50th Anniversary"},{"id":13641,"name":"LSE 4dr SUV AWD","submodel":{"body":"SUV","modelName":"Discovery SUV","niceName":"suv"},"trim":"LSE"},{"id":13640,"name":"LE 4dr SUV AWD","submodel":{"body":"SUV","modelName":"Discovery SUV","niceName":"suv"},"trim":"LE"}]},{"id":3559,"year":1999,"styles":[{"id":8693,"name":"Series II 4dr SUV AWD","submodel":{"body":"SUV","modelName":"Discovery SUV","niceName":"suv"},"trim":"Series II"},{"id":8409,"name":"SD 4dr SUV AWD","submodel":{"body":"SUV","modelName":"Discovery SUV","niceName":"suv"},"trim":"SD"}]},{"id":100502965,"year":2003,"styles":[{"id":100137366,"name":"HSE 4WD 4dr SUV (4.6L 8cyl 4A)","submodel":{"body":"SUV","modelName":"Discovery SUV","niceName":"suv"},"trim":"HSE"},{"id":100137361,"name":"S 4WD 4dr SUV (4.6L 8cyl 4A)","submodel":{"body":"SUV","modelName":"Discovery SUV","niceName":"suv"},"trim":"S"},{"id":100137362,"name":"SE 4WD 4dr SUV (4.6L 8cyl 4A)","submodel":{"body":"SUV","modelName":"Discovery SUV","niceName":"suv"},"trim":"SE"}]},{"id":100503621,"year":2004,"styles":[{"id":100349214,"name":"S 4WD 4dr SUV (4.6L 8cyl 4A)","submodel":{"body":"SUV","modelName":"Discovery SUV","niceName":"suv"},"trim":"S"},{"id":100350690,"name":"HSE 4WD 4dr SUV (4.6L 8cyl 4A)","submodel":{"body":"SUV","modelName":"Discovery SUV","niceName":"suv"},"trim":"HSE"},{"id":100350689,"name":"SE 4WD 4dr SUV (4.6L 8cyl 4A)","submodel":{"body":"SUV","modelName":"Discovery SUV","niceName":"suv"},"trim":"SE"}]}]},{"id":"Land_Rover_Discovery_Series_II","name":"Discovery Series II","niceName":"discovery-series-ii","years":[{"id":1094,"year":2000,"styles":[{"id":6500,"name":"4dr SUV AWD","submodel":{"body":"SUV","modelName":"Discovery Series II SUV","niceName":"suv"},"trim":"Base"}]},{"id":100000154,"year":2001,"styles":[{"id":100001408,"name":"SD 4WD 4dr SUV (4.0L 8cyl 4A)","submodel":{"body":"SUV","modelName":"Discovery Series II SUV","niceName":"suv"},"trim":"SD"},{"id":100001407,"name":"LE 4WD 4dr SUV (4.0L 8cyl 4A)","submodel":{"body":"SUV","modelName":"Discovery Series II SUV","niceName":"suv"},"trim":"LE"},{"id":100001409,"name":"SE 4WD 4dr SUV (4.0L 8cyl 4A)","submodel":{"body":"SUV","modelName":"Discovery Series II SUV","niceName":"suv"},"trim":"SE"}]},{"id":100000541,"year":2002,"styles":[{"id":100070126,"name":"SD 4WD 4dr SUV (4.0L 8cyl 4A)","submodel":{"body":"SUV","modelName":"Discovery Series II SUV","niceName":"suv"},"trim":"SD"},{"id":100070125,"name":"SE 4WD 4dr SUV (4.0L 8cyl 4A)","submodel":{"body":"SUV","modelName":"Discovery Series II SUV","niceName":"suv"},"trim":"SE"}]}]},{"id":"Land_Rover_Discovery_Sport","name":"Discovery Sport","niceName":"discovery-sport","years":[{"id":200711459,"year":2015,"styles":[{"id":200694034,"name":"SE 4dr SUV AWD (2.0L 4cyl Turbo 9A)","submodel":{"body":"SUV","modelName":"Discovery Sport SUV","niceName":"suv"},"trim":"SE"},{"id":200720925,"name":"HSE 4dr SUV AWD (2.0L 4cyl Turbo 9A)","submodel":{"body":"SUV","modelName":"Discovery Sport SUV","niceName":"suv"},"trim":"HSE"},{"id":200720926,"name":"HSE LUX 4dr SUV AWD (2.0L 4cyl Turbo 9A)","submodel":{"body":"SUV","modelName":"Discovery Sport SUV","niceName":"suv"},"trim":"HSE LUX"}]},{"id":401575208,"year":2016,"styles":[{"id":401575238,"name":"SE 4dr SUV AWD (2.0L 4cyl Turbo 9A)","submodel":{"body":"SUV","modelName":"Discovery Sport SUV","niceName":"suv"},"trim":"SE"},{"id":401575240,"name":"HSE LUX 4dr SUV AWD (2.0L 4cyl Turbo 9A)","submodel":{"body":"SUV","modelName":"Discovery Sport SUV","niceName":"suv"},"trim":"HSE LUX"},{"id":401575239,"name":"HSE 4dr SUV AWD (2.0L 4cyl Turbo 9A)","submodel":{"body":"SUV","modelName":"Discovery Sport SUV","niceName":"suv"},"trim":"HSE"}]}]},{"id":"Land_Rover_Freelander","name":"Freelander","niceName":"freelander","years":[{"id":100000419,"year":2002,"styles":[{"id":100003300,"name":"SE 4dr AWD SUV (2.5L 6cyl 5A)","submodel":{"body":"SUV","modelName":"Freelander SUV","niceName":"suv"},"trim":"SE"},{"id":100003723,"name":"HSE 4dr AWD SUV (2.5L 6cyl 5A)","submodel":{"body":"SUV","modelName":"Freelander SUV","niceName":"suv"},"trim":"HSE"},{"id":100003301,"name":"S 4dr AWD SUV (2.5L 6cyl 5A)","submodel":{"body":"SUV","modelName":"Freelander SUV","niceName":"suv"},"trim":"S"}]},{"id":100502835,"year":2003,"styles":[{"id":100193196,"name":"SE3 2dr AWD SUV (2.5L 6cyl 5A)","submodel":{"body":"SUV","modelName":"Freelander SUV","niceName":"suv"},"trim":"SE3"},{"id":100193195,"name":"HSE 4dr AWD SUV (2.5L 6cyl 5A)","submodel":{"body":"SUV","modelName":"Freelander SUV","niceName":"suv"},"trim":"HSE"},{"id":100193194,"name":"SE 4dr AWD SUV (2.5L 6cyl 5A)","submodel":{"body":"SUV","modelName":"Freelander SUV","niceName":"suv"},"trim":"SE"},{"id":100193193,"name":"S 4dr AWD SUV (2.5L 6cyl 5A)","submodel":{"body":"SUV","modelName":"Freelander SUV","niceName":"suv"},"trim":"S"}]},{"id":100503622,"year":2004,"styles":[{"id":100360657,"name":"SE 4dr AWD SUV (2.5L 6cyl 5A)","submodel":{"body":"SUV","modelName":"Freelander SUV","niceName":"suv"},"trim":"SE"},{"id":100360658,"name":"SE3 2dr AWD SUV (2.5L 6cyl 5A)","submodel":{"body":"SUV","modelName":"Freelander SUV","niceName":"suv"},"trim":"SE3"},{"id":100360659,"name":"HSE 4dr AWD SUV (2.5L 6cyl 5A)","submodel":{"body":"SUV","modelName":"Freelander SUV","niceName":"suv"},"trim":"HSE"}]},{"id":100505170,"year":2005,"styles":[{"id":100477423,"name":"SE 4dr AWD SUV (2.5L 6cyl 5A)","submodel":{"body":"SUV","modelName":"Freelander SUV","niceName":"suv"},"trim":"SE"},{"id":100477425,"name":"SE3 2dr AWD SUV (2.5L 6cyl 5A)","submodel":{"body":"SUV","modelName":"Freelander SUV","niceName":"suv"},"trim":"SE3"}]}]},{"id":"Land_Rover_LR2","name":"LR2","niceName":"lr2","years":[{"id":100505566,"year":2008,"styles":[{"id":100959757,"name":"HSE 4dr SUV AWD (3.2L 6cyl 6A)","submodel":{"body":"SUV","modelName":"LR2 SUV","niceName":"suv"},"trim":"HSE"},{"id":100866472,"name":"SE 4dr SUV AWD (3.2L 6cyl 6A)","submodel":{"body":"SUV","modelName":"LR2 SUV","niceName":"suv"},"trim":"SE"}]},{"id":100526549,"year":2009,"styles":[{"id":101120640,"name":"HSE 4dr SUV AWD (3.2L 6cyl 6A)","submodel":{"body":"SUV","modelName":"LR2 SUV","niceName":"suv"},"trim":"HSE"}]},{"id":100529012,"year":2010,"styles":[{"id":101200442,"name":"HSE 4dr SUV AWD (3.2L 6cyl 6A)","submodel":{"body":"SUV","modelName":"LR2 SUV","niceName":"suv"},"trim":"HSE"}]},{"id":100533092,"year":2011,"styles":[{"id":101353597,"name":"4dr SUV AWD (3.2L 6cyl 6A)","submodel":{"body":"SUV","modelName":"LR2 SUV","niceName":"suv"},"trim":"Base"}]},{"id":100538909,"year":2012,"styles":[{"id":101418075,"name":"4dr SUV AWD (3.2L 6cyl 6A)","submodel":{"body":"SUV","modelName":"LR2 SUV","niceName":"suv"},"trim":"Base"}]},{"id":200436878,"year":2013,"styles":[{"id":200436882,"name":"4dr SUV AWD (2.0L 4cyl Turbo 6A)","submodel":{"body":"SUV","modelName":"LR2 SUV","niceName":"suv"},"trim":"Base"},{"id":200722382,"name":"HSE 4dr SUV AWD (2.0L 4cyl Turbo 6A)","submodel":{"body":"SUV","modelName":"LR2 SUV","niceName":"suv"},"trim":"HSE"},{"id":200722383,"name":"HSE LUX 4dr SUV AWD (2.0L 4cyl Turbo 6A)","submodel":{"body":"SUV","modelName":"LR2 SUV","niceName":"suv"},"trim":"HSE LUX"}]},{"id":200496577,"year":2014,"styles":[{"id":200722375,"name":"HSE 4dr SUV AWD (2.0L 4cyl Turbo 6A)","submodel":{"body":"SUV","modelName":"LR2 SUV","niceName":"suv"},"trim":"HSE"},{"id":200722376,"name":"HSE LUX 4dr SUV AWD (2.0L 4cyl Turbo 6A)","submodel":{"body":"SUV","modelName":"LR2 SUV","niceName":"suv"},"trim":"HSE LUX"},{"id":200496578,"name":"4dr SUV AWD (2.0L 4cyl Turbo 6A)","submodel":{"body":"SUV","modelName":"LR2 SUV","niceName":"suv"},"trim":"Base"}]},{"id":200695102,"year":2015,"styles":[{"id":200695140,"name":"HSE LUX 4dr SUV AWD (2.0L 4cyl Turbo 6A)","submodel":{"body":"SUV","modelName":"LR2 SUV","niceName":"suv"},"trim":"HSE LUX"},{"id":200695103,"name":"4dr SUV AWD (2.0L 4cyl Turbo 6A)","submodel":{"body":"SUV","modelName":"LR2 SUV","niceName":"suv"},"trim":"Base"},{"id":200695139,"name":"HSE 4dr SUV AWD (2.0L 4cyl Turbo 6A)","submodel":{"body":"SUV","modelName":"LR2 SUV","niceName":"suv"},"trim":"HSE"}]}]},{"id":"Land_Rover_LR3","name":"LR3","niceName":"lr3","years":[{"id":100503283,"year":2005,"styles":[{"id":100570603,"name":"SE 4WD 4dr SUV (4.0L 6cyl 6A)","submodel":{"body":"SUV","modelName":"LR3 SUV","niceName":"suv"},"trim":"SE"},{"id":100477290,"name":"SE 4WD 4dr SUV (4.4L 8cyl 6A)","submodel":{"body":"SUV","modelName":"LR3 SUV","niceName":"suv"},"trim":"SE"},{"id":100477292,"name":"HSE 4WD 4dr SUV (4.4L 8cyl 6A)","submodel":{"body":"SUV","modelName":"LR3 SUV","niceName":"suv"},"trim":"HSE"}]},{"id":100506488,"year":2006,"styles":[{"id":100604445,"name":"4dr SUV 4WD (4.0L 6cyl 6A)","submodel":{"body":"SUV","modelName":"LR3 SUV","niceName":"suv"},"trim":"Base"},{"id":100604443,"name":"SE 4dr SUV 4WD (4.4L 8cyl 6A)","submodel":{"body":"SUV","modelName":"LR3 SUV","niceName":"suv"},"trim":"SE"},{"id":100604444,"name":"HSE 4dr SUV 4WD (4.4L 8cyl 6A)","submodel":{"body":"SUV","modelName":"LR3 SUV","niceName":"suv"},"trim":"HSE"}]},{"id":100506487,"year":2007,"styles":[{"id":100829508,"name":"V8 SE 4dr SUV 4WD (4.4L 8cyl 6A)","submodel":{"body":"SUV","modelName":"LR3 SUV","niceName":"suv"},"trim":"V8 SE"},{"id":100829509,"name":"V8 HSE 4dr SUV 4WD (4.4L 8cyl 6A)","submodel":{"body":"SUV","modelName":"LR3 SUV","niceName":"suv"},"trim":"V8 HSE "},{"id":100829510,"name":"V6 SE 4dr SUV 4WD (4.0L 6cyl 6A)","submodel":{"body":"SUV","modelName":"LR3 SUV","niceName":"suv"},"trim":"V6 SE"}]},{"id":100523643,"year":2008,"styles":[{"id":100899885,"name":"V8 SE 4dr SUV 4WD (4.4L 8cyl 6A)","submodel":{"body":"SUV","modelName":"LR3 SUV","niceName":"suv"},"trim":"V8 SE"},{"id":100899886,"name":"V8 HSE 4dr SUV 4WD (4.4L 8cyl 6A)","submodel":{"body":"SUV","modelName":"LR3 SUV","niceName":"suv"},"trim":"V8 HSE "}]},{"id":100526869,"year":2009,"styles":[{"id":101134497,"name":"V8 4dr SUV 4WD (4.4L 8cyl 6A)","submodel":{"body":"SUV","modelName":"LR3 SUV","niceName":"suv"},"trim":"V8"}]}]},{"id":"Land_Rover_LR4","name":"LR4","niceName":"lr4","years":[{"id":100525109,"year":2010,"styles":[{"id":101162028,"name":"V8 4dr SUV 4WD (5.0L 8cyl 6A)","submodel":{"body":"SUV","modelName":"LR4 SUV","niceName":"suv"},"trim":"V8"}]},{"id":100533471,"year":2011,"styles":[{"id":101362788,"name":"V8 4dr SUV 4WD (5.0L 8cyl 6A)","submodel":{"body":"SUV","modelName":"LR4 SUV","niceName":"suv"},"trim":"V8"}]},{"id":100536949,"year":2012,"styles":[{"id":101402049,"name":"4dr SUV 4WD (5.0L 8cyl 6A)","submodel":{"body":"SUV","modelName":"LR4 SUV","niceName":"suv"},"trim":"Base"}]},{"id":200445507,"year":2013,"styles":[{"id":200722386,"name":"HSE LUX 4dr SUV 4WD (5.0L 8cyl 6A)","submodel":{"body":"SUV","modelName":"LR4 SUV","niceName":"suv"},"trim":"HSE LUX"},{"id":200722385,"name":"HSE 4dr SUV 4WD (5.0L 8cyl 6A)","submodel":{"body":"SUV","modelName":"LR4 SUV","niceName":"suv"},"trim":"HSE"},{"id":200445508,"name":"4dr SUV 4WD (5.0L 8cyl 6A)","submodel":{"body":"SUV","modelName":"LR4 SUV","niceName":"suv"},"trim":"Base"}]},{"id":200496633,"year":2014,"styles":[{"id":200496634,"name":"4dr SUV 4WD (3.0L 6cyl S/C 8A)","submodel":{"body":"SUV","modelName":"LR4 SUV","niceName":"suv"},"trim":"Base"},{"id":200719471,"name":"XXV 4dr SUV 4WD (3.0L 6cyl S/C 8A)","submodel":{"body":"SUV","modelName":"LR4 SUV","niceName":"suv"},"trim":"XXV"},{"id":200722414,"name":"HSE LUX 4dr SUV 4WD (3.0L 6cyl S/C 8A)","submodel":{"body":"SUV","modelName":"LR4 SUV","niceName":"suv"},"trim":"HSE LUX"},{"id":200722413,"name":"HSE 4dr SUV 4WD (3.0L 6cyl S/C 8A)","submodel":{"body":"SUV","modelName":"LR4 SUV","niceName":"suv"},"trim":"HSE"}]},{"id":200701825,"year":2015,"styles":[{"id":200701828,"name":"HSE LUX 4dr SUV 4WD (3.0L 6cyl S/C 8A)","submodel":{"body":"SUV","modelName":"LR4 SUV","niceName":"suv"},"trim":"HSE LUX"},{"id":200701827,"name":"HSE 4dr SUV 4WD (3.0L 6cyl S/C 8A)","submodel":{"body":"SUV","modelName":"LR4 SUV","niceName":"suv"},"trim":"HSE"},{"id":200701826,"name":"4dr SUV 4WD (3.0L 6cyl S/C 8A)","submodel":{"body":"SUV","modelName":"LR4 SUV","niceName":"suv"},"trim":"Base"}]},{"id":401575011,"year":2016,"styles":[{"id":401575012,"name":"HSE LUX 4dr SUV 4WD (3.0L 6cyl S/C 8A)","submodel":{"body":"SUV","modelName":"LR4 SUV","niceName":"suv"},"trim":"HSE LUX"},{"id":401575013,"name":"HSE 4dr SUV 4WD (3.0L 6cyl S/C 8A)","submodel":{"body":"SUV","modelName":"LR4 SUV","niceName":"suv"},"trim":"HSE"},{"id":401575014,"name":"4dr SUV 4WD (3.0L 6cyl S/C 8A)","submodel":{"body":"SUV","modelName":"LR4 SUV","niceName":"suv"},"trim":"Base"}]}]},{"id":"Land_Rover_Range_Rover","name":"Range Rover","niceName":"range-rover","years":[{"id":690,"year":1990,"styles":[{"id":2915,"name":"4dr SUV AWD","submodel":{"body":"SUV","modelName":"Range Rover SUV","niceName":"suv"},"trim":"Base"},{"id":2914,"name":"County 4dr SUV AWD","submodel":{"body":"SUV","modelName":"Range Rover SUV","niceName":"suv"},"trim":"County"}]},{"id":2022,"year":1991,"styles":[{"id":2912,"name":"Great Divide 4dr SUV AWD","submodel":{"body":"SUV","modelName":"Range Rover SUV","niceName":"suv"},"trim":"Great Divide"},{"id":2911,"name":"County SE 4dr SUV AWD","submodel":{"body":"SUV","modelName":"Range Rover SUV","niceName":"suv"},"trim":"County SE"},{"id":2913,"name":"4dr SUV AWD","submodel":{"body":"SUV","modelName":"Range Rover SUV","niceName":"suv"},"trim":"Base"}]},{"id":2023,"year":1992,"styles":[{"id":2908,"name":"County 4dr SUV AWD","submodel":{"body":"SUV","modelName":"Range Rover SUV","niceName":"suv"},"trim":"County"},{"id":2910,"name":"4dr SUV AWD","submodel":{"body":"SUV","modelName":"Range Rover SUV","niceName":"suv"},"trim":"Base"},{"id":2909,"name":"LSE 4dr SUV AWD","submodel":{"body":"SUV","modelName":"Range Rover SUV","niceName":"suv"},"trim":"LSE"}]},{"id":691,"year":1993,"styles":[{"id":2906,"name":"County 4dr SUV AWD","submodel":{"body":"SUV","modelName":"Range Rover SUV","niceName":"suv"},"trim":"County"},{"id":2907,"name":"LWB 4dr SUV AWD","submodel":{"body":"SUV","modelName":"Range Rover SUV","niceName":"suv"},"trim":"LWB"}]},{"id":2024,"year":1994,"styles":[{"id":4573,"name":"County LWB 4dr SUV AWD","submodel":{"body":"SUV","modelName":"Range Rover SUV","niceName":"suv"},"trim":"County LWB"},{"id":2903,"name":"County 4dr SUV AWD","submodel":{"body":"SUV","modelName":"Range Rover SUV","niceName":"suv"},"trim":"County"}]},{"id":2025,"year":1995,"styles":[{"id":4570,"name":"County LWB 4dr SUV AWD","submodel":{"body":"SUV","modelName":"Range Rover SUV","niceName":"suv"},"trim":"County LWB"},{"id":4569,"name":"County Classic 4dr SUV AWD","submodel":{"body":"SUV","modelName":"Range Rover SUV","niceName":"suv"},"trim":"County Classic"},{"id":4568,"name":"4.0 SE 4dr SUV AWD","submodel":{"body":"SUV","modelName":"Range Rover SUV","niceName":"suv"},"trim":"4.0 SE"}]},{"id":2026,"year":1996,"styles":[{"id":4562,"name":"4.0 SE 4dr SUV AWD","submodel":{"body":"SUV","modelName":"Range Rover SUV","niceName":"suv"},"trim":"4.0 SE"},{"id":4563,"name":"4.6 HSE 4dr SUV AWD","submodel":{"body":"SUV","modelName":"Range Rover SUV","niceName":"suv"},"trim":"4.6 HSE"}]},{"id":2027,"year":1997,"styles":[{"id":10852,"name":"4.6 HSE 4dr SUV AWD","submodel":{"body":"SUV","modelName":"Range Rover SUV","niceName":"suv"},"trim":"4.6 HSE"},{"id":13153,"name":"4.0 SE 4dr SUV AWD","submodel":{"body":"SUV","modelName":"Range Rover SUV","niceName":"suv"},"trim":"4.0 SE"}]},{"id":2028,"year":1998,"styles":[{"id":4553,"name":"50th Anniversary 4dr SUV AWD","submodel":{"body":"SUV","modelName":"Range Rover SUV","niceName":"suv"},"trim":"50th Anniversary"},{"id":13644,"name":"4.0 SE 4dr SUV AWD","submodel":{"body":"SUV","modelName":"Range Rover SUV","niceName":"suv"},"trim":"4.0 SE"},{"id":13643,"name":"4.6 HSE 4dr SUV AWD","submodel":{"body":"SUV","modelName":"Range Rover SUV","niceName":"suv"},"trim":"4.6 HSE"}]},{"id":3560,"year":1999,"styles":[{"id":6350,"name":"4.0 SE 4dr SUV AWD","submodel":{"body":"SUV","modelName":"Range Rover SUV","niceName":"suv"},"trim":"4.0 SE"},{"id":7287,"name":"4.0 4dr SUV AWD","submodel":{"body":"SUV","modelName":"Range Rover SUV","niceName":"suv"},"trim":"4.0"},{"id":7289,"name":"4.0 S 4dr SUV AWD","submodel":{"body":"SUV","modelName":"Range Rover SUV","niceName":"suv"},"trim":"4.0 S"},{"id":3993,"name":"4.6 HSE 4dr SUV AWD","submodel":{"body":"SUV","modelName":"Range Rover SUV","niceName":"suv"},"trim":"4.6 HSE"}]},{"id":1093,"year":2000,"styles":[{"id":6499,"name":"4.6 Vitesse 4dr SUV AWD","submodel":{"body":"SUV","modelName":"Range Rover SUV","niceName":"suv"},"trim":"4.6 Vitesse"},{"id":6516,"name":"4.0 SE 4dr SUV AWD","submodel":{"body":"SUV","modelName":"Range Rover SUV","niceName":"suv"},"trim":"4.0 SE"},{"id":6514,"name":"County 4dr SUV AWD","submodel":{"body":"SUV","modelName":"Range Rover SUV","niceName":"suv"},"trim":"County"},{"id":6498,"name":"4.6 HSE 4dr SUV AWD","submodel":{"body":"SUV","modelName":"Range Rover SUV","niceName":"suv"},"trim":"4.6 HSE"}]},{"id":100000155,"year":2001,"styles":[{"id":100001410,"name":"4.6 HSE 4WD 4dr SUV (4.6L 8cyl 4A)","submodel":{"body":"SUV","modelName":"Range Rover SUV","niceName":"suv"},"trim":"4.6 HSE"},{"id":100001411,"name":"4.6 SE 4WD 4dr SUV (4.6L 8cyl 4A)","submodel":{"body":"SUV","modelName":"Range Rover SUV","niceName":"suv"},"trim":"4.6 SE"}]},{"id":100000540,"year":2002,"styles":[{"id":100070129,"name":"4.6 HSE 4WD 4dr SUV (4.6L 8cyl 4A)","submodel":{"body":"SUV","modelName":"Range Rover SUV","niceName":"suv"},"trim":"4.6 HSE"}]},{"id":100502616,"year":2003,"styles":[{"id":100075715,"name":"HSE 4WD 4dr SUV (4.4L 8cyl 5A)","submodel":{"body":"SUV","modelName":"Range Rover SUV","niceName":"suv"},"trim":"HSE"}]},{"id":100503623,"year":2004,"styles":[{"id":100338576,"name":"HSE 4WD 4dr SUV (4.4L 8cyl 5A)","submodel":{"body":"SUV","modelName":"Range Rover SUV","niceName":"suv"},"trim":"HSE"}]},{"id":100505171,"year":2005,"styles":[{"id":100478472,"name":"HSE 4WD 4dr SUV (4.4L 8cyl 5A)","submodel":{"body":"SUV","modelName":"Range Rover SUV","niceName":"suv"},"trim":"HSE"}]},{"id":100505785,"year":2006,"styles":[{"id":100530969,"name":"Supercharged 4dr SUV 4WD (4.2L 8cyl S/C 6A)","submodel":{"body":"SUV","modelName":"Range Rover SUV","niceName":"suv"},"trim":"Supercharged"},{"id":100530957,"name":"HSE 4dr SUV 4WD (4.4L 8cyl 6A)","submodel":{"body":"SUV","modelName":"Range Rover SUV","niceName":"suv"},"trim":"HSE"}]},{"id":100520226,"year":2007,"styles":[{"id":100825803,"name":"HSE 4dr SUV 4WD (4.4L 8cyl 6A)","submodel":{"body":"SUV","modelName":"Range Rover SUV","niceName":"suv"},"trim":"HSE"},{"id":100825804,"name":"Supercharged 4dr SUV 4WD (4.2L 8cyl S/C 6A)","submodel":{"body":"SUV","modelName":"Range Rover SUV","niceName":"suv"},"trim":"Supercharged"}]},{"id":100524313,"year":2008,"styles":[{"id":100946104,"name":"Supercharged 4dr SUV 4WD (4.2L 8cyl S/C 6A)","submodel":{"body":"SUV","modelName":"Range Rover SUV","niceName":"suv"},"trim":"Supercharged"},{"id":100946103,"name":"HSE 4dr SUV 4WD (4.4L 8cyl 6A)","submodel":{"body":"SUV","modelName":"Range Rover SUV","niceName":"suv"},"trim":"HSE"}]},{"id":100526490,"year":2009,"styles":[{"id":101129816,"name":"Supercharged 4dr SUV 4WD (4.2L 8cyl S/C 6A)","submodel":{"body":"SUV","modelName":"Range Rover SUV","niceName":"suv"},"trim":"Supercharged"},{"id":101129815,"name":"HSE 4dr SUV 4WD (4.4L 8cyl 6A)","submodel":{"body":"SUV","modelName":"Range Rover SUV","niceName":"suv"},"trim":"HSE"}]},{"id":100527750,"year":2010,"styles":[{"id":101162029,"name":"Supercharged 4dr SUV 4WD (5.0L 8cyl S/C 6A)","submodel":{"body":"SUV","modelName":"Range Rover SUV","niceName":"suv"},"trim":"Supercharged"},{"id":101189184,"name":"HSE 4dr SUV 4WD (5.0L 8cyl 6A)","submodel":{"body":"SUV","modelName":"Range Rover SUV","niceName":"suv"},"trim":"HSE"}]},{"id":100533391,"year":2011,"styles":[{"id":101362417,"name":"Supercharged 4dr SUV 4WD (5.0L 8cyl S/C 6A)","submodel":{"body":"SUV","modelName":"Range Rover SUV","niceName":"suv"},"trim":"Supercharged"},{"id":101362291,"name":"HSE 4dr SUV 4WD (5.0L 8cyl 6A)","submodel":{"body":"SUV","modelName":"Range Rover SUV","niceName":"suv"},"trim":"HSE"}]},{"id":100539009,"year":2012,"styles":[{"id":101418365,"name":"Supercharged 4dr SUV 4WD (5.0L 8cyl S/C 6A)","submodel":{"body":"SUV","modelName":"Range Rover SUV","niceName":"suv"},"trim":"Supercharged"},{"id":101418364,"name":"HSE 4dr SUV 4WD (5.0L 8cyl 6A)","submodel":{"body":"SUV","modelName":"Range Rover SUV","niceName":"suv"},"trim":"HSE"}]},{"id":100538089,"year":2013,"styles":[{"id":200441927,"name":"Supercharged 4dr SUV 4WD (5.0L 8cyl S/C 8A)","submodel":{"body":"SUV","modelName":"Range Rover SUV","niceName":"suv"},"trim":"Supercharged"},{"id":101411894,"name":"4dr SUV 4WD (5.0L 8cyl 8A)","submodel":{"body":"SUV","modelName":"Range Rover SUV","niceName":"suv"},"trim":"Base"},{"id":200722390,"name":"Autobiography 4dr SUV 4WD (5.0L 8cyl S/C 8A)","submodel":{"body":"SUV","modelName":"Range Rover SUV","niceName":"suv"},"trim":"Autobiography"},{"id":200722389,"name":"HSE 4dr SUV 4WD (5.0L 8cyl 8A)","submodel":{"body":"SUV","modelName":"Range Rover SUV","niceName":"suv"},"trim":"HSE"}]},{"id":200487464,"year":2014,"styles":[{"id":200487466,"name":"4dr SUV 4WD w/Prod. End 12/31 (3.0L 6cyl S/C 8A)","submodel":{"body":"SUV","modelName":"Range Rover SUV","niceName":"suv"},"trim":"Base"},{"id":200487465,"name":"Supercharged 4dr SUV 4WD w/Prod. End 12/31 (5.0L 8cyl S/C 8A)","submodel":{"body":"SUV","modelName":"Range Rover SUV","niceName":"suv"},"trim":"Supercharged"},{"id":200675915,"name":"Supercharged LWB 4dr SUV 4WD (5.0L 8cyl S/C 8A)","submodel":{"body":"SUV","modelName":"Range Rover SUV","niceName":"suv"},"trim":"Supercharged LWB"},{"id":200722421,"name":"HSE 4dr SUV 4WD (3.0L 6cyl S/C 8A)","submodel":{"body":"SUV","modelName":"Range Rover SUV","niceName":"suv"},"trim":"HSE"},{"id":200675916,"name":"4dr SUV 4WD (3.0L 6cyl S/C 8A)","submodel":{"body":"SUV","modelName":"Range Rover SUV","niceName":"suv"},"trim":"Base"},{"id":200722422,"name":"HSE 4dr SUV 4WD w/Prod. End 12/31 (3.0L 6cyl S/C 8A)","submodel":{"body":"SUV","modelName":"Range Rover SUV","niceName":"suv"},"trim":"HSE"},{"id":200722423,"name":"Autobiography 4dr SUV 4WD (5.0L 8cyl S/C 8A)","submodel":{"body":"SUV","modelName":"Range Rover SUV","niceName":"suv"},"trim":"Autobiography"},{"id":200675914,"name":"Supercharged 4dr SUV 4WD (5.0L 8cyl S/C 8A)","submodel":{"body":"SUV","modelName":"Range Rover SUV","niceName":"suv"},"trim":"Supercharged"},{"id":200722424,"name":"Ebony Edition 4dr SUV 4WD (5.0L 8cyl S/C 8A)","submodel":{"body":"SUV","modelName":"Range Rover SUV","niceName":"suv"},"trim":"Ebony Edition"},{"id":200722425,"name":"Autobiography 4dr SUV 4WD w/Prod. End 12/31 (5.0L 8cyl S/C 8A)","submodel":{"body":"SUV","modelName":"Range Rover SUV","niceName":"suv"},"trim":"Autobiography"},{"id":200722426,"name":"Autobiography LWB 4dr SUV 4WD (5.0L 8cyl S/C 8A)","submodel":{"body":"SUV","modelName":"Range Rover SUV","niceName":"suv"},"trim":"Autobiography LWB"},{"id":200722427,"name":"Autobiography Black LWB 4dr SUV 4WD (5.0L 8cyl S/C 8A)","submodel":{"body":"SUV","modelName":"Range Rover SUV","niceName":"suv"},"trim":"Autobiography Black LWB"},{"id":200722428,"name":"Autobiography LWB 4dr SUV 4WD w/Prod. End 12/31 (5.0L 8cyl S/C 8A)","submodel":{"body":"SUV","modelName":"Range Rover SUV","niceName":"suv"},"trim":"Autobiography LWB"},{"id":200673576,"name":"Supercharged LWB 4dr SUV 4WD w/Prod. End 12/31 (5.0L 8cyl S/C 8A)","submodel":{"body":"SUV","modelName":"Range Rover SUV","niceName":"suv"},"trim":"Supercharged LWB"},{"id":200722429,"name":"Autobiography Black LWB 4dr SUV 4WD w/Prod. End 12/31 (5.0L 8cyl S/C 8A)","submodel":{"body":"SUV","modelName":"Range Rover SUV","niceName":"suv"},"trim":"Autobiography Black LWB"}]},{"id":200706931,"year":2015,"styles":[{"id":200706970,"name":"HSE 4dr SUV 4WD (3.0L 6cyl S/C 8A)","submodel":{"body":"SUV","modelName":"Range Rover SUV","niceName":"suv"},"trim":"HSE"},{"id":200706972,"name":"Autobiography 4dr SUV 4WD (5.0L 8cyl S/C 8A)","submodel":{"body":"SUV","modelName":"Range Rover SUV","niceName":"suv"},"trim":"Autobiography"},{"id":200706937,"name":"Supercharged LWB 4dr SUV 4WD (5.0L 8cyl S/C 8A)","submodel":{"body":"SUV","modelName":"Range Rover SUV","niceName":"suv"},"trim":"Supercharged LWB"},{"id":200706971,"name":"HSE LWB 4dr SUV 4WD (3.0L 6cyl S/C 8A)","submodel":{"body":"SUV","modelName":"Range Rover SUV","niceName":"suv"},"trim":"HSE LWB"},{"id":200706974,"name":"Autobiography Black LWB 4dr SUV 4WD (5.0L 8cyl S/C 8A)","submodel":{"body":"SUV","modelName":"Range Rover SUV","niceName":"suv"},"trim":"Autobiography Black LWB"},{"id":200706973,"name":"Autobiography LWB 4dr SUV 4WD (5.0L 8cyl S/C 8A)","submodel":{"body":"SUV","modelName":"Range Rover SUV","niceName":"suv"},"trim":"Autobiography LWB"},{"id":200720362,"name":"Supercharged Limited 4dr SUV 4WD (5.0L 8cyl S/C 8A)","submodel":{"body":"SUV","modelName":"Range Rover SUV","niceName":"suv"},"trim":"Supercharged Limited"},{"id":200720303,"name":"HSE Limited 4dr SUV 4WD (3.0L 6cyl S/C 8A)","submodel":{"body":"SUV","modelName":"Range Rover SUV","niceName":"suv"},"trim":"HSE Limited"},{"id":200720363,"name":"Supercharged Limited LWB 4dr SUV 4WD (5.0L 8cyl S/C 8A)","submodel":{"body":"SUV","modelName":"Range Rover SUV","niceName":"suv"},"trim":"Supercharged Limited LWB"},{"id":200706936,"name":"Supercharged 4dr SUV 4WD (5.0L 8cyl S/C 8A)","submodel":{"body":"SUV","modelName":"Range Rover SUV","niceName":"suv"},"trim":"Supercharged"},{"id":200706935,"name":"4dr SUV 4WD (3.0L 6cyl S/C 8A)","submodel":{"body":"SUV","modelName":"Range Rover SUV","niceName":"suv"},"trim":"Base"}]},{"id":200724860,"year":2016,"styles":[{"id":200724862,"name":"Td6 4dr SUV AWD (3.0L 6cyl Turbodiesel 8A)","submodel":{"body":"SUV","fuel":"Diesel","modelName":"Range Rover Diesel","niceName":"diesel"},"trim":"Base Td6"},{"id":401589480,"name":"Autobiography LWB 4dr SUV 4WD (5.0L 8cyl S/C 8A)","submodel":{"body":"SUV","modelName":"Range Rover SUV","niceName":"suv"},"trim":"Autobiography LWB"},{"id":401589479,"name":"Autobiography 4dr SUV 4WD (5.0L 8cyl S/C 8A)","submodel":{"body":"SUV","modelName":"Range Rover SUV","niceName":"suv"},"trim":"Autobiography"},{"id":401589478,"name":"SV Autobiography LWB 4dr SUV 4WD (5.0L 8cyl S/C 8A)","submodel":{"body":"SUV","tuner":"SV Autobiography LWB","modelName":"Range Rover SV Autobiography LWB","niceName":"sv-autobiography-lwb"},"trim":"SV Autobiography LWB"},{"id":401589477,"name":"Supercharged LWB 4dr SUV 4WD (5.0L 8cyl S/C 8A)","submodel":{"body":"SUV","modelName":"Range Rover SUV","niceName":"suv"},"trim":"Supercharged LWB"},{"id":401589476,"name":"Supercharged 4dr SUV 4WD (5.0L 8cyl S/C 8A)","submodel":{"body":"SUV","modelName":"Range Rover SUV","niceName":"suv"},"trim":"Supercharged"},{"id":401589475,"name":"HSE 4dr SUV 4WD (3.0L 6cyl S/C 8A)","submodel":{"body":"SUV","modelName":"Range Rover SUV","niceName":"suv"},"trim":"HSE"},{"id":401589474,"name":"HSE Td6 4dr SUV 4WD (3.0L 6cyl Turbodiesel 8A)","submodel":{"body":"SUV","fuel":"Diesel","modelName":"Range Rover Diesel","niceName":"diesel"},"trim":"HSE Td6"},{"id":401589473,"name":"4dr SUV 4WD (3.0L 6cyl S/C 8A)","submodel":{"body":"SUV","modelName":"Range Rover SUV","niceName":"suv"},"trim":"Base"}]}]},{"id":"Land_Rover_Range_Rover_Evoque","name":"Range Rover Evoque","niceName":"range-rover-evoque","years":[{"id":100529830,"year":2012,"styles":[{"id":101356397,"name":"Pure 4dr SUV AWD (2.0L 4cyl Turbo 6A)","submodel":{"body":"SUV","modelName":"Range Rover Evoque SUV","niceName":"suv"},"trim":"Pure"},{"id":101226443,"name":"Pure Plus 2dr SUV AWD (2.0L 4cyl Turbo 6A)","submodel":{"body":"SUV","modelName":"Range Rover Evoque SUV","niceName":"suv"},"trim":"Pure Plus"}]},{"id":200443884,"year":2013,"styles":[{"id":200722417,"name":"Dynamic Premium 4dr SUV AWD (2.0L 4cyl Turbo 6A)","submodel":{"body":"SUV","modelName":"Range Rover Evoque SUV","niceName":"suv"},"trim":"Dynamic Premium"},{"id":200722418,"name":"Pure Premium 4dr SUV AWD (2.0L 4cyl Turbo 6A)","submodel":{"body":"SUV","modelName":"Range Rover Evoque SUV","niceName":"suv"},"trim":"Pure Premium"},{"id":200722419,"name":"Dynamic Premium 2dr SUV AWD (2.0L 4cyl Turbo 6A)","submodel":{"body":"SUV","modelName":"Range Rover Evoque SUV","niceName":"suv"},"trim":"Dynamic Premium"},{"id":200722420,"name":"Pure Premium 2dr SUV AWD (2.0L 4cyl Turbo 6A)","submodel":{"body":"SUV","modelName":"Range Rover Evoque SUV","niceName":"suv"},"trim":"Pure Premium"},{"id":200443886,"name":"Pure 4dr SUV AWD (2.0L 4cyl Turbo 6A)","submodel":{"body":"SUV","modelName":"Range Rover Evoque SUV","niceName":"suv"},"trim":"Pure"},{"id":200443885,"name":"Pure Plus 2dr SUV AWD (2.0L 4cyl Turbo 6A)","submodel":{"body":"SUV","modelName":"Range Rover Evoque SUV","niceName":"suv"},"trim":"Pure Plus"},{"id":200722416,"name":"Pure Plus 4dr SUV AWD (2.0L 4cyl Turbo 6A)","submodel":{"body":"SUV","modelName":"Range Rover Evoque SUV","niceName":"suv"},"trim":"Pure Plus"},{"id":200722415,"name":"Prestige Premium 4dr SUV AWD (2.0L 4cyl Turbo 6A)","submodel":{"body":"SUV","modelName":"Range Rover Evoque SUV","niceName":"suv"},"trim":"Prestige Premium"}]},{"id":200673422,"year":2014,"styles":[{"id":200722436,"name":"Dynamic Premium 4dr SUV AWD (2.0L 4cyl Turbo 9A)","submodel":{"body":"SUV","modelName":"Range Rover Evoque SUV","niceName":"suv"},"trim":"Dynamic Premium"},{"id":200722435,"name":"Pure Plus 4dr SUV AWD (2.0L 4cyl Turbo 9A)","submodel":{"body":"SUV","modelName":"Range Rover Evoque SUV","niceName":"suv"},"trim":"Pure Plus"},{"id":200722434,"name":"Prestige Premium 4dr SUV AWD (2.0L 4cyl Turbo 9A)","submodel":{"body":"SUV","modelName":"Range Rover Evoque SUV","niceName":"suv"},"trim":"Prestige Premium"},{"id":200722439,"name":"Pure Premium 2dr SUV AWD (2.0L 4cyl Turbo 9A)","submodel":{"body":"SUV","modelName":"Range Rover Evoque SUV","niceName":"suv"},"trim":"Pure Premium"},{"id":200722438,"name":"Dynamic Premium 2dr SUV AWD (2.0L 4cyl Turbo 9A)","submodel":{"body":"SUV","modelName":"Range Rover Evoque SUV","niceName":"suv"},"trim":"Dynamic Premium"},{"id":200722437,"name":"Pure Premium 4dr SUV AWD (2.0L 4cyl Turbo 9A)","submodel":{"body":"SUV","modelName":"Range Rover Evoque SUV","niceName":"suv"},"trim":"Pure Premium"},{"id":200673423,"name":"Pure Plus 2dr SUV AWD (2.0L 4cyl Turbo 9A)","submodel":{"body":"SUV","modelName":"Range Rover Evoque SUV","niceName":"suv"},"trim":"Pure Plus"},{"id":200673424,"name":"Pure 4dr SUV AWD (2.0L 4cyl Turbo 9A)","submodel":{"body":"SUV","modelName":"Range Rover Evoque SUV","niceName":"suv"},"trim":"Pure"}]},{"id":200701757,"year":2015,"styles":[{"id":200701763,"name":"Pure Premium 4dr SUV AWD (2.0L 4cyl Turbo 9A)","submodel":{"body":"SUV","modelName":"Range Rover Evoque SUV","niceName":"suv"},"trim":"Pure Premium"},{"id":200701764,"name":"Dynamic 4dr SUV AWD (2.0L 4cyl Turbo 9A)","submodel":{"body":"SUV","modelName":"Range Rover Evoque SUV","niceName":"suv"},"trim":"Dynamic"},{"id":200701761,"name":"Pure 4dr SUV AWD (2.0L 4cyl Turbo 9A)","submodel":{"body":"SUV","modelName":"Range Rover Evoque SUV","niceName":"suv"},"trim":"Pure"},{"id":200701762,"name":"Pure Plus 4dr SUV AWD (2.0L 4cyl Turbo 9A)","submodel":{"body":"SUV","modelName":"Range Rover Evoque SUV","niceName":"suv"},"trim":"Pure Plus"},{"id":200701765,"name":"Prestige 4dr SUV AWD (2.0L 4cyl Turbo 9A)","submodel":{"body":"SUV","modelName":"Range Rover Evoque SUV","niceName":"suv"},"trim":"Prestige"},{"id":200720146,"name":"Autobiography 4dr SUV AWD (2.0L 4cyl Turbo 9A)","submodel":{"body":"SUV","modelName":"Range Rover Evoque SUV","niceName":"suv"},"trim":"Autobiography"},{"id":200734293,"name":"Pure Plus Corris Grey Special Value Edition 4dr SUV AWD (2.0L 4cyl Turbo 9A)","submodel":{"body":"SUV","modelName":"Range Rover Evoque SUV","niceName":"suv"},"trim":"Pure Plus Corris Grey Special Value Edition"},{"id":200734311,"name":"Pure Plus Fuji White Special Value Edition 4dr SUV AWD (2.0L 4cyl Turbo 9A)","submodel":{"body":"SUV","modelName":"Range Rover Evoque SUV","niceName":"suv"},"trim":"Pure Plus Fuji White Special Value Edition"},{"id":200734408,"name":"Pure Plus Firenze Red Special Value Edition 4dr SUV AWD (2.0L 4cyl Turbo 9A)","submodel":{"body":"SUV","modelName":"Range Rover Evoque SUV","niceName":"suv"},"trim":"Pure Plus Firenze Red Special Value Edition"},{"id":200701758,"name":"Pure Plus 2dr SUV AWD (2.0L 4cyl Turbo 9A)","submodel":{"body":"SUV","modelName":"Range Rover Evoque SUV","niceName":"suv"},"trim":"Pure Plus"},{"id":200701760,"name":"Dynamic 2dr SUV AWD (2.0L 4cyl Turbo 9A)","submodel":{"body":"SUV","modelName":"Range Rover Evoque SUV","niceName":"suv"},"trim":"Dynamic"},{"id":200701759,"name":"Pure Premium 2dr SUV AWD (2.0L 4cyl Turbo 9A)","submodel":{"body":"SUV","modelName":"Range Rover Evoque SUV","niceName":"suv"},"trim":"Pure Premium"},{"id":200734415,"name":"Pure Plus Santorini Black Special Value Edition 4dr SUV AWD (2.0L 4cyl Turbo 9A)","submodel":{"body":"SUV","modelName":"Range Rover Evoque SUV","niceName":"suv"},"trim":"Pure Plus Santorini Black Special Value Edition"}]},{"id":200733989,"year":2016,"styles":[{"id":401634173,"name":"Autobiography 4dr SUV AWD (2.0L 4cyl Turbo 9A)","submodel":{"body":"SUV","modelName":"Range Rover Evoque SUV","niceName":"suv"},"trim":"Autobiography"},{"id":200733993,"name":"HSE w/Dynamic Package 4dr SUV AWD (2.0L 4cyl Turbo 9A)","submodel":{"body":"SUV","modelName":"Range Rover Evoque SUV","niceName":"suv"},"trim":"HSE w/Dynamic Package"},{"id":200733990,"name":"SE 4dr SUV AWD (2.0L 4cyl Turbo 9A)","submodel":{"body":"SUV","modelName":"Range Rover Evoque SUV","niceName":"suv"},"trim":"SE"},{"id":200733991,"name":"SE w/Premium Package 4dr SUV AWD (2.0L 4cyl Turbo 9A)","submodel":{"body":"SUV","modelName":"Range Rover Evoque SUV","niceName":"suv"},"trim":"SE w/Premium Package"},{"id":200733992,"name":"HSE 4dr SUV AWD (2.0L 4cyl Turbo 9A)","submodel":{"body":"SUV","modelName":"Range Rover Evoque SUV","niceName":"suv"},"trim":"HSE"},{"id":200734034,"name":"HSE Dynamic 2dr SUV AWD (2.0L 4cyl Turbo 9A)","submodel":{"body":"SUV","modelName":"Range Rover Evoque SUV","niceName":"suv"},"trim":"HSE Dynamic"},{"id":200734033,"name":"SE Premium 2dr SUV AWD (2.0L 4cyl Turbo 9A)","submodel":{"body":"SUV","modelName":"Range Rover Evoque SUV","niceName":"suv"},"trim":"SE Premium"}]},{"id":200730058,"year":2017,"styles":[{"id":401633272,"name":"SE Dynamic 2dr SUV AWD (2.0L 4cyl Turbo 9A)","submodel":{"body":"SUV","modelName":"Range Rover Evoque SUV","niceName":"suv"},"trim":"SE Dynamic"},{"id":200730060,"name":"HSE Dynamic 2dr SUV AWD (2.0L 4cyl Turbo 9A)","submodel":{"body":"SUV","modelName":"Range Rover Evoque SUV","niceName":"suv"},"trim":"HSE Dynamic"}]}]},{"id":"Land_Rover_Range_Rover_Sport","name":"Range Rover Sport","niceName":"range-rover-sport","years":[{"id":100503662,"year":2006,"styles":[{"id":100530963,"name":"Supercharged 4dr SUV 4WD (4.2L 8cyl S/C 6A)","submodel":{"body":"SUV","modelName":"Range Rover Sport SUV","niceName":"suv"},"trim":"Supercharged"},{"id":100530962,"name":"HSE 4dr SUV 4WD (4.4L 8cyl 6A)","submodel":{"body":"SUV","modelName":"Range Rover Sport SUV","niceName":"suv"},"trim":"HSE"}]},{"id":100520227,"year":2007,"styles":[{"id":100828461,"name":"HSE 4dr SUV 4WD (4.4L 8cyl 6A)","submodel":{"body":"SUV","modelName":"Range Rover Sport SUV","niceName":"suv"},"trim":"HSE"},{"id":100828462,"name":"Supercharged 4dr SUV 4WD (4.2L 8cyl S/C 6A)","submodel":{"body":"SUV","modelName":"Range Rover Sport SUV","niceName":"suv"},"trim":"Supercharged"}]},{"id":100524314,"year":2008,"styles":[{"id":100946364,"name":"HSE 4dr SUV 4WD (4.4L 8cyl 6A)","submodel":{"body":"SUV","modelName":"Range Rover Sport SUV","niceName":"suv"},"trim":"HSE"},{"id":100946365,"name":"Supercharged 4dr SUV 4WD (4.2L 8cyl S/C 6A)","submodel":{"body":"SUV","modelName":"Range Rover Sport SUV","niceName":"suv"},"trim":"Supercharged"}]},{"id":100526491,"year":2009,"styles":[{"id":101119317,"name":"HSE 4dr SUV 4WD (4.4L 8cyl 6A)","submodel":{"body":"SUV","modelName":"Range Rover Sport SUV","niceName":"suv"},"trim":"HSE"},{"id":101119318,"name":"Supercharged 4dr SUV 4WD (4.2L 8cyl S/C 6A)","submodel":{"body":"SUV","modelName":"Range Rover Sport SUV","niceName":"suv"},"trim":"Supercharged"}]},{"id":100527751,"year":2010,"styles":[{"id":101197587,"name":"Supercharged 4dr SUV 4WD (5.0L 8cyl S/C 6A)","submodel":{"body":"SUV","modelName":"Range Rover Sport SUV","niceName":"suv"},"trim":"Supercharged"},{"id":101162032,"name":"HSE 4dr SUV 4WD (5.0L 8cyl 6A)","submodel":{"body":"SUV","modelName":"Range Rover Sport SUV","niceName":"suv"},"trim":"HSE"}]},{"id":100533470,"year":2011,"styles":[{"id":101362553,"name":"Supercharged 4dr SUV 4WD (5.0L 8cyl S/C 6A)","submodel":{"body":"SUV","modelName":"Range Rover Sport SUV","niceName":"suv"},"trim":"Supercharged"},{"id":101362552,"name":"HSE 4dr SUV 4WD (5.0L 8cyl 6A)","submodel":{"body":"SUV","modelName":"Range Rover Sport SUV","niceName":"suv"},"trim":"HSE"}]},{"id":100539049,"year":2012,"styles":[{"id":101418554,"name":"HSE 4dr SUV 4WD (5.0L 8cyl 6A)","submodel":{"body":"SUV","modelName":"Range Rover Sport SUV","niceName":"suv"},"trim":"HSE"},{"id":101418555,"name":"Supercharged 4dr SUV 4WD (5.0L 8cyl S/C 6A)","submodel":{"body":"SUV","modelName":"Range Rover Sport SUV","niceName":"suv"},"trim":"Supercharged"}]},{"id":200423714,"year":2013,"styles":[{"id":200722433,"name":"Autobiography 4dr SUV 4WD (5.0L 8cyl S/C 6A)","submodel":{"body":"SUV","modelName":"Range Rover Sport SUV","niceName":"suv"},"trim":"Autobiography"},{"id":200722430,"name":"GT Limited Edition 4dr SUV 4WD (5.0L 8cyl 6A)","submodel":{"body":"SUV","modelName":"Range Rover Sport SUV","niceName":"suv"},"trim":"GT Limited Edition"},{"id":200423715,"name":"HSE 4dr SUV 4WD (5.0L 8cyl 6A)","submodel":{"body":"SUV","modelName":"Range Rover Sport SUV","niceName":"suv"},"trim":"HSE"},{"id":200722431,"name":"Luxury 4dr SUV 4WD (5.0L 8cyl 6A)","submodel":{"body":"SUV","modelName":"Range Rover Sport SUV","niceName":"suv"},"trim":"Luxury"},{"id":200423716,"name":"Supercharged 4dr SUV 4WD (5.0L 8cyl S/C 6A)","submodel":{"body":"SUV","modelName":"Range Rover Sport SUV","niceName":"suv"},"trim":"Supercharged"},{"id":200722432,"name":"Supercharged Limited Edition 4dr SUV 4WD (5.0L 8cyl S/C 6A)","submodel":{"body":"SUV","modelName":"Range Rover Sport SUV","niceName":"suv"},"trim":"Supercharged Limited Edition"}]},{"id":200465686,"year":2014,"styles":[{"id":200675913,"name":"Supercharged 4dr SUV 4WD (5.0L 8cyl S/C 8A)","submodel":{"body":"SUV","modelName":"Range Rover Sport SUV","niceName":"suv"},"trim":"Supercharged"},{"id":200722444,"name":"Autobiography 4dr SUV 4WD w/Prod. End 12/31 (5.0L 8cyl S/C 8A)","submodel":{"body":"SUV","modelName":"Range Rover Sport SUV","niceName":"suv"},"trim":"Autobiography"},{"id":200675912,"name":"SE 4dr SUV 4WD (3.0L 6cyl S/C 8A)","submodel":{"body":"SUV","modelName":"Range Rover Sport SUV","niceName":"suv"},"trim":"SE"},{"id":200722443,"name":"Autobiography 4dr SUV 4WD (5.0L 8cyl S/C 8A)","submodel":{"body":"SUV","modelName":"Range Rover Sport SUV","niceName":"suv"},"trim":"Autobiography"},{"id":200475141,"name":"Supercharged 4dr SUV 4WD w/Prod. End 12/31 (5.0L 8cyl S/C 8A)","submodel":{"body":"SUV","modelName":"Range Rover Sport SUV","niceName":"suv"},"trim":"Supercharged"},{"id":200722442,"name":"HSE 4dr SUV 4WD w/Prod. End 12/31 (3.0L 6cyl S/C 8A)","submodel":{"body":"SUV","modelName":"Range Rover Sport SUV","niceName":"suv"},"trim":"HSE"},{"id":200465687,"name":"SE 4dr SUV 4WD w/Prod. End 12/31 (3.0L 6cyl S/C 8A)","submodel":{"body":"SUV","modelName":"Range Rover Sport SUV","niceName":"suv"},"trim":"SE"},{"id":200722441,"name":"HSE 4dr SUV 4WD (3.0L 6cyl S/C 8A)","submodel":{"body":"SUV","modelName":"Range Rover Sport SUV","niceName":"suv"},"trim":"HSE"}]},{"id":200706688,"year":2015,"styles":[{"id":200706700,"name":"Autobiography 4dr SUV 4WD (5.0L 8cyl S/C 8A)","submodel":{"body":"SUV","modelName":"Range Rover Sport SUV","niceName":"suv"},"trim":"Autobiography"},{"id":200719825,"name":"HSE Limited Edition 4dr SUV 4WD (3.0L 6cyl S/C 8A)","submodel":{"body":"SUV","modelName":"Range Rover Sport SUV","niceName":"suv"},"trim":"HSE Limited Edition"},{"id":200719884,"name":"Supercharged Limited Edition 4dr SUV 4WD (5.0L 8cyl S/C 8A)","submodel":{"body":"SUV","modelName":"Range Rover Sport SUV","niceName":"suv"},"trim":"Supercharged Limited Edition"},{"id":200719661,"name":"SVR 4dr SUV 4WD (5.0L 8cyl S/C 8A)","submodel":{"body":"SUV","tuner":"SVR","modelName":"Range Rover Sport SVR","niceName":"svr"},"trim":"SVR"},{"id":200706692,"name":"Supercharged 4dr SUV 4WD (5.0L 8cyl S/C 8A)","submodel":{"body":"SUV","modelName":"Range Rover Sport SUV","niceName":"suv"},"trim":"Supercharged"},{"id":200706689,"name":"SE 4dr SUV 4WD (3.0L 6cyl S/C 8A)","submodel":{"body":"SUV","modelName":"Range Rover Sport SUV","niceName":"suv"},"trim":"SE"},{"id":200706690,"name":"HSE 4dr SUV 4WD (3.0L 6cyl S/C 8A)","submodel":{"body":"SUV","modelName":"Range Rover Sport SUV","niceName":"suv"},"trim":"HSE"}]},{"id":200724861,"year":2016,"styles":[{"id":401583474,"name":"Autobiography 4dr SUV 4WD (5.0L 8cyl S/C 8A)","submodel":{"body":"SUV","modelName":"Range Rover Sport SUV","niceName":"suv"},"trim":"Autobiography"},{"id":401583473,"name":"Supercharged Dynamic 4dr SUV 4WD (5.0L 8cyl S/C 8A)","submodel":{"body":"SUV","modelName":"Range Rover Sport SUV","niceName":"suv"},"trim":"Supercharged Dynamic"},{"id":401583475,"name":"SVR 4dr SUV 4WD (5.0L 8cyl S/C 8A)","submodel":{"body":"SUV","tuner":"SVR","modelName":"Range Rover Sport SVR","niceName":"svr"},"trim":"SVR"},{"id":200724863,"name":"SE Td6 4dr SUV 4WD (3.0L 6cyl Turbodiesel 8A)","submodel":{"body":"SUV","fuel":"Diesel","modelName":"Range Rover Sport Diesel","niceName":"diesel"},"trim":"SE Td6"},{"id":401583467,"name":"SE 4dr SUV 4WD (3.0L 6cyl S/C 8A)","submodel":{"body":"SUV","modelName":"Range Rover Sport SUV","niceName":"suv"},"trim":"SE"},{"id":401583468,"name":"HSE Td6 4dr SUV 4WD (3.0L 6cyl Turbodiesel 8A)","submodel":{"body":"SUV","fuel":"Diesel","modelName":"Range Rover Sport Diesel","niceName":"diesel"},"trim":"HSE Td6"},{"id":401583469,"name":"HSE 4dr SUV 4WD (3.0L 6cyl S/C 8A)","submodel":{"body":"SUV","modelName":"Range Rover Sport SUV","niceName":"suv"},"trim":"HSE"},{"id":401583470,"name":"Supercharged 4dr SUV 4WD (5.0L 8cyl S/C 8A)","submodel":{"body":"SUV","modelName":"Range Rover Sport SUV","niceName":"suv"},"trim":"Supercharged"}]}]}],"modelsCount":11,"make":"Land Rover"}