{"models":[{"id":"MINI_Cooper","name":"Cooper","niceName":"cooper","years":[{"id":100502585,"year":2002,"styles":[{"id":100074117,"name":"S 2dr Hatchback (1.6L 4cyl S/C 6M)","submodel":{"body":"Hatchback","modelName":"Cooper Hatchback","niceName":"hatchback"},"trim":"S"},{"id":100074116,"name":"2dr Hatchback (1.6L 4cyl 5M)","submodel":{"body":"Hatchback","modelName":"Cooper Hatchback","niceName":"hatchback"},"trim":"Base"}]},{"id":100502862,"year":2003,"styles":[{"id":100167527,"name":"2dr Hatchback (1.6L 4cyl 5M)","submodel":{"body":"Hatchback","modelName":"Cooper Hatchback","niceName":"hatchback"},"trim":"Base"},{"id":100167528,"name":"S 2dr Hatchback (1.6L 4cyl S/C 6M)","submodel":{"body":"Hatchback","modelName":"Cooper Hatchback","niceName":"hatchback"},"trim":"S"}]},{"id":100503580,"year":2004,"styles":[{"id":100330897,"name":"S 2dr Hatchback (1.6L 4cyl S/C 6M)","submodel":{"body":"Hatchback","modelName":"Cooper Hatchback","niceName":"hatchback"},"trim":"S"},{"id":100330896,"name":"2dr Hatchback (1.6L 4cyl 5M)","submodel":{"body":"Hatchback","modelName":"Cooper Hatchback","niceName":"hatchback"},"trim":"Base"}]},{"id":100503223,"year":2005,"styles":[{"id":100414744,"name":"2dr Convertible (1.6L 4cyl 5M)","submodel":{"body":"Convertible","modelName":"Cooper Convertible","niceName":"convertible"},"trim":"Base"},{"id":100414743,"name":"S 2dr Hatchback (1.6L 4cyl S/C 6M)","submodel":{"body":"Hatchback","modelName":"Cooper Hatchback","niceName":"hatchback"},"trim":"S"},{"id":100414742,"name":"2dr Hatchback (1.6L 4cyl 5M)","submodel":{"body":"Hatchback","modelName":"Cooper Hatchback","niceName":"hatchback"},"trim":"Base"},{"id":100414745,"name":"S 2dr Convertible (1.6L 4cyl S/C 6M)","submodel":{"body":"Convertible","modelName":"Cooper Convertible","niceName":"convertible"},"trim":"S"}]},{"id":100506449,"year":2006,"styles":[{"id":100727012,"name":"S 2dr Hatchback w/John Cooper Works GP Kit (1.6L 4cyl S/C 6M)","submodel":{"body":"Hatchback","tuner":"S","modelName":"Cooper S","niceName":"s"},"trim":"S"},{"id":100595808,"name":"2dr Hatchback (1.6L 4cyl 5M)","submodel":{"body":"Hatchback","modelName":"Cooper Hatchback","niceName":"hatchback"},"trim":"Base"},{"id":100595810,"name":"2dr Convertible (1.6L 4cyl 5M)","submodel":{"body":"Convertible","modelName":"Cooper Convertible","niceName":"convertible"},"trim":"Base"},{"id":100595809,"name":"S 2dr Hatchback (1.6L 4cyl S/C 6M)","submodel":{"body":"Hatchback","modelName":"Cooper Hatchback","niceName":"hatchback"},"trim":"S"},{"id":100595811,"name":"S 2dr Convertible (1.6L 4cyl S/C 6M)","submodel":{"body":"Convertible","modelName":"Cooper Convertible","niceName":"convertible"},"trim":"S"}]},{"id":100505530,"year":2007,"styles":[{"id":100837390,"name":"2dr Hatchback (1.6L 4cyl 6M)","submodel":{"body":"Hatchback","modelName":"Cooper Hatchback","niceName":"hatchback"},"trim":"Base"},{"id":100837391,"name":"S 2dr Hatchback (1.6L 4cyl Turbo 6M)","submodel":{"body":"Hatchback","modelName":"Cooper Hatchback","niceName":"hatchback"},"trim":"S"},{"id":100837392,"name":"2dr Convertible (1.6L 4cyl 5M)","submodel":{"body":"Convertible","modelName":"Cooper Convertible","niceName":"convertible"},"trim":"Base"},{"id":100837393,"name":"S 2dr Convertible (1.6L 4cyl S/C 6M)","submodel":{"body":"Convertible","modelName":"Cooper Convertible","niceName":"convertible"},"trim":"S"}]},{"id":100524537,"year":2008,"styles":[{"id":100955394,"name":"S 2dr Hatchback (1.6L 4cyl Turbo 6M)","submodel":{"body":"Hatchback","modelName":"Cooper Hatchback","niceName":"hatchback"},"trim":"S"},{"id":100955393,"name":"2dr Hatchback (1.6L 4cyl 6M)","submodel":{"body":"Hatchback","modelName":"Cooper Hatchback","niceName":"hatchback"},"trim":"Base"},{"id":100955396,"name":"S 2dr Convertible (1.6L 4cyl S/C 6M)","submodel":{"body":"Convertible","modelName":"Cooper Convertible","niceName":"convertible"},"trim":"S"},{"id":100955395,"name":"2dr Convertible (1.6L 4cyl 5M)","submodel":{"body":"Convertible","modelName":"Cooper Convertible","niceName":"convertible"},"trim":"Base"}]},{"id":100525449,"year":2009,"styles":[{"id":101016846,"name":"S 2dr Convertible (1.6L 4cyl Turbo 6M)","submodel":{"body":"Convertible","modelName":"Cooper Convertible","niceName":"convertible"},"trim":"S"},{"id":101016845,"name":"2dr Convertible (1.6L 4cyl 6M)","submodel":{"body":"Convertible","modelName":"Cooper Convertible","niceName":"convertible"},"trim":"Base"},{"id":101016844,"name":"S 2dr Hatchback (1.6L 4cyl Turbo 6M)","submodel":{"body":"Hatchback","modelName":"Cooper Hatchback","niceName":"hatchback"},"trim":"S"},{"id":101016843,"name":"2dr Hatchback (1.6L 4cyl 6M)","submodel":{"body":"Hatchback","modelName":"Cooper Hatchback","niceName":"hatchback"},"trim":"Base"},{"id":101016849,"name":"John Cooper Works 2dr Hatchback (1.6L 4cyl Turbo 6M)","submodel":{"body":"Hatchback","tuner":"John Cooper Works","modelName":"Cooper John Cooper Works","niceName":"john-cooper-works"},"trim":"John Cooper Works"},{"id":101159563,"name":"John Cooper Works 2dr Convertible (1.6L 4cyl Turbo 6M)","submodel":{"body":"Convertible","tuner":"John Cooper Works","modelName":"Cooper John Cooper Works","niceName":"john-cooper-works"},"trim":"John Cooper Works"}]},{"id":100529950,"year":2010,"styles":[{"id":101235925,"name":"2dr Convertible (1.6L 4cyl 6M)","submodel":{"body":"Convertible","modelName":"Cooper Convertible","niceName":"convertible"},"trim":"Base"},{"id":101235926,"name":"S 2dr Convertible (1.6L 4cyl Turbo 6M)","submodel":{"body":"Convertible","modelName":"Cooper Convertible","niceName":"convertible"},"trim":"S"},{"id":101235884,"name":"S 2dr Hatchback (1.6L 4cyl Turbo 6M)","submodel":{"body":"Hatchback","modelName":"Cooper Hatchback","niceName":"hatchback"},"trim":"S"},{"id":101236052,"name":"John Cooper Works 2dr Convertible (1.6L 4cyl Turbo 6M)","submodel":{"body":"Convertible","tuner":"John Cooper Works","modelName":"Cooper John Cooper Works","niceName":"john-cooper-works"},"trim":"John Cooper Works"},{"id":101235883,"name":"2dr Hatchback (1.6L 4cyl 6M)","submodel":{"body":"Hatchback","modelName":"Cooper Hatchback","niceName":"hatchback"},"trim":"Base"},{"id":101235885,"name":"John Cooper Works 2dr Hatchback (1.6L 4cyl Turbo 6M)","submodel":{"body":"Hatchback","tuner":"John Cooper Works","modelName":"Cooper John Cooper Works","niceName":"john-cooper-works"},"trim":"John Cooper Works"}]},{"id":100531411,"year":2011,"styles":[{"id":101293762,"name":"2dr Hatchback (1.6L 4cyl 6M)","submodel":{"body":"Hatchback","modelName":"Cooper Hatchback","niceName":"hatchback"},"trim":"Base"},{"id":101357469,"name":"S 2dr Hatchback (1.6L 4cyl Turbo 6M)","submodel":{"body":"Hatchback","modelName":"Cooper Hatchback","niceName":"hatchback"},"trim":"S"},{"id":101357470,"name":"John Cooper Works 2dr Hatchback (1.6L 4cyl Turbo 6M)","submodel":{"body":"Hatchback","tuner":"John Cooper Works","modelName":"Cooper John Cooper Works","niceName":"john-cooper-works"},"trim":"John Cooper Works"},{"id":101357471,"name":"2dr Convertible (1.6L 4cyl 6M)","submodel":{"body":"Convertible","modelName":"Cooper Convertible","niceName":"convertible"},"trim":"Base"},{"id":101357497,"name":"S 2dr Convertible (1.6L 4cyl Turbo 6M)","submodel":{"body":"Convertible","modelName":"Cooper Convertible","niceName":"convertible"},"trim":"S"},{"id":101357498,"name":"John Cooper Works 2dr Convertible (1.6L 4cyl Turbo 6M)","submodel":{"body":"Convertible","tuner":"John Cooper Works","modelName":"Cooper John Cooper Works","niceName":"john-cooper-works"},"trim":"John Cooper Works"}]},{"id":100529269,"year":2012,"styles":[{"id":101395837,"name":"2dr Convertible (1.6L 4cyl 6M)","submodel":{"body":"Convertible","modelName":"Cooper Convertible","niceName":"convertible"},"trim":"Base"},{"id":101395838,"name":"S 2dr Convertible (1.6L 4cyl Turbo 6M)","submodel":{"body":"Convertible","modelName":"Cooper Convertible","niceName":"convertible"},"trim":"S"},{"id":101395839,"name":"John Cooper Works 2dr Convertible (1.6L 4cyl Turbo 6M)","submodel":{"body":"Convertible","tuner":"John Cooper Works","modelName":"Cooper John Cooper Works","niceName":"john-cooper-works"},"trim":"John Cooper Works"},{"id":101395834,"name":"2dr Hatchback (1.6L 4cyl 6M)","submodel":{"body":"Hatchback","modelName":"Cooper Hatchback","niceName":"hatchback"},"trim":"Base"},{"id":101395835,"name":"S 2dr Hatchback (1.6L 4cyl Turbo 6M)","submodel":{"body":"Hatchback","modelName":"Cooper Hatchback","niceName":"hatchback"},"trim":"S"},{"id":101395836,"name":"John Cooper Works 2dr Hatchback (1.6L 4cyl Turbo 6M)","submodel":{"body":"Hatchback","tuner":"John Cooper Works","modelName":"Cooper John Cooper Works","niceName":"john-cooper-works"},"trim":"John Cooper Works"}]},{"id":200434265,"year":2013,"styles":[{"id":200434269,"name":"John Cooper Works 2dr Hatchback (1.6L 4cyl Turbo 6M)","submodel":{"body":"Hatchback","tuner":"John Cooper Works","modelName":"Cooper John Cooper Works","niceName":"john-cooper-works"},"trim":"John Cooper Works"},{"id":200434270,"name":"S 2dr Convertible (1.6L 4cyl Turbo 6M)","submodel":{"body":"Convertible","modelName":"Cooper Convertible","niceName":"convertible"},"trim":"S"},{"id":200434271,"name":"S 2dr Hatchback (1.6L 4cyl Turbo 6M)","submodel":{"body":"Hatchback","modelName":"Cooper Hatchback","niceName":"hatchback"},"trim":"S"},{"id":200434266,"name":"2dr Convertible (1.6L 4cyl 6M)","submodel":{"body":"Convertible","modelName":"Cooper Convertible","niceName":"convertible"},"trim":"Base"},{"id":200434267,"name":"2dr Hatchback (1.6L 4cyl 6M)","submodel":{"body":"Hatchback","modelName":"Cooper Hatchback","niceName":"hatchback"},"trim":"Base"},{"id":200434268,"name":"John Cooper Works 2dr Convertible (1.6L 4cyl Turbo 6M)","submodel":{"body":"Convertible","tuner":"John Cooper Works","modelName":"Cooper John Cooper Works","niceName":"john-cooper-works"},"trim":"John Cooper Works"}]},{"id":200484992,"year":2014,"styles":[{"id":200493386,"name":"S 2dr Convertible (1.6L 4cyl Turbo 6M)","submodel":{"body":"Convertible","modelName":"Cooper Convertible","niceName":"convertible"},"trim":"S"},{"id":200689879,"name":"S 2dr Hatchback (2.0L 4cyl Turbo 6M)","submodel":{"body":"Hatchback","modelName":"Cooper Hatchback","niceName":"hatchback"},"trim":"S"},{"id":200493387,"name":"John Cooper Works 2dr Convertible (1.6L 4cyl Turbo 6M)","submodel":{"body":"Convertible","tuner":"John Cooper Works","modelName":"Cooper John Cooper Works","niceName":"john-cooper-works"},"trim":"John Cooper Works"},{"id":200493388,"name":"2dr Convertible (1.6L 4cyl 6M)","submodel":{"body":"Convertible","modelName":"Cooper Convertible","niceName":"convertible"},"trim":"Base"},{"id":200483476,"name":"2dr Hatchback (1.5L 3cyl Turbo 6M)","submodel":{"body":"Hatchback","modelName":"Cooper Hatchback","niceName":"hatchback"},"trim":"Base"}]},{"id":200483475,"year":2015,"styles":[{"id":200709178,"name":"2dr Convertible (1.6L 4cyl 6M)","submodel":{"body":"Convertible","modelName":"Cooper Convertible","niceName":"convertible"},"trim":"Base"},{"id":200709177,"name":"S 2dr Hatchback (2.0L 4cyl Turbo 6M)","submodel":{"body":"Hatchback","modelName":"Cooper Hatchback","niceName":"hatchback"},"trim":"S"},{"id":200709180,"name":"John Cooper Works 2dr Convertible (1.6L 4cyl Turbo 6M)","submodel":{"body":"Convertible","tuner":"John Cooper Works","modelName":"Cooper John Cooper Works","niceName":"john-cooper-works"},"trim":"John Cooper Works"},{"id":200709179,"name":"S 2dr Convertible (1.6L 4cyl Turbo 6M)","submodel":{"body":"Convertible","modelName":"Cooper Convertible","niceName":"convertible"},"trim":"S"},{"id":200720170,"name":"4dr Hatchback (1.5L 3cyl Turbo 6M)","submodel":{"body":"Hatchback","modelName":"Cooper Hatchback","niceName":"hatchback"},"trim":"Base"},{"id":200673955,"name":"John Cooper Works 2dr Hatchback (2.0L 4cyl Turbo 6M)","submodel":{"body":"Hatchback","tuner":"John Cooper Works","modelName":"Cooper John Cooper Works","niceName":"john-cooper-works"},"trim":"John Cooper Works"},{"id":200720171,"name":"S 4dr Hatchback (2.0L 4cyl Turbo 6M)","submodel":{"body":"Hatchback","modelName":"Cooper Hatchback","niceName":"hatchback"},"trim":"S"},{"id":200709175,"name":"2dr Hatchback (1.5L 3cyl Turbo 6M)","submodel":{"body":"Hatchback","modelName":"Cooper Hatchback","niceName":"hatchback"},"trim":"Base"}]},{"id":200738845,"year":2016,"styles":[{"id":200738852,"name":"4dr Hatchback (1.5L 3cyl Turbo 6M)","submodel":{"body":"Hatchback","modelName":"Cooper Hatchback","niceName":"hatchback"},"trim":"Base"},{"id":200738853,"name":"S 4dr Hatchback (2.0L 4cyl Turbo 6M)","submodel":{"body":"Hatchback","modelName":"Cooper Hatchback","niceName":"hatchback"},"trim":"S"},{"id":200738854,"name":"John Cooper Works 2dr Hatchback (2.0L 4cyl Turbo 6M)","submodel":{"body":"Hatchback","tuner":"John Cooper Works","modelName":"Cooper John Cooper Works","niceName":"john-cooper-works"},"trim":"John Cooper Works"},{"id":200738855,"name":"S 2dr Hatchback (2.0L 4cyl Turbo 6M)","submodel":{"body":"Hatchback","modelName":"Cooper Hatchback","niceName":"hatchback"},"trim":"S"},{"id":401633311,"name":"2dr Convertible (1.5L 3cyl Turbo 6M)","submodel":{"body":"Convertible","modelName":"Cooper Convertible","niceName":"convertible"},"trim":"Base"},{"id":200738856,"name":"2dr Hatchback (1.5L 3cyl Turbo 6M)","submodel":{"body":"Hatchback","modelName":"Cooper Hatchback","niceName":"hatchback"},"trim":"Base"},{"id":401633312,"name":"S 2dr Convertible (2.0L 4cyl Turbo 6M)","submodel":{"body":"Convertible","modelName":"Cooper Convertible","niceName":"convertible"},"trim":"S"}]}]},{"id":"MINI_Cooper_Clubman","name":"Cooper Clubman","niceName":"cooper-clubman","years":[{"id":100524631,"year":2008,"styles":[{"id":100961031,"name":"S 3dr Hatchback (1.6L 4cyl Turbo 6M)","submodel":{"body":"Hatchback","modelName":"Cooper Clubman Hatchback","niceName":"hatchback"},"trim":"S"},{"id":100961030,"name":"3dr Hatchback (1.6L 4cyl 6M)","submodel":{"body":"Hatchback","modelName":"Cooper Clubman Hatchback","niceName":"hatchback"},"trim":"Base"}]},{"id":100525450,"year":2009,"styles":[{"id":101017789,"name":"John Cooper Works 3dr Hatchback (1.6L 4cyl Turbo 6M)","submodel":{"body":"Hatchback","tuner":"John Cooper Works","modelName":"Cooper Clubman John Cooper Works","niceName":"john-cooper-works"},"trim":"John Cooper Works"},{"id":101017659,"name":"3dr Hatchback (1.6L 4cyl 6M)","submodel":{"body":"Hatchback","modelName":"Cooper Clubman Hatchback","niceName":"hatchback"},"trim":"Base"},{"id":101017660,"name":"S 3dr Hatchback (1.6L 4cyl Turbo 6M)","submodel":{"body":"Hatchback","modelName":"Cooper Clubman Hatchback","niceName":"hatchback"},"trim":"S"}]},{"id":100530069,"year":2010,"styles":[{"id":101239467,"name":"3dr Hatchback (1.6L 4cyl 6M)","submodel":{"body":"Hatchback","modelName":"Cooper Clubman Hatchback","niceName":"hatchback"},"trim":"Base"},{"id":101239468,"name":"S 3dr Hatchback (1.6L 4cyl Turbo 6M)","submodel":{"body":"Hatchback","modelName":"Cooper Clubman Hatchback","niceName":"hatchback"},"trim":"S"},{"id":101239469,"name":"John Cooper Works 3dr Hatchback (1.6L 4cyl Turbo 6M)","submodel":{"body":"Hatchback","tuner":"John Cooper Works","modelName":"Cooper Clubman John Cooper Works","niceName":"john-cooper-works"},"trim":"John Cooper Works"}]},{"id":100533352,"year":2011,"styles":[{"id":101361119,"name":"John Cooper Works 3dr Hatchback (1.6L 4cyl Turbo 6M)","submodel":{"body":"Hatchback","tuner":"John Cooper Works","modelName":"Cooper Clubman John Cooper Works","niceName":"john-cooper-works"},"trim":"John Cooper Works"},{"id":101361118,"name":"S 3dr Hatchback (1.6L 4cyl Turbo 6M)","submodel":{"body":"Hatchback","modelName":"Cooper Clubman Hatchback","niceName":"hatchback"},"trim":"S"},{"id":101361117,"name":"3dr Hatchback (1.6L 4cyl 6M)","submodel":{"body":"Hatchback","modelName":"Cooper Clubman Hatchback","niceName":"hatchback"},"trim":"Base"}]},{"id":100536029,"year":2012,"styles":[{"id":101396110,"name":"S 3dr Hatchback (1.6L 4cyl Turbo 6M)","submodel":{"body":"Hatchback","modelName":"Cooper Clubman Hatchback","niceName":"hatchback"},"trim":"S"},{"id":101396109,"name":"3dr Hatchback (1.6L 4cyl 6M)","submodel":{"body":"Hatchback","modelName":"Cooper Clubman Hatchback","niceName":"hatchback"},"trim":"Base"},{"id":101396111,"name":"John Cooper Works 3dr Hatchback (1.6L 4cyl Turbo 6M)","submodel":{"body":"Hatchback","tuner":"John Cooper Works","modelName":"Cooper Clubman John Cooper Works","niceName":"john-cooper-works"},"trim":"John Cooper Works"}]},{"id":200436105,"year":2013,"styles":[{"id":200436123,"name":"S 3dr Hatchback (1.6L 4cyl Turbo 6M)","submodel":{"body":"Hatchback","modelName":"Cooper Clubman Hatchback","niceName":"hatchback"},"trim":"S"},{"id":200436122,"name":"John Cooper Works 3dr Hatchback (1.6L 4cyl Turbo 6M)","submodel":{"body":"Hatchback","tuner":"John Cooper Works","modelName":"Cooper Clubman John Cooper Works","niceName":"john-cooper-works"},"trim":"John Cooper Works"},{"id":200436121,"name":"3dr Hatchback (1.6L 4cyl 6M)","submodel":{"body":"Hatchback","modelName":"Cooper Clubman Hatchback","niceName":"hatchback"},"trim":"Base"}]},{"id":200493690,"year":2014,"styles":[{"id":200493691,"name":"3dr Hatchback (1.6L 4cyl 6M)","submodel":{"body":"Hatchback","modelName":"Cooper Clubman Hatchback","niceName":"hatchback"},"trim":"Base"},{"id":200493692,"name":"S 3dr Hatchback (1.6L 4cyl Turbo 6M)","submodel":{"body":"Hatchback","modelName":"Cooper Clubman Hatchback","niceName":"hatchback"},"trim":"S"},{"id":200493693,"name":"John Cooper Works 3dr Hatchback (1.6L 4cyl Turbo 6M)","submodel":{"body":"Hatchback","tuner":"John Cooper Works","modelName":"Cooper Clubman John Cooper Works","niceName":"john-cooper-works"},"trim":"John Cooper Works"}]},{"id":200741085,"year":2016,"styles":[{"id":401613297,"name":"S 4dr Hatchback (2.0L 4cyl Turbo 6M)","submodel":{"body":"Hatchback","modelName":"Cooper Clubman Hatchback","niceName":"hatchback"},"trim":"S"},{"id":200741087,"name":"4dr Hatchback (1.5L 3cyl Turbo 6M)","submodel":{"body":"Hatchback","modelName":"Cooper Clubman Hatchback","niceName":"hatchback"},"trim":"Base"}]}]},{"id":"MINI_Cooper_Countryman","name":"Cooper Countryman","niceName":"cooper-countryman","years":[{"id":100533730,"year":2011,"styles":[{"id":101369100,"name":"S 4dr Wagon (1.6L 4cyl Turbo 6M)","submodel":{"body":"Wagon","modelName":"Cooper Countryman Wagon","niceName":"wagon"},"trim":"S"},{"id":101369101,"name":"S ALL4 4dr Wagon AWD (1.6L 4cyl Turbo 6M)","submodel":{"body":"Wagon","modelName":"Cooper Countryman Wagon","niceName":"wagon"},"trim":"S ALL4"},{"id":101254342,"name":"4dr Wagon (1.6L 4cyl 6M)","submodel":{"body":"Wagon","modelName":"Cooper Countryman Wagon","niceName":"wagon"},"trim":"Base"}]},{"id":100535970,"year":2012,"styles":[{"id":101395886,"name":"S 4dr Wagon (1.6L 4cyl Turbo 6M)","submodel":{"body":"Wagon","modelName":"Cooper Countryman Wagon","niceName":"wagon"},"trim":"S"},{"id":101395885,"name":"4dr Wagon (1.6L 4cyl 6M)","submodel":{"body":"Wagon","modelName":"Cooper Countryman Wagon","niceName":"wagon"},"trim":"Base"},{"id":101395887,"name":"S ALL4 4dr Wagon AWD (1.6L 4cyl Turbo 6M)","submodel":{"body":"Wagon","modelName":"Cooper Countryman Wagon","niceName":"wagon"},"trim":"S ALL4"}]},{"id":100539271,"year":2013,"styles":[{"id":200459295,"name":"S ALL4 4dr Wagon AWD (1.6L 4cyl Turbo 6M)","submodel":{"body":"Wagon","modelName":"Cooper Countryman Wagon","niceName":"wagon"},"trim":"S ALL4"},{"id":200459293,"name":"4dr Wagon (1.6L 4cyl 6M)","submodel":{"body":"Wagon","modelName":"Cooper Countryman Wagon","niceName":"wagon"},"trim":"Base"},{"id":200459294,"name":"S 4dr Wagon (1.6L 4cyl Turbo 6M)","submodel":{"body":"Wagon","modelName":"Cooper Countryman Wagon","niceName":"wagon"},"trim":"S"},{"id":101424682,"name":"John Cooper Works ALL4 4dr Wagon AWD (1.6L 4cyl Turbo 6M)","submodel":{"body":"Wagon","tuner":"John Cooper Works ALL4","modelName":"Cooper Countryman John Cooper Works ALL4","niceName":"john-cooper-works-all4"},"trim":"John Cooper Works ALL4"}]},{"id":200491398,"year":2014,"styles":[{"id":200491400,"name":"John Cooper Works ALL4 4dr Wagon AWD (1.6L 4cyl Turbo 6M)","submodel":{"body":"Wagon","tuner":"John Cooper Works ALL4","modelName":"Cooper Countryman John Cooper Works ALL4","niceName":"john-cooper-works-all4"},"trim":"John Cooper Works ALL4"},{"id":200491399,"name":"4dr Wagon (1.6L 4cyl 6M)","submodel":{"body":"Wagon","modelName":"Cooper Countryman Wagon","niceName":"wagon"},"trim":"Base"},{"id":200491402,"name":"S ALL4 4dr Wagon AWD (1.6L 4cyl Turbo 6M)","submodel":{"body":"Wagon","modelName":"Cooper Countryman Wagon","niceName":"wagon"},"trim":"S ALL4"},{"id":200491401,"name":"S 4dr Wagon (1.6L 4cyl Turbo 6M)","submodel":{"body":"Wagon","modelName":"Cooper Countryman Wagon","niceName":"wagon"},"trim":"S"}]},{"id":200708300,"year":2015,"styles":[{"id":200708304,"name":"S ALL4 4dr Wagon AWD (1.6L 4cyl Turbo 6M)","submodel":{"body":"Wagon","modelName":"Cooper Countryman Wagon","niceName":"wagon"},"trim":"S ALL4"},{"id":200708303,"name":"S 4dr Wagon (1.6L 4cyl Turbo 6M)","submodel":{"body":"Wagon","modelName":"Cooper Countryman Wagon","niceName":"wagon"},"trim":"S"},{"id":200708302,"name":"John Cooper Works ALL4 4dr Wagon AWD (1.6L 4cyl Turbo 6M)","submodel":{"body":"Wagon","tuner":"John Cooper Works ALL4","modelName":"Cooper Countryman John Cooper Works ALL4","niceName":"john-cooper-works-all4"},"trim":"John Cooper Works ALL4"},{"id":200708301,"name":"4dr Wagon (1.6L 4cyl 6M)","submodel":{"body":"Wagon","modelName":"Cooper Countryman Wagon","niceName":"wagon"},"trim":"Base"}]},{"id":200736666,"year":2016,"styles":[{"id":200736671,"name":"John Cooper Works ALL4 4dr Wagon AWD (1.6L 4cyl Turbo 6M)","submodel":{"body":"Wagon","tuner":"John Cooper Works ALL4","modelName":"Cooper Countryman John Cooper Works ALL4","niceName":"john-cooper-works-all4"},"trim":"John Cooper Works ALL4"},{"id":200736669,"name":"S 4dr Wagon (1.6L 4cyl Turbo 6M)","submodel":{"body":"Wagon","modelName":"Cooper Countryman Wagon","niceName":"wagon"},"trim":"S"},{"id":200736670,"name":"S ALL4 4dr Wagon AWD (1.6L 4cyl Turbo 6M)","submodel":{"body":"Wagon","modelName":"Cooper Countryman Wagon","niceName":"wagon"},"trim":"S ALL4"},{"id":200736668,"name":"4dr Wagon (1.6L 4cyl 6M)","submodel":{"body":"Wagon","modelName":"Cooper Countryman Wagon","niceName":"wagon"},"trim":"Base"}]}]},{"id":"MINI_Cooper_Coupe","name":"Cooper Coupe","niceName":"cooper-coupe","years":[{"id":100531652,"year":2012,"styles":[{"id":101401400,"name":"John Cooper Works 2dr Hatchback (1.6L 4cyl Turbo 6M)","submodel":{"body":"Hatchback","modelName":"Cooper Coupe Hatchback","niceName":"hatchback"},"trim":"John Cooper Works"},{"id":101304842,"name":"2dr Hatchback (1.6L 4cyl 6M)","submodel":{"body":"Hatchback","modelName":"Cooper Coupe Hatchback","niceName":"hatchback"},"trim":"Base"},{"id":101401399,"name":"S 2dr Hatchback (1.6L 4cyl Turbo 6M)","submodel":{"body":"Hatchback","modelName":"Cooper Coupe Hatchback","niceName":"hatchback"},"trim":"S"}]},{"id":200437417,"year":2013,"styles":[{"id":200437419,"name":"John Cooper Works 2dr Hatchback (1.6L 4cyl Turbo 6M)","submodel":{"body":"Hatchback","tuner":"John Cooper Works","modelName":"Cooper Coupe John Cooper Works","niceName":"john-cooper-works"},"trim":"John Cooper Works"},{"id":200437420,"name":"S 2dr Hatchback (1.6L 4cyl Turbo 6M)","submodel":{"body":"Hatchback","modelName":"Cooper Coupe Hatchback","niceName":"hatchback"},"trim":"S"},{"id":200437418,"name":"2dr Hatchback (1.6L 4cyl 6M)","submodel":{"body":"Hatchback","modelName":"Cooper Coupe Hatchback","niceName":"hatchback"},"trim":"Base"}]},{"id":200493420,"year":2014,"styles":[{"id":200493423,"name":"S 2dr Hatchback (1.6L 4cyl Turbo 6M)","submodel":{"body":"Hatchback","modelName":"Cooper Coupe Hatchback","niceName":"hatchback"},"trim":"S"},{"id":200493422,"name":"John Cooper Works 2dr Hatchback (1.6L 4cyl Turbo 6M)","submodel":{"body":"Hatchback","tuner":"John Cooper Works","modelName":"Cooper Coupe John Cooper Works","niceName":"john-cooper-works"},"trim":"John Cooper Works"},{"id":200493421,"name":"2dr Hatchback (1.6L 4cyl 6M)","submodel":{"body":"Hatchback","modelName":"Cooper Coupe Hatchback","niceName":"hatchback"},"trim":"Base"}]},{"id":200709232,"year":2015,"styles":[{"id":200709233,"name":"2dr Hatchback (1.6L 4cyl 6M)","submodel":{"body":"Hatchback","modelName":"Cooper Coupe Hatchback","niceName":"hatchback"},"trim":"Base"},{"id":200709234,"name":"S 2dr Hatchback (1.6L 4cyl Turbo 6M)","submodel":{"body":"Hatchback","modelName":"Cooper Coupe Hatchback","niceName":"hatchback"},"trim":"S"},{"id":200709235,"name":"John Cooper Works 2dr Hatchback (1.6L 4cyl Turbo 6M)","submodel":{"body":"Hatchback","tuner":"John Cooper Works","modelName":"Cooper Coupe John Cooper Works","niceName":"john-cooper-works"},"trim":"John Cooper Works"}]}]},{"id":"MINI_Cooper_Paceman","name":"Cooper Paceman","niceName":"cooper-paceman","years":[{"id":100537649,"year":2013,"styles":[{"id":200480622,"name":"John Cooper Works ALL4 2dr Hatchback AWD (1.6L 4cyl Turbo 6M)","submodel":{"body":"Hatchback","tuner":"John Cooper Works ALL4","modelName":"Cooper Paceman John Cooper Works ALL4","niceName":"john-cooper-works-all4"},"trim":"John Cooper Works ALL4"},{"id":101407244,"name":"2dr Hatchback (1.6L 4cyl 6M)","submodel":{"body":"Hatchback","modelName":"Cooper Paceman Hatchback","niceName":"hatchback"},"trim":"Base"},{"id":200461899,"name":"S ALL4 2dr Hatchback AWD (1.6L 4cyl Turbo 6M)","submodel":{"body":"Hatchback","modelName":"Cooper Paceman Hatchback","niceName":"hatchback"},"trim":"S ALL4"},{"id":200461897,"name":"S 2dr Hatchback (1.6L 4cyl Turbo 6M)","submodel":{"body":"Hatchback","modelName":"Cooper Paceman Hatchback","niceName":"hatchback"},"trim":"S"}]},{"id":200492527,"year":2014,"styles":[{"id":200492530,"name":"S ALL4 2dr Hatchback AWD (1.6L 4cyl Turbo 6M)","submodel":{"body":"Hatchback","modelName":"Cooper Paceman Hatchback","niceName":"hatchback"},"trim":"S ALL4"},{"id":200492529,"name":"S 2dr Hatchback (1.6L 4cyl Turbo 6M)","submodel":{"body":"Hatchback","modelName":"Cooper Paceman Hatchback","niceName":"hatchback"},"trim":"S"},{"id":200492531,"name":"John Cooper Works ALL4 2dr Hatchback AWD (1.6L 4cyl Turbo 6M)","submodel":{"body":"Hatchback","tuner":"John Cooper Works ALL4","modelName":"Cooper Paceman John Cooper Works ALL4","niceName":"john-cooper-works-all4"},"trim":"John Cooper Works ALL4"},{"id":200492528,"name":"2dr Hatchback (1.6L 4cyl 6M)","submodel":{"body":"Hatchback","modelName":"Cooper Paceman Hatchback","niceName":"hatchback"},"trim":"Base"}]},{"id":200709368,"year":2015,"styles":[{"id":200709372,"name":"John Cooper Works ALL4 2dr Hatchback AWD (1.6L 4cyl Turbo 6M)","submodel":{"body":"Hatchback","tuner":"John Cooper Works ALL4","modelName":"Cooper Paceman John Cooper Works ALL4","niceName":"john-cooper-works-all4"},"trim":"John Cooper Works ALL4"},{"id":200709371,"name":"S ALL4 2dr Hatchback AWD (1.6L 4cyl Turbo 6M)","submodel":{"body":"Hatchback","modelName":"Cooper Paceman Hatchback","niceName":"hatchback"},"trim":"S ALL4"},{"id":200709370,"name":"S 2dr Hatchback (1.6L 4cyl Turbo 6M)","submodel":{"body":"Hatchback","modelName":"Cooper Paceman Hatchback","niceName":"hatchback"},"trim":"S"},{"id":200709369,"name":"2dr Hatchback (1.6L 4cyl 6M)","submodel":{"body":"Hatchback","modelName":"Cooper Paceman Hatchback","niceName":"hatchback"},"trim":"Base"}]},{"id":200745062,"year":2016,"styles":[{"id":200745064,"name":"2dr Hatchback (1.6L 4cyl 6M)","submodel":{"body":"Hatchback","modelName":"Cooper Paceman Hatchback","niceName":"hatchback"},"trim":"Base"},{"id":200745068,"name":"John Cooper Works ALL4 2dr Hatchback AWD (1.6L 4cyl Turbo 6M)","submodel":{"body":"Hatchback","tuner":"John Cooper Works ALL4","modelName":"Cooper Paceman John Cooper Works ALL4","niceName":"john-cooper-works-all4"},"trim":"John Cooper Works ALL4"},{"id":200745067,"name":"S ALL4 2dr Hatchback AWD (1.6L 4cyl Turbo 6M)","submodel":{"body":"Hatchback","modelName":"Cooper Paceman Hatchback","niceName":"hatchback"},"trim":"S ALL4"},{"id":200745066,"name":"S 2dr Hatchback (1.6L 4cyl Turbo 6M)","submodel":{"body":"Hatchback","modelName":"Cooper Paceman Hatchback","niceName":"hatchback"},"trim":"S"}]}]},{"id":"MINI_Cooper_Roadster","name":"Cooper Roadster","niceName":"cooper-roadster","years":[{"id":100531653,"year":2012,"styles":[{"id":101420406,"name":"S 2dr Convertible (1.6L 4cyl Turbo 6M)","submodel":{"body":"Convertible","modelName":"Cooper Roadster Convertible","niceName":"convertible"},"trim":"S"},{"id":101420415,"name":"John Cooper Works 2dr Convertible (1.6L 4cyl Turbo 6M)","submodel":{"body":"Convertible","tuner":"John Cooper Works","modelName":"Cooper Roadster John Cooper Works","niceName":"john-cooper-works"},"trim":"John Cooper Works"},{"id":101304843,"name":"2dr Convertible (1.6L 4cyl 6M)","submodel":{"body":"Convertible","modelName":"Cooper Roadster Convertible","niceName":"convertible"},"trim":"Base"}]},{"id":200438514,"year":2013,"styles":[{"id":200438516,"name":"John Cooper Works 2dr Convertible (1.6L 4cyl Turbo 6M)","submodel":{"body":"Convertible","tuner":"John Cooper Works","modelName":"Cooper Roadster John Cooper Works","niceName":"john-cooper-works"},"trim":"John Cooper Works"},{"id":200438515,"name":"2dr Convertible (1.6L 4cyl 6M)","submodel":{"body":"Convertible","modelName":"Cooper Roadster Convertible","niceName":"convertible"},"trim":"Base"},{"id":200438517,"name":"S 2dr Convertible (1.6L 4cyl Turbo 6M)","submodel":{"body":"Convertible","modelName":"Cooper Roadster Convertible","niceName":"convertible"},"trim":"S"}]},{"id":200493713,"year":2014,"styles":[{"id":200493715,"name":"S 2dr Convertible (1.6L 4cyl Turbo 6M)","submodel":{"body":"Convertible","modelName":"Cooper Roadster Convertible","niceName":"convertible"},"trim":"S"},{"id":200493716,"name":"2dr Convertible (1.6L 4cyl 6M)","submodel":{"body":"Convertible","modelName":"Cooper Roadster Convertible","niceName":"convertible"},"trim":"Base"},{"id":200493714,"name":"John Cooper Works 2dr Convertible (1.6L 4cyl Turbo 6M)","submodel":{"body":"Convertible","tuner":"John Cooper Works","modelName":"Cooper Roadster John Cooper Works","niceName":"john-cooper-works"},"trim":"John Cooper Works"}]},{"id":200709219,"year":2015,"styles":[{"id":200709222,"name":"John Cooper Works 2dr Convertible (1.6L 4cyl Turbo 6M)","submodel":{"body":"Convertible","tuner":"John Cooper Works","modelName":"Cooper Roadster John Cooper Works","niceName":"john-cooper-works"},"trim":"John Cooper Works"},{"id":200709221,"name":"S 2dr Convertible (1.6L 4cyl Turbo 6M)","submodel":{"body":"Convertible","modelName":"Cooper Roadster Convertible","niceName":"convertible"},"trim":"S"},{"id":200709220,"name":"2dr Convertible (1.6L 4cyl 6M)","submodel":{"body":"Convertible","modelName":"Cooper Roadster Convertible","niceName":"convertible"},"trim":"Base"}]}]}],"modelsCount":6,"make":"MINI"}